Price,Close,High,Low,Open,Volume
Ticker,PSQ,PSQ,PSQ,PSQ,PSQ
Date,,,,,
2015-01-02,253.9622344970703,255.23992478566333,251.02356243011164,252.13088361568873,145080
2015-01-05,257.7527160644531,258.4341404606759,254.94178194201655,255.23991486336695,79980
2015-01-06,261.202392578125,262.30973939002433,256.9860316251242,257.4545075105687,159740
2015-01-07,257.9230041503906,260.05248742770453,257.2415798995177,259.5414322368843,89880
2015-01-08,252.8548126220703,255.87866803640617,252.38631077267658,255.62314047831148,71720
2015-01-09,254.51588439941406,255.9213644535723,252.00310920086397,252.08829374879392,71440
2015-01-12,257.1138000488281,257.79522425715606,253.96215459731005,253.96215459731005,84520
2015-01-13,257.32684326171875,259.3285633545553,252.04571271823644,254.8992263829458,104680
2015-01-14,258.64703369140625,260.8617014989845,257.4971075225994,259.9673289202841,84960
2015-01-15,262.05419921875,262.3097528013312,257.1138085581984,257.53970520116553,114680
2015-01-16,258.90264892578125,262.8208782936483,258.6470952748279,262.4801660870523,92460
2015-01-20,256.9008483886719,260.22283685167474,256.26200345368414,257.28413975286435,51600
2015-01-21,255.6231689453125,258.51926090311895,254.47324281649682,257.5822830946518,39440
2015-01-22,250.81056213378906,256.7305103154372,250.55500853216182,254.5158424080182,80680
2015-01-23,250.21426391601562,251.40676925149054,249.5328397227919,250.76792432234325,38660
2015-01-26,250.46981811523438,251.79011337262205,250.08652671380142,250.64018717898423,29820
2015-01-27,256.9008483886719,257.7952208997879,254.38804791318663,254.43065317231932,92060
2015-01-28,258.34893798828125,258.34893798828125,252.76970139660438,252.85488593889073,109740
2015-01-29,256.0065002441406,260.6913640223175,255.4102604509941,258.6044857542965,79260
2015-01-30,257.79522705078125,258.13593915863737,254.1751056661413,256.176825042464,61040
2015-02-02,255.5806884765625,261.20253207766916,255.4103453339112,257.1139327285083,81900
2015-02-03,253.1103973388672,256.0490948939135,252.94005425989135,254.77140482557527,44060
2015-02-04,253.3233184814453,254.60100841258375,251.66233716776628,254.13253250236693,62980
2015-02-05,251.15133666992188,252.85492379199064,250.9809675598444,252.64197540173205,34520
2015-02-06,252.68450927734375,253.5363026853204,250.17173432061568,250.81057937659818,40120
2015-02-09,253.4510955810547,253.8769922471258,252.25859011498946,253.62146464535095,30560
2015-02-10,249.44769287109375,252.30120585115043,249.1495599935349,251.8753091674008,64620
2015-02-11,248.6384735107422,249.6606359279717,248.08481303252208,249.23473925323776,25900
2015-02-12,245.65719604492188,247.275598205084,245.61461677544523,246.8923067957843,46360
2015-02-13,243.52772521972656,245.35907581092914,243.48514594805704,245.06096891989975,102040
2015-02-17,243.31478881835938,244.03881843498934,243.18702500240647,243.6981062608907,34560
2015-02-18,242.97406005859375,243.9110379694103,242.8036909858377,243.61290508942267,34220
2015-02-19,241.73892211914062,243.10179656411796,241.61115832625762,243.10179656411796,36800
2015-02-20,240.16311645507812,242.6758909376139,239.99274740776482,241.82409769038136,33580
2015-02-23,239.77987670898438,240.71685478315882,239.77987670898438,240.37614257291594,29520
2015-02-24,239.60943603515625,240.71678288102518,239.3964877180277,240.20570172098317,28460
2015-02-25,240.24830627441406,240.75938748825106,239.1409853066592,240.07796319958197,19100
2015-02-26,239.01321411132812,240.58903697415346,238.97060884793473,239.90758671188516,21380
2015-02-27,240.1205596923828,240.41869258806065,239.01323864520484,239.1410024591604,16380
2015-03-02,237.90591430664062,239.6946858567373,237.86333502948284,239.6946858567373,23580
2015-03-03,239.09837341308594,240.41864254024088,238.3743439584955,238.50210774585457,29840
2015-03-04,239.86500549316406,241.10009021747976,239.4816880990875,239.77982096173935,17680
2015-03-05,239.48167419433594,240.41865199626645,238.80024997184162,239.35391040195174,33060
2015-03-06,242.2926483154297,242.76112429778462,239.35395062342974,239.90761114657798,48660
2015-03-09,241.52597045898438,242.63331730288036,240.88712550873703,241.7389187757335,33180
2015-03-10,245.91273498535156,245.95531425228978,243.2721705684712,243.2721705684712,36800
2015-03-11,247.36074829101562,247.44593281277602,245.3164497420981,245.61458257092627,45320
2015-03-12,245.61460876464844,247.57372300073652,245.44423970295853,247.57372300073652,41400
2015-03-13,246.84971618652344,248.29777536007688,245.01836558091514,245.9127642450528,44180
2015-03-16,243.65548706054688,246.04052413220907,243.6129077892214,245.91276032356154,28620
2015-03-17,243.27212524414062,244.76276323461371,242.84622867543405,244.3368666659071,27520
2015-03-18,240.7594451904297,244.97583372177763,239.77988779269856,243.69814337829965,58460
2015-03-19,240.46124267578125,240.80198079786953,239.77981842094283,240.41866340785475,19280
2015-03-20,238.71507263183594,238.84283642806645,237.65033100546736,238.50212430656222,83060
2015-03-23,239.31143188476562,239.31143188476562,238.33184840986289,238.88553506773965,19220
2015-03-24,240.20571899414062,240.20571899414062,238.24660473354558,239.22616186384312,26160
2015-03-25,245.65719604492188,245.6998013090685,239.60945808304967,239.82240641977285,65960
2015-03-26,246.46641540527344,248.3829504768624,245.1461200924876,247.48855184665186,67560
2015-03-27,245.48687744140625,246.8497261365414,244.89061164128017,246.4238294206435,18280
2015-03-30,242.59072875976562,243.91102401139284,242.5055702229317,243.91102401139284,39300
2015-03-31,245.10350036621094,245.14607962957228,242.84625352006876,243.27215013234715,18060
2015-04-01,246.63668823242188,247.99956242741203,245.10347100972243,245.10347100972243,46360
2015-04-02,246.2108917236328,246.93492137094424,245.61465189236213,246.16831244806838,16200
2015-04-06,244.33697509765625,247.87191298772134,243.61294541061275,247.87191298772134,25420
2015-04-07,244.67764282226562,244.67764282226562,242.67592322600404,244.4646944821244,45320
2015-04-08,242.84628295898438,244.59244888313734,242.46296556359988,244.54986961461435,23820
2015-04-09,241.2705078125,243.61293992718447,241.1427439869976,242.8037257078782,22480
2015-04-10,240.24830627441406,241.82412918596546,240.24830627441406,241.22788943204762,19120
2015-04-13,240.88717651367188,241.05754560101178,238.80029816445992,240.07798833549,27840
2015-04-14,241.52597045898438,242.76108109399632,240.418649609756,240.84454624325423,43120
2015-04-15,240.03533935546875,241.05750170402453,239.5242841758592,240.71678958606205,68520
2015-04-16,240.33346557617188,240.88712600191963,239.95017420203928,240.5890191535946,41740
2015-04-17,244.0387725830078,245.06093490792418,242.07965845403052,242.50555509030104,55900
2015-04-20,240.418701171875,242.93150224629704,239.99280444703552,242.76113315849202,39420
2015-04-21,239.31143188476562,239.5669595771097,238.75774522688886,238.92811435157074,20940
2015-04-22,238.03366088867188,240.24830279208095,237.6929227546059,238.75766443688715,92240
2015-04-23,237.18190002441406,238.9280662246212,236.159737471573,238.9280662246212,33180
2015-04-24,233.9449920654297,234.88196976387405,233.6468592530158,234.75420598560095,59980
2015-04-27,234.54132080078125,234.96721750606878,232.70997016697922,233.09326160493484,39700
2015-04-28,235.0523681640625,236.84111327269108,233.9024420266097,234.45610246474084,36540
2015-04-29,236.4152374267578,237.69292747084697,234.96720430692577,236.3726581564897,39080
2015-04-30,240.1205596923828,241.27048600732746,236.8411498292711,237.65036397544347,90960
2015-05-01,236.9263153076172,239.22616775246595,236.79855150394116,239.01321941478255,51480
2015-05-04,236.54299926757812,236.62815779804862,235.13751958947105,236.03191811141804,49120
2015-05-05,240.3760528564453,240.46121138121543,237.05403856110803,237.5225404206722,62320
2015-05-06,242.037109375,243.65551176955626,239.35396514262067,240.0779947912751,89400
2015-05-07,240.58908081054688,242.07971941285592,239.9502356952716,242.03711414169965,64900
2015-05-08,237.6503448486328,238.374374395672,237.13926363927163,237.99105698998358,26880
2015-05-11,238.54470825195312,238.6298927826669,236.96891140975887,237.650335666131,26400
2015-05-12,239.5242919921875,241.69635456041343,238.4169450793383,239.99276792034001,57320
2015-05-13,239.1835479736328,239.353917031309,237.35219757962236,238.37435993634233,33900
2015-05-14,235.5208740234375,237.94849040127522,235.39311021295583,237.05409173856054,46080
2015-05-15,235.5208740234375,236.15971907051735,234.66908062733106,234.9246082482944,32800
2015-05-18,234.4986572265625,236.07447984324057,234.07276062717196,235.86153154354528,87680
2015-05-19,234.79678344726562,235.09491625739454,233.90241101154362,234.1579385661314,22740
2015-05-20,234.66908264160156,235.81900893514992,233.26362872489656,234.41355501844492,28500
2015-05-21,233.4339141845703,235.30786960736387,233.1358073627005,235.05234204728535,47640
2015-05-22,233.47653198242188,233.6894802921478,232.83768705324417,233.56171650524558,13180
2015-05-26,236.28746032714844,237.18185890449197,233.77468564528388,234.15797704014335,39220
2015-05-27,232.45437622070312,235.98931306241272,232.24142790500176,235.52083716573662,85840
2015-05-28,233.00811767578125,233.6469628450565,232.4544570613447,232.96553839570015,40880
2015-05-29,234.24317932128906,234.79683981893248,232.75254090742632,233.05067378913307,42820
2015-06-01,233.64694213867188,235.39313437674474,232.88033320241573,233.0507022969945,35440
2015-06-02,234.28573608398438,235.47826749624195,233.220994462089,234.32834134566127,32140
2015-06-03,233.64694213867188,234.03025960413706,232.66738483152935,233.22104539689911,18680
2015-06-04,235.3079071044922,236.03193663297836,233.39137211450083,234.8394311714732,33500
2015-06-05,235.77633666992188,237.2243954421201,235.05233327848708,235.520809119376,69680
2015-06-08,238.24658203125,238.67247865554992,235.86154533837015,235.90415059760036,50260
2015-06-09,238.54470825195312,240.3760846809579,237.82070472755862,238.7150773133807,45060
2015-06-10,235.43568420410156,238.0762488717384,234.75425990036925,237.94848506412245,58780
2015-06-11,235.00982666015625,235.43572341959643,233.98769003430496,234.49874534989297,32020
2015-06-12,236.8837432861328,237.22445543791736,235.81900156513677,236.28747752450667,58920
2015-06-15,238.0762481689453,239.99278326153967,237.77811528894088,238.84285700704888,43060
2015-06-16,236.8837432861328,238.45956623214113,236.415241332092,238.45956623214113,20120
2015-06-17,236.11715698242188,237.5226109893476,235.43570661914003,236.33010534694617,54980
2015-06-18,232.88031005859375,235.43569025527475,232.3266495482472,235.30792644437503,89900
2015-06-19,233.98770141601562,233.9877014160156,232.49706268546683,232.71001107554522,40140
2015-06-22,232.19883728027344,232.53954936979412,231.43222858018538,232.1136527592267,64840
2015-06-23,231.8581085205078,232.83766545545092,231.8155032657146,231.94326704076556,27340
2015-06-24,233.05067443847656,233.09325370969432,231.2193238667053,232.15627579086427,32040
2015-06-25,233.56175231933594,233.945043738816,232.0285086574035,232.3266415356685,32140
2015-06-26,234.96714782714844,235.94670475989022,233.3913252859564,233.6042735754509,71460
2015-06-29,240.5038299560547,240.71677826910332,236.41520674872075,237.8206864105754,77840
2015-06-30,239.60943603515625,240.46122930367036,238.37435139261132,238.71506350108345,53880
2015-07-01,237.82073974609375,238.88548155012413,237.01152557716148,237.30965848122457,26540
2015-07-02,237.73553466796875,238.45956423110454,237.096689640732,237.30963798314423,23760
2015-07-06,238.28919982910156,239.82241752664822,237.05408902103756,239.2687570244603,52600
2015-07-07,237.86328125,242.42038064656134,237.52256912574666,238.11880884452282,49820
2015-07-08,241.99449157714844,242.33520371208036,239.18355797595345,239.524296105555,139300
2015-07-09,241.95188903808594,241.95188903808594,238.50213639171656,238.50213639171656,88460
2015-07-10,238.20404052734375,239.65209983540348,237.43743159735433,238.67254253626845,69740
2015-07-13,234.20057678222656,236.15969096222435,233.90244393013947,236.11711169535553,93300
2015-07-14,232.53956604003906,233.81725596333598,231.9007210783906,233.64688690902918,62900
2015-07-15,232.241455078125,232.92290536490216,231.43226698058214,232.02850673750785,51340
2015-07-16,228.91952514648438,230.79348142462416,228.91952514648438,230.23979480062113,67200
2015-07-17,225.72523498535156,227.4288216644863,225.6826557162411,227.2584525987049,70600
2015-07-20,224.74569702148438,225.76783351938295,224.06424669487998,225.25677826776965,86360
2015-07-21,225.00120544433594,225.59747117989187,224.4901242416694,224.703072576558,34800
2015-07-22,227.4288330078125,228.450995464143,226.40667055148197,228.450995464143,76820
2015-07-23,228.3232421875,228.91950804819328,226.5344965947706,227.17334173350972,31760
2015-07-24,230.53785705566406,230.87856918502078,227.21586830376498,227.21586830376498,64800
2015-07-27,232.41183471679688,232.9229159564522,230.92119626469403,231.98593801619606,229400
2015-07-28,230.49533081054688,233.2636597397329,229.98424950160825,231.5174674337489,37680
2015-07-29,229.38792419433594,230.62303487129242,229.13239660342626,229.85642610389493,42460
2015-07-30,228.45098876953125,231.43226551934788,228.1102506309588,230.02678568441237,36080
2015-07-31,228.7490692138672,229.17496584319457,227.68432764054876,227.85469669014662,50320
2015-08-03,229.3453369140625,230.8785543952867,228.06764701481978,228.74907122988222,40140
2015-08-04,229.941650390625,230.7934438338284,229.21762076496753,229.64351748656924,32360
2015-08-05,228.15284729003906,228.83427155214102,226.57702443992525,228.49355942109003,67000
2015-08-06,231.64520263671875,232.75252354942478,227.64176365446943,227.9398965139423,73720
2015-08-07,231.9859161376953,233.94503037782707,231.51741421441565,232.3266282671092,49220
2015-08-10,229.43052673339844,230.4526630795764,228.83426103546017,230.4526630795764,56700
2015-08-11,232.32664489746094,233.5191504331058,229.72868548071062,230.6656374050002,85140
2015-08-12,231.56005859375,236.24492264992614,231.0489773159597,234.03025444261723,257620
2015-08-13,231.9859161376953,232.2840489989334,230.1119604339151,231.09151755398096,78100
2015-08-14,231.51744079589844,232.83773619163605,231.13414935430148,232.24147040070008,51200
2015-08-17,229.55828857421875,232.49698578314735,229.5157093081575,232.24143220277605,54820
2015-08-18,230.62306213378906,230.92119502153898,229.6860841985771,229.98421708632702,19280
2015-08-19,232.15628051757812,233.5191551550181,230.2823506364358,231.34709238526835,220940
2015-08-20,238.54470825195312,238.6298927826669,233.73208120531834,234.45611072438194,270720
2015-08-21,248.85137939453125,248.85137939453125,239.9927352702673,242.16479754299263,221620
2015-08-24,258.4766540527344,274.4903556361223,248.851375403373,269.3795964931689,352060
2015-08-25,259.79693603515625,259.79693603515625,247.53111868029856,249.23470514610287,212420
2015-08-26,246.59417724609375,257.45454256522225,246.08309603214187,251.96046500591262,241980
2015-08-27,240.3760528564453,245.91270868911988,240.1631045551886,242.76106343265423,156000
2015-08-28,240.3760528564453,242.07963926649902,239.6946026956244,241.56855814454977,94440
2015-08-31,243.27212524414062,243.82578558452647,240.41861303487372,241.78148725366754,65240
2015-09-01,250.64015197753906,251.9178417922079,245.74234102130848,249.40504142549284,139420
2015-09-02,243.9535369873047,249.27724382621525,243.91095773045834,246.63668003518316,111780
2015-09-03,245.01834106445312,245.7423705787837,241.35564021972533,242.8888577838744,144620
2015-09-04,248.21263122558594,249.3199784193436,246.50904415335174,248.51076416216208,146800
2015-09-08,240.84457397460938,244.209168164519,240.63162563334095,243.1444264581768,234620
2015-09-09,243.65548706054688,244.25175282713022,237.99106625668978,237.99106625668978,125080
2015-09-10,241.18527221679688,244.08136429214696,239.43910631693453,244.08136429214696,84460
2015-09-11,239.86500549316406,242.76109759891906,239.82240023011704,242.2074371366624,95080
2015-09-14,240.5038299560547,241.31301794883922,238.71505892751279,238.88542797581854,43340
2015-09-15,237.60772705078125,240.67416182038457,236.7985131009512,239.86497386522043,101600
2015-09-16,236.33004760742188,238.28916168453063,236.0319147709922,237.5225529584736,46760
2015-09-17,236.0745086669922,237.0966710281976,232.6247561885941,236.500405318383,109820
2015-09-18,239.5242919921875,239.86500412126836,236.71335843926488,239.77981959033085,108320
2015-09-21,238.71507263183594,240.84455588457308,236.79853770437248,238.0762276560148,119660
2015-09-22,242.20742797851562,244.3794904770363,241.56858300898972,242.33519177348714,83420
2015-09-23,242.20742797851562,243.2721695943921,241.01492256766764,241.52597774755367,73380
2015-09-24,242.88888549804688,246.46642821549244,242.07969735589813,244.54989304429057,133720
2015-09-25,244.9757537841797,246.38120750445904,240.0779423990435,240.12052166539485,106160
2015-09-28,252.00306701660156,252.68449129662483,246.0830928545531,246.1256981187233,122120
2015-09-29,253.1956024169922,255.06955840045396,248.76626608954058,251.40683097726466,117100
2015-09-30,247.5312042236328,250.64024539923366,247.14788673849105,249.66068804180813,100720
2015-10-01,246.38125610351562,250.25690591401624,246.38125610351562,247.02010119280737,105220
2015-10-02,241.99449157714844,250.46981966025947,241.99449157714844,249.83097465926105,154940
2015-10-05,238.54470825195312,240.71679680914394,237.94846852629476,240.12053108881648,403400
2015-10-06,239.69461059570312,241.48338158414862,238.33173622380812,239.14095019312074,75880
2015-10-07,238.3317413330078,241.1852539240014,237.7355016538552,238.20397754423706,67820
2015-10-08,237.35220336914062,241.35564237016618,236.9263067092302,239.1409745396982,153380
2015-10-09,236.24493408203125,237.73557271749337,235.81903732904206,237.0115430384768,122960
2015-10-12,235.6912384033203,236.37266270875642,235.1801571769077,235.8190022112557,17920
2015-10-13,237.18190002441406,237.3096638448508,234.58391436705702,236.8837671136126,32920
2015-10-14,237.5225372314453,238.41690968684847,235.9892938861845,237.18182515294248,73720
2015-10-15,233.64694213867188,236.88377297294943,233.56178358605666,236.79858842566006,103160
2015-10-16,232.5821533203125,234.15797614561006,232.45438952251408,232.96547070837667,57240
2015-10-19,231.13412475585938,233.3487926076328,231.04894022412398,233.00805448069116,47840
2015-10-20,232.41183471679688,233.09325903988952,231.17672388718586,231.73038439903257,39220
2015-10-21,233.7321014404297,233.85986525022685,230.96377291791535,231.17672126580106,46000
2015-10-22,229.08982849121094,232.32663277545757,228.8768801568613,231.81555157408448,98040
2015-10-23,222.61618041992188,224.10681866991894,221.72178187312278,222.78652348026353,195280
2015-10-26,222.48843383789062,223.63833406682537,222.06253716208658,222.87172524931214,108280
2015-10-27,222.0199737548828,223.0847156451275,221.72184082667928,222.91437253949337,82720
2015-10-28,220.18858337402344,223.38280847132552,220.18858337402344,221.76440628762654,114300
2015-10-29,220.44412231445312,221.38110025675516,220.18859469140338,221.08296736674927,53980
2015-10-30,221.33851623535156,221.4237007727643,220.06082615817385,220.40153831315368,66320
2015-11-02,218.9534912109375,221.29592314800894,218.7405428530219,220.78486788474962,70740
2015-11-03,218.27206420898438,219.6349388820042,217.42027078768103,219.46456979987462,79360
2015-11-04,218.14427185058594,218.9960651604323,217.37765007332354,217.42024233828275,54500
2015-11-05,218.7405242919922,219.84787125599385,217.50543951768734,217.84615166250694,33320
2015-11-06,218.61276245117188,220.52929752700567,218.39981410941257,219.2090282059662,59040
2015-11-09,220.78488159179688,222.14773037132866,219.16645317542302,219.37940154655914,63000
2015-11-10,221.42369079589844,222.70138081550624,221.2533217287494,222.14769434460686,71220
2015-11-11,221.80697631835938,222.0625299123007,219.84786207148912,220.78483992660202,47860
2015-11-12,223.9364471435547,224.02163167011946,221.59401563369602,222.74394175565112,117380
2015-11-13,228.19544982910156,228.36581890933545,224.61793309623792,224.70309164168285,93660
2015-11-16,225.00120544433594,229.0046445381091,224.95862617522616,228.57874786833196,63160
2015-11-17,224.83087158203125,225.29934754010642,223.34023317675644,224.5327387020421,56820
2015-11-18,220.52928161621094,224.02163936803032,220.31633328981547,224.02163936803032,49140
2015-11-19,220.4014892578125,220.7422013369591,219.3793270257072,220.4866737762655,28560
2015-11-20,218.910888671875,219.46454914467924,218.69794033659107,219.2516008093953,94040
2015-11-23,219.42198181152344,220.35895973667604,217.97392265495384,218.69795223323865,56280
2015-11-24,219.677490234375,221.9347373150002,219.1664090476165,220.9551802039367,60580
2015-11-25,219.50718688964844,219.72013525644294,219.08129015605942,219.46458161948533,27900
2015-11-27,219.1238555908203,219.84788519112382,218.69795888413262,218.91090723747647,31760
2015-11-30,219.72012329101562,220.35896835660918,218.44243315982848,218.44243315982848,36660
2015-12-01,217.4202423095703,218.99606513151176,217.4202423095703,218.82569607169742,46960
2015-12-02,218.7831268310547,219.08125970205893,216.3981028550257,217.29248847070346,69440
2015-12-03,222.44583129882812,223.76612660679845,217.93133687786369,218.27204902374714,113800
2015-12-04,217.33502197265625,222.27543795195635,216.95171764589415,221.89212062786197,85960
2015-12-07,218.27206420898438,219.29422671241733,217.1221378912904,217.2073224323552,54640
2015-12-08,218.01649475097656,220.61446694184352,217.548005831749,220.61446694184352,37520
2015-12-09,221.59405517578125,222.78656077648006,218.01652537634862,219.25162324793016,100580
2015-12-10,220.44412231445312,221.55146933523613,219.12385293757646,221.08296736674927,31100
2015-12-11,225.64002990722656,225.72521443236093,222.5309896998275,223.1698346463342,111940
2015-12-14,223.9364471435547,228.36578257824547,223.76610408509293,225.12895253145825,147780
2015-12-15,222.531005859375,222.70137492201545,220.6144708806818,221.9773453977975,71260
2015-12-16,219.29420471191406,223.1698539921542,218.8683080439901,221.12555518505314,76660
2015-12-17,222.44583129882812,222.44583129882812,218.22946975351314,218.22946975351314,65640
2015-12-18,226.53443908691406,226.53443908691406,222.65876396563397,223.25502967495973,57160
2015-12-21,224.19203186035156,226.23633080849157,224.19203186035156,224.532744019263,61740
2015-12-22,222.78652954101562,224.14940403416549,222.40323814881867,222.91431933308348,48960
2015-12-23,221.04039001464844,221.93476269776377,220.91262620201366,221.55147125985945,38400
2015-12-24,221.08294677734375,221.21073657163933,220.52928631585038,221.04036750902478,40200
2015-12-28,221.2107391357422,223.16985340517166,221.2107391357422,221.76439960365315,46140
2015-12-29,217.8035430908203,219.97561859412068,217.24988264760034,219.72009100330175,76720
2015-12-30,219.59234619140625,219.67753073735003,217.84617997559064,218.05912834311323,50220
2015-12-31,222.3180694580078,222.3180694580078,220.06082222757902,220.40153437647325,43560
2016-01-04,227.00296020507812,229.72870971235196,227.00296020507812,227.25848784871525,71020
2016-01-05,227.684326171875,228.49354016024412,225.72521208747324,225.85297587651382,45280
2016-01-06,229.7286834716797,231.43227022046582,228.4083881445679,231.3044804185702,93060
2016-01-07,236.8837432861328,236.9263225571043,231.68779848873797,234.583890770913,249300
2016-01-08,238.71507263183594,239.01320548615286,233.68949735430996,235.13753036937007,186740
2016-01-11,237.94850158691406,241.6963875070313,236.3726785311055,237.09670815076595,179000
2016-01-12,235.18017578125,238.5873495673031,234.03024942952248,235.81902086613496,122120
2016-01-13,243.485107421875,243.69805573587092,233.77466950259424,234.28572466045065,237220
2016-01-14,238.20404052734375,246.29607855487689,236.07455683588765,242.37782336366288,220540
2016-01-15,245.52951049804688,248.5533674454247,243.14449876445408,246.25354027260556,231000
2016-01-19,245.01834106445312,247.8292745916184,241.909300673742,242.2500127997008,223660
2016-01-20,245.65719604492188,254.26031404747218,243.22957980734367,248.89402635991615,441220
2016-01-21,245.4016571044922,247.95703702714638,241.95187861210772,244.84799665351753,412700
2016-01-22,238.37435913085938,241.440820195989,238.37435913085938,240.67418543370525,223500
2016-01-25,241.95188903808594,242.20744263816474,237.99105518622892,239.01321759720423,97640
2016-01-26,239.69461059570312,242.97401974207548,238.84281736260206,241.0574849675981,116000
2016-01-27,245.74241638183594,246.72197367454453,240.16317954469324,241.227921383436,179220
2016-01-28,242.25,246.42378181047147,241.56857578408662,241.73891884073117,177380
2016-01-29,237.3096466064453,242.37780174321983,237.1392775284564,242.12227412090812,172300
2016-02-01,236.71339416503906,239.22619523625744,235.6486523542979,238.331796518431,91200
2016-02-02,241.6112518310547,242.33528159715226,237.6504167508101,237.6504167508101,144680
2016-02-03,242.93153381347656,247.02013250534966,240.0354149125002,240.0354149125002,359080
2016-02-04,242.93153381347656,245.74244216480474,240.9723930278351,243.6981428188682,589060
2016-02-05,251.3642578125,252.21605128120066,243.69811659419403,243.78330113999885,296280
2016-02-08,255.28250122070312,259.66923218372256,254.08996962365723,256.0065048400449,479920
2016-02-09,256.04913330078125,258.9452260244886,252.13087797121258,258.56190854862183,341460
2016-02-10,254.85653686523438,255.11206442839824,249.66059312535558,252.85481763823202,190520
2016-02-11,255.23983764648438,258.90256415346386,253.3659081264483,258.13592944629767,297880
2016-02-12,251.3642578125,254.8140109628682,251.23649399112963,252.21605128120066,147760
2016-02-16,246.04051208496094,249.14955258495027,245.9553275518099,247.91444184093473,167940
2016-02-17,240.33346557617188,244.54985265430395,239.90756894180169,243.91100770274863,167720
2016-02-18,242.93153381347656,243.22964076386248,239.3539904620802,239.60951813231856,142620
2016-02-19,242.12228393554688,244.67766424093523,241.52601813308718,243.91105534825326,115280
2016-02-22,238.3317413330078,240.12051235979985,238.03363449076505,239.90756404695952,139340
2016-02-23,242.20742797851562,242.33519177348714,239.0557823976539,239.73723262861586,152440
2016-02-24,239.82240295410156,246.4664065606542,239.6094546204557,244.8480044238796,191140
2016-02-25,237.5225372314453,241.48337038270478,237.5225372314453,239.4816511788357,159560
2016-02-26,237.90591430664062,238.33181105691722,235.64866672910958,235.7764305552576,156780
2016-02-29,239.90765380859375,239.90765380859375,236.2875311358368,237.99111827595772,106160
2016-03-01,232.15628051757812,238.33178266080685,232.15628051757812,237.8207274171045,422540
2016-03-02,232.19883728027344,233.94500298573325,232.1136527592267,232.70991841188754,127860
2016-03-03,232.62478637695312,234.243188663329,232.36923275615354,232.45441729642005,131760
2016-03-04,232.4970245361328,233.9876630220898,231.00638605017582,232.2414709131654,210140
2016-03-07,233.85984802246094,235.5634346800485,232.36920969707185,233.6043204216906,158260
2016-03-08,235.8616485595703,236.2875453702574,233.51921610079137,235.64870015422676,204280
2016-03-09,234.28573608398438,236.2448762650729,234.28573608398438,234.79681726142783,171480
2016-03-10,234.66908264160156,237.69293882586604,231.98593861976988,233.476577075751,217580
2016-03-11,230.62306213378906,232.88030943588723,230.62306213378906,232.0711213059049,126880
2016-03-14,230.19717407226562,231.4748642151274,229.6435135426267,231.38967967333545,93100
2016-03-15,230.32493591308594,231.6452313128613,230.0268030167062,231.09154479329652,51480
2016-03-16,228.28062438964844,230.87858378427424,227.64177935870725,230.83600451341317,103820
2016-03-17,228.40843200683594,229.686122313786,227.81219212706475,228.8343287758193,97920
2016-03-18,227.93988037109375,229.1323857298622,227.38621995395133,227.55656300825126,99520
2016-03-21,227.00296020507812,228.4935987805336,226.87519638325955,228.28065041261138,85220
2016-03-22,226.49185180664062,228.40838688848547,225.85300677935902,228.40838688848547,60120
2016-03-23,228.28062438964844,228.70652107694255,226.70480144772603,226.8325652549801,52680
2016-03-24,228.15284729003906,229.68606487710315,228.11024202698934,229.34535274605216,106440
2016-03-28,228.40843200683594,228.8343287758193,227.59924374257307,227.59924374257307,41340
2016-03-29,224.8734588623047,229.13242588621196,224.66051051110932,228.7491084561916,74000
2016-03-30,223.80868530273438,224.1920026782847,222.31804705618904,223.5105524544917,97320
2016-03-31,224.0216522216797,224.36236436452768,223.08467433284508,223.89388841744548,51060
2016-04-01,221.67922973632812,225.6826690669949,221.55146592676883,225.29935164364568,92460
2016-04-04,222.531005859375,222.95690252130683,221.46626420454547,221.67921253551137,56260
2016-04-05,224.617919921875,224.87344753256653,223.4253884195265,224.2771817813923,79260
2016-04-06,220.95516967773438,224.4475272937625,220.91259041197836,224.4475272937625,52980
2016-04-07,224.1494140625,225.00120740949384,221.89216689190027,222.23287903176382,107240
2016-04-08,224.36236572265625,225.04381600714746,222.23288232362825,222.70138426821666,58300
2016-04-11,225.08639526367188,225.08639526367188,222.14769777532248,223.16986020466237,87020
2016-04-12,223.21243286132812,226.27889406382283,222.7865361941669,224.916019529973,68460
2016-04-13,220.2737579345703,221.67921171480816,220.01820434155576,221.46626338463062,95020
2016-04-14,220.2737579345703,220.82741839409803,219.50714914486505,220.23115267173327,30040
2016-04-15,220.82742309570312,221.38108356701878,220.0608142896761,220.65705403006612,40240
2016-04-18,219.677490234375,221.59402518871755,219.5923057041371,221.59402518871755,113700
2016-04-19,220.95516967773438,222.14767506024774,218.99605554893864,218.99605554893864,78240
2016-04-20,220.91259765625,221.7217856948236,219.84785603075684,220.91259765625,60980
2016-04-21,220.78488159179688,221.72183362905645,220.14603647838854,220.95522469190126,65080
2016-04-22,224.19203186035156,225.81043411118443,222.70139341977654,223.59576608625298,97740
2016-04-25,224.10679626464844,225.21411702750223,224.10679626464844,224.9585894652023,77340
2016-04-26,225.17160034179688,225.89562996241264,223.2976443819293,223.59577728390906,61900
2016-04-27,226.9603729248047,228.83430289962513,226.53447620398103,227.5566127371541,91180
2016-04-28,229.6434783935547,230.15455957140816,225.4270911695991,226.87515017440586,77160
2016-04-29,230.9637908935547,232.75256235394696,229.34538852259917,229.98423361597688,137860
2016-05-02,228.7917022705078,231.30447709202699,228.53614866506268,230.45268372988414,88320
2016-05-03,230.92117309570312,231.47483355199947,229.43053479316035,230.32490737681837,239880
2016-05-04,232.4970245361328,232.92292124640622,231.47486203360768,232.15628637217625,118260
2016-05-05,232.4970245361328,232.96550051956467,231.0915445964927,231.47486203360768,47200
2016-05-06,231.21929931640625,233.85983772364625,231.21929931640625,233.7746791902527,135180
2016-05-09,230.58038330078125,231.2618073259771,229.51564201475003,231.21922807239997,83140
2016-05-10,227.301025390625,230.06935334874004,227.301025390625,229.64345673979926,116600
2016-05-11,229.47312927246094,229.51573453787353,227.08811822816182,227.7269632573138,121560
2016-05-12,230.41012573242188,232.07113333982232,228.66395957668115,228.8343026680345,104260
2016-05-13,231.2618865966797,231.68778325707873,229.26016709387034,230.3675140077094,103700
2016-05-16,228.40843200683594,231.04899717346788,227.55663846886924,230.8360487889762,67840
2016-05-17,230.0693817138672,231.85815289088828,227.9824776748977,228.49355886757078,96780
2016-05-18,230.3675537109375,232.19890446734792,229.13244278504453,231.73040246336237,113100
2016-05-19,231.60256958007812,233.2635767444729,230.75077636647384,231.2618574935696,151660
2016-05-20,229.00469970703125,230.66568152250304,228.15290616227358,230.5379176897246,102780
2016-05-23,229.47312927246094,229.51573453787353,227.98249087110628,228.79170497256712,53280
2016-05-24,224.74569702148438,228.0676861303307,224.44756412826197,228.02510685758693,152800
2016-05-25,223.08465576171875,224.19200262712917,222.40323153274932,223.76610598535626,143940
2016-05-26,222.44583129882812,223.3402299257765,222.10511915294467,222.82914870961608,51960
2016-05-27,221.33851623535156,222.27549415754945,221.25333169793882,222.23288889150749,58740
2016-05-31,220.69970703125,221.93479204292356,220.48675865047778,220.9126554120222,64080
2016-06-01,220.82742309570312,221.6366371654743,220.31634189346187,221.50884736891166,77000
2016-06-02,220.4014892578125,222.40320846546388,220.4014892578125,221.29586171490558,76420
2016-06-03,221.381103515625,222.78655745243134,220.6996791810135,220.8700222673303,86900
2016-06-06,220.5718994140625,221.2959029692194,219.9756336684001,220.9551908265567,74420
2016-06-07,221.12559509277344,221.25335891727494,220.2311963319144,220.40156542769927,82000
2016-06-08,220.78488159179688,221.55149052895206,220.3163795784929,220.82746086815442,56360
2016-06-09,221.2107391357422,222.0199272058676,220.87000100656348,221.59403053906382,57220
2016-06-10,223.72354125976562,224.36238633817425,222.74398400514028,223.0421169073322,159200
2016-06-13,225.59750366210938,225.7252674825044,223.6809683721636,224.95865856546078,121700
2016-06-14,225.51229858398438,227.13070081587006,224.66050519934234,226.1085643511023,116380
2016-06-15,226.10855102539062,226.44926316023333,224.66049195897205,224.87344029258244,122060
2016-06-16,225.46974182128906,228.70654660819096,225.25679345386988,227.34367185777353,822680
2016-06-17,228.06764221191406,228.62130262432612,225.85297456759886,225.85297456759886,109740
2016-06-20,226.5770263671875,226.8325539689819,224.36235850451416,225.29933636887628,108420
2016-06-21,225.938232421875,226.74744666819296,225.46975638117013,226.27894463281265,86280
2016-06-22,226.40670776367188,226.619656144185,224.49017233905386,225.81046789504038,111260
2016-06-23,223.25503540039062,225.64004630952053,223.21243013739263,224.57530465461087,685860
2016-06-24,232.32664489746094,232.83772612550047,227.89730891401305,231.17671863303974,375720
2016-06-27,236.8837432861328,238.03366954374272,233.9024664673439,233.9024664673439,387280
2016-06-28,231.8581085205078,234.498646520442,231.77292400558574,234.41348800018423,247860
2016-06-29,227.76959228515625,230.11202457042646,227.3011162259728,230.02684001566314,281100
2016-06-30,225.00120544433594,228.1102459347752,225.00120544433594,227.2158733261111,182780
2016-07-01,224.0216522216797,225.25676298350763,223.16985886722463,225.25676298350763,151260
2016-07-05,225.38455200195312,226.53447835804602,224.8734707331704,225.1289983702252,134300
2016-07-06,223.55316162109375,227.08809861143948,223.4253718305657,226.44925363747333,184040
2016-07-07,222.82916259765625,223.80871982612445,222.36066062253,223.3402438456703,124480
2016-07-08,219.2515869140625,221.93473056965854,219.2515869140625,221.59401845373128,118680
2016-07-11,218.10169982910156,218.6127810918369,217.29251165822075,218.57020181772265,115880
2016-07-12,216.95175170898438,217.24988456401533,216.39809126088045,216.82398791244788,205800
2016-07-13,217.5480499267578,217.5480499267578,216.35554425186348,216.35554425186348,108280
2016-07-14,215.9722442626953,216.5259048380893,215.63151906470588,216.01483653711114,88360
2016-07-15,216.31289672851562,216.823977885696,215.46110346477087,215.58888025273282,113680
2016-07-18,214.8648681640625,216.22774269525607,214.56673529869678,216.185150429156,97760
2016-07-19,215.75926208496094,216.05738196449076,215.03523252533725,215.58890601132455,61020
2016-07-20,213.20387268066406,214.73710327112644,212.7353837506152,214.48156267316025,68300
2016-07-21,213.62977600097656,214.22602874991887,212.60762657459904,212.99093098482373,44740
2016-07-22,212.7353973388672,214.09827195018252,212.52244899318262,213.50200618439735,33660
2016-07-25,212.77798461914062,213.4168296412173,212.69280008392963,212.94834069222733,103860
2016-07-26,212.47984313964844,213.54458479999678,211.7558266090124,212.82056826936073,53160
2016-07-27,211.0318145751953,211.88360797408612,210.4781540648506,210.73368168664922,74060
2016-07-28,210.3077392578125,211.3724807749082,210.0522116915759,210.6484643416829,36080
2016-07-29,209.88185119628906,210.3929323442368,209.2855985219057,209.88185119628906,41100
2016-08-01,208.7319793701172,209.8393134113385,208.17830585083848,209.71153660042677,70680
2016-08-02,210.35037231445312,211.58547011435914,208.94491843823866,209.07268224613614,98960
2016-08-03,209.6689453125,210.56333100372836,209.5837737688292,210.56333100372836,51900
2016-08-04,208.94491577148438,210.13742128775948,208.8171389678822,209.58376079748933,62540
2016-08-05,207.0709686279297,208.0505257817038,206.51729515191101,207.8801697111346,90320
2016-08-08,207.24131774902344,207.83757047468882,206.81542108821466,206.81542108821466,66320
2016-08-09,206.73023986816406,207.1561365357941,206.09139486671896,207.070965000669,58760
2016-08-10,207.24131774902344,207.75238594359323,206.60247275781026,206.60247275781026,40640
2016-08-11,206.3469696044922,206.9006301650741,205.9210728664024,206.5173257002607,71140
2016-08-12,206.26171875,206.90056365176213,206.1765472281647,206.68761535117474,79040
2016-08-15,205.3673553466797,206.00620027662913,204.8562742037868,206.00620027662913,41180
2016-08-16,206.43209838867188,206.47467765310955,205.70806893056258,205.70806893056258,43420
2016-08-17,206.04881286621094,207.53945127718242,206.04881286621094,206.38953801569141,85420
2016-08-18,206.04881286621094,206.60248636011593,205.7932852507699,206.30435347898742,41040
2016-08-19,206.17657470703125,206.94318349238503,205.6654935185724,206.38952303600004,86180
2016-08-22,205.9210662841797,206.73026746121693,205.58035410353347,206.43214755248562,84700
2016-08-23,205.62290954589844,205.62290954589844,204.77111619567128,205.0692490671848,64920
2016-08-24,206.98577880859375,207.53943927313964,205.40995595206357,205.75068108183658,121400
2016-08-25,207.32650756835938,207.66723272545812,206.60249097952914,207.4542843762723,101460
2016-08-26,207.02841186523438,208.09315373555822,205.58036552106142,207.0710041395148,194260
2016-08-29,206.60247802734375,206.85801862981367,206.04880455576975,206.85801862981367,56320
2016-08-30,207.32650756835938,207.96535261591677,206.346950361039,206.9857954085964,102220
2016-08-31,207.5820770263672,208.30610671312314,207.28395709449055,207.62466930158888,93260
2016-09-01,206.90061950683594,208.39125801336166,206.7728556909254,207.32651622298616,103760
2016-09-02,206.3469696044922,207.07099925817957,205.49517612831264,205.9636651396788,85620
2016-09-06,204.98406982421875,206.34694441869433,204.98406982421875,206.00623226874313,113460
2016-09-07,204.89889526367188,205.62291182097468,204.51559085129568,204.77111846132303,88800
2016-09-08,205.96365356445312,206.5599063648018,205.40998003765088,205.40998003765088,79420
2016-09-09,211.20216369628906,211.20216369628906,207.32650125957377,207.75239794498566,240040
2016-09-12,207.5394287109375,212.43724010015055,207.15612433211808,212.39466083376377,253620
2016-09-13,209.32821655273438,210.18000990595,207.88017045173487,208.51901546664658,215180
2016-09-14,208.26348876953125,209.11528217963158,207.1135624669614,209.07268990965937,141260
2016-09-15,205.0692596435547,208.2208926024724,204.8137190258401,208.09312879228295,150720
2016-09-16,205.0692596435547,206.13400138625227,204.94149583336525,205.1970234537441,86860
2016-09-19,206.00619506835938,206.38949941717163,203.96188354580565,204.55813619921727,79800
2016-09-20,205.58033752441406,206.0062342145435,204.8563079522598,205.40996845049386,53840
2016-09-21,203.62123107910156,205.9636631155751,203.36569043929163,204.9415135536722,203540
2016-09-22,201.96018981933594,202.68420630152332,201.83241303024369,202.47125798370342,165060
2016-09-23,203.3656463623047,203.62118694672938,202.25831249468712,202.25831249468712,102460
2016-09-26,204.98406982421875,205.28220270342757,204.21746098816084,204.43040933121418,83000
2016-09-27,203.02499389648438,205.28224156118884,202.89721706806432,205.15447773010666,101740
2016-09-28,202.64163208007812,203.66379449448593,202.47127601012184,202.85458041685726,75820
2016-09-29,204.047119140625,204.9415048432783,202.5990729063625,202.89719280902273,136380
2016-09-30,202.6842041015625,203.7489456791052,201.96018762723367,203.4934051010282,75700
2016-10-03,202.89715576171875,203.57859298204593,202.6842074426999,202.89715576171875,69820
2016-10-04,203.15272521972656,203.87675480623642,201.78985058535594,202.25833955325433,119740
2016-10-05,202.3861083984375,202.59905673934608,201.7472633757118,202.59905673934608,43080
2016-10-06,202.47128295898438,203.45085314018843,202.08797853909385,202.59905976383817,51960
2016-10-07,202.85458374023438,203.8767461713883,202.04538264668352,202.21573871943076,107380
2016-10-10,201.61947631835938,201.9602014448849,201.19357965820342,201.87501691391986,60000
2016-10-11,204.60073852539062,205.40993952321205,201.83241042940483,201.91759495436864,178820
2016-10-12,204.77110290527344,205.32477634538668,204.04708640297275,204.47298305044404,103460
2016-10-13,205.4525604248047,207.24133171972136,204.89889992736337,206.09140545908414,137980
2016-10-14,205.23963928222656,205.32482383035492,203.6212368464853,204.5156226124843,111100
2016-10-17,205.8358612060547,205.96363800905237,204.94148857174727,205.239608450738,77360
2016-10-18,203.96192932128906,204.0045215912346,202.9823720992217,203.28049199416847,80940
2016-10-19,204.00453186035156,204.2600724955521,203.66381967830858,204.04712413244107,62740
2016-10-20,204.1748809814453,205.32480730192435,203.74898426976213,204.26006552271642,84660
2016-10-21,203.5360107421875,204.68593692045272,203.28047014731362,204.08968419730334,73480
2016-10-24,200.8954620361328,202.13055976489963,200.85286977017503,202.08796749894188,157260
2016-10-25,201.61947631835938,201.87501691391986,200.81027526352997,200.81027526352997,100180
2016-10-26,202.89715576171875,203.53600071877537,201.87500642989494,202.8545634984482,107580
2016-10-27,203.7915802001953,204.13229237672607,201.91763723460332,202.0879933228687,61100
2016-10-28,205.23963928222656,205.7933128503865,203.40828847350159,204.55820188921126,173160
2016-10-31,205.3673553466797,205.40993461080961,204.4303775838205,204.5155621067471,52220
2016-11-01,206.9432373046875,208.56165282409412,204.98410956926784,204.98410956926784,149220
2016-11-02,208.64678955078125,208.9875147072562,206.55989833204833,207.07097956809284,139980
2016-11-03,210.60589599609375,210.81884432369344,208.22087212751032,208.90230937529623,97360
2016-11-04,211.41513061523438,211.71326352015265,209.71154372389915,211.1170107076526,127320
2016-11-07,206.13397216796875,208.2208630883843,206.04878764169305,207.9653225068911,132020
2016-11-08,204.94146728515625,206.9431736841899,204.00448948316844,206.474684783196,134740
2016-11-09,204.047119140625,207.53946441180682,203.66381469586966,207.53946441180682,615800
2016-11-10,207.36911010742188,209.9670826956179,202.68424619332086,203.06755064137093,513360
2016-11-11,207.1135711669922,208.90234260227658,206.73026671581312,208.3060897896273,381620
2016-11-14,209.24302673339844,210.3077683980246,206.9431873372729,207.0283718693769,239160
2016-11-15,206.26171875,207.965305154699,205.66546610782189,207.7097775918604,150420
2016-11-16,205.15444946289062,207.3265122760373,205.02667265207631,207.3265122760373,95340
2016-11-17,203.62123107910156,205.66553020290735,203.62123107910156,205.23963346900308,99740
2016-11-18,204.38778686523438,204.60073517682503,203.06750473390568,203.66377040422628,69340
2016-11-21,202.21575927734375,203.96193844452955,202.08799545912822,203.91934617267887,57040
2016-11-22,201.66207885742188,202.13056780692727,201.19358990791645,201.4917227841477,111440
2016-11-23,202.4286651611328,203.36564295588403,202.17313757832233,202.30090136972757,93320
2016-11-25,201.87503051757812,202.47128328250895,201.70467444150296,202.17316339871127,21260
2016-11-28,202.21575927734375,202.42870763926064,201.32138655516204,202.00281091542686,88420
2016-11-29,201.53428649902344,202.55643579118865,200.63990099437882,202.21571069557797,53200
2016-11-30,204.13226318359375,204.13226318359375,201.27876337055503,201.36393490383904,85440
2016-12-01,207.45425415039062,207.83755852361082,204.17484485180174,204.17484485180174,208000
2016-12-02,207.1561279296875,207.96532896510013,206.34692689427484,207.4542607835768,104440
2016-12-05,205.4525604248047,206.98579110654248,204.7285438510226,205.92104938274338,101920
2016-12-06,204.98406982421875,205.83586319643214,204.72854221042303,204.94149055347637,50800
2016-12-07,202.4286651611328,206.00620728848557,202.17313757832233,205.4099416023709,76220
2016-12-08,202.0453643798828,202.72680160659868,201.57687547418226,202.25831270089813,79640
2016-12-09,200.51214599609375,201.36393933167162,200.42697446093686,201.36393933167162,167800
2016-12-12,201.40652465820312,202.2157256996531,200.980628005089,201.4491169229814,93320
2016-12-13,198.80857849121094,200.76770595137796,197.70125744607557,200.76770595137796,119160
2016-12-14,199.3196563720703,199.78814534335217,198.04196626712113,198.76599585886,153580
2016-12-15,198.93634033203125,199.44740854578833,197.78641410574133,199.14928867043048,95440
2016-12-16,199.53257751464844,200.04365868587146,198.25488758392498,198.42524364188796,78000
2016-12-19,198.85116577148438,199.70295916780458,197.61606794628722,199.3622470082108,165660
2016-12-20,198.04193115234375,198.3826432543176,197.70121905036993,198.16969494125055,73000
2016-12-21,198.29750061035156,198.63821276195154,197.87160392218385,198.04195999798384,40000
2016-12-22,198.85116577148438,199.53260308800768,198.12714918301364,198.16972845496105,46860
2016-12-23,198.68081665039062,199.27706944923108,198.63822437961568,199.10671336346755,62820
2016-12-27,197.53089904785156,198.2975209636409,196.50874949080256,198.2975209636409,66180
2016-12-28,199.1918487548828,199.27702027808058,197.01977345467782,197.10494497787562,93860
2016-12-29,199.53257751464844,200.08623795236164,198.8085480216382,199.27703692903694,62900
2016-12-30,201.4491424560547,202.04539524652083,199.06411829685405,199.19189510738425,105140
2017-01-03,199.7029266357422,200.7676682076936,198.9789101652154,200.0436517371668,75980
2017-01-04,198.55303955078125,199.40483291994403,198.25490667264012,199.40483291994403,67760
2017-01-05,197.44570922851562,198.68080703721122,197.36052469108742,198.68080703721122,55600
2017-01-06,195.69952392578125,197.74382278526667,195.2310349795931,197.19016230171212,79500
2017-01-09,195.1884765625,195.6995578646724,194.76257980980213,195.65696558993514,59700
2017-01-10,194.76258850097656,195.44402593516944,194.16633562005958,195.14590599337993,104760
2017-01-11,194.29405212402344,195.61432130850562,194.1662753337828,194.71994876349098,95040
2017-01-12,194.46444702148438,196.25320546612335,194.37926247764304,194.89034374601792,76180
2017-01-13,193.78302001953125,194.37927286627774,193.48488709748938,194.29410131522096,66320
2017-01-17,194.46444702148438,194.9329360179386,193.99595802503018,194.33667020572238,71980
2017-01-18,193.95330810546875,194.5069814811991,193.8255443250178,194.1236641451809,96800
2017-01-19,194.12368774414062,194.46441286231843,193.1015383842758,193.6977910944191,61060
2017-01-20,193.6552276611328,194.1662958841845,192.71824975620166,193.31450251509634,100100
2017-01-23,193.5700225830078,194.7199487081771,193.27188973653165,193.7829709026811,52820
2017-01-24,192.1645965576172,193.44228665973608,191.86646366818843,193.18674603984513,76400
2017-01-25,190.333251953125,191.14245316580778,190.20548812908876,190.97209706798043,63260
2017-01-26,190.16287231445312,190.3758206597101,189.73697562393923,189.99251623771468,58940
2017-01-27,189.77955627441406,190.33321673925357,189.52401567628246,189.736964008503,64980
2017-01-30,191.14242553710938,192.20716724129855,190.33322444139264,190.41840897666188,96460
2017-01-31,191.48313903808594,192.63305221029086,191.48313903808594,191.8664434288209,75140
2017-02-01,190.29063415527344,191.09984825675187,189.86473746916286,190.2480548845307,54220
2017-02-02,190.37582397460938,191.0572612907642,189.86474273815935,190.63136459283442,43620
2017-02-03,189.82215881347656,190.37581930828011,189.69438200882814,190.16287096453482,43720
2017-02-06,189.6518096923828,190.33324706352346,189.60923041702267,190.20548324276942,25420
2017-02-07,189.01292419433594,189.39624156934138,188.58702755307124,189.26846477856157,64240
2017-02-08,188.5870361328125,189.5240139851561,188.37408780249208,189.2258811237737,35540
2017-02-09,187.863037109375,188.50188215985077,187.56490422021864,188.37410535135413,75980
2017-02-10,187.30934143066406,187.86301487394522,187.09639310571,187.5648820200758,63080
2017-02-13,186.2872314453125,186.79831273216166,186.03169080188792,186.7557204587014,54420
2017-02-14,185.6057586669922,186.7556848444437,185.6057586669922,186.24460365505757,56700
2017-02-15,184.541015625,185.73353405877342,184.49843635731852,185.73353405877342,53880
2017-02-16,184.58363342285156,185.05212240816226,184.07256516396956,184.4984618783727,71060
2017-02-17,183.77439880371094,184.8817326590054,183.77439880371094,184.8817326590054,53360
2017-02-21,182.83740234375,183.56143175144743,182.79482308227696,183.47624723383623,58060
2017-02-22,182.7948455810547,183.3910982857234,182.7096610529588,183.09296543472195,41660
2017-02-23,183.5614776611328,184.2429149804557,182.53932818081643,182.53932818081643,88400
2017-02-24,183.13560485839844,184.41329512485237,183.13560485839844,184.3707028498364,102520
2017-02-27,182.92259216308594,183.81697763459556,182.92259216308594,183.51884481164802,50540
2017-02-28,183.4762725830078,184.02994602931122,182.92261213403876,182.96520439872893,47560
2017-03-01,181.4319610595703,182.66705866449976,181.13382822509305,182.3263465656687,113980
2017-03-02,182.36898803710938,182.62451568151656,181.47460228967336,181.47460228967336,58680
2017-03-03,182.07081604003906,182.96520159549203,182.02822377600145,182.53930494978434,39700
2017-03-06,182.41156005859375,183.17818195333822,182.19861169849855,182.66710069017523,45120
2017-03-07,182.83740234375,183.092942899251,182.02820141577394,182.79482308227696,52540
2017-03-08,182.53932189941406,182.8374417806908,181.8578846035403,182.66708570605618,34720
2017-03-09,182.32638549804688,183.26335046857034,182.07084487069093,182.5393338546208,59560
2017-03-10,181.55975341796875,182.28378298858658,181.30422580230174,181.4745818785249,43720
2017-03-13,181.21902465820312,181.68751357288508,181.21902465820312,181.64492130839866,25260
2017-03-14,181.73011779785156,182.41154208514462,181.60234099598276,181.68752553056197,51100
2017-03-15,180.53761291503906,181.90048758707192,180.15430847519735,181.38940633572557,72020
2017-03-16,180.66539001464844,181.09128672567087,180.28207257685932,180.3246648474288,53340
2017-03-17,180.83572387695312,180.8783161422885,180.2820504222624,180.4098272182685,26080
2017-03-20,180.62278747558594,181.04868416239592,180.19689078877593,180.878328087139,66220
2017-03-21,183.39109802246094,183.4762695531004,179.81356880225022,179.89874033288967,137980
2017-03-22,182.07081604003906,183.51886203597837,182.02822377600145,183.39109824119973,85260
2017-03-23,182.53932189941406,182.8374417806908,181.8578846035403,182.36896582477948,74500
2017-03-24,182.28378295898438,182.88003572433638,181.3042257728586,181.98565007764063,107860
2017-03-27,181.85789489746094,183.85961463039555,181.6023542723767,183.4762971941011,50640
2017-03-28,180.7931365966797,182.24118267666785,180.28205539323213,181.90047053925943,72720
2017-03-29,180.02655029296875,180.83575146846871,179.89877347746673,180.7079746529667,57000
2017-03-30,179.72837829589844,180.1968671895014,179.51542998038198,179.98391887398495,41600
2017-03-31,179.85614013671875,180.1116807120353,179.30247972131085,179.85614013671875,38120
2017-04-03,179.9839324951172,180.92089735589866,179.25990296863338,179.64320736610463,64520
2017-04-04,179.6432342529297,180.4524484321137,179.60065497809822,180.4524484321137,40140
2017-04-05,180.32461547851562,180.66534055245222,178.32290928313503,179.3876507691883,82800
2017-04-06,180.32461547851562,180.7079198140283,179.81354736360962,180.11166718130497,60140
2017-04-07,180.32461547851562,181.00605262905623,179.81354736360962,180.32461547851562,39020
2017-04-10,180.23948669433594,180.75055493042055,179.60064165122841,180.11170988731303,35600
2017-04-11,181.0912628173828,182.36895278176507,180.2394695077946,180.49499710280352,96280
2017-04-12,181.8152618408203,182.02821014773093,181.0060608740266,181.1338246592397,45060
2017-04-13,182.4967498779297,182.53934215064743,181.0487035868837,182.07085314542576,57720
2017-04-17,181.04869079589844,182.11343255193484,181.04869079589844,182.11343255193484,44860
2017-04-18,181.26162719726562,181.73011613850326,180.83573052292869,181.68752387160256,55380
2017-04-19,180.96348571777344,181.30421083943554,179.98392861233052,180.40982526640732,132620
2017-04-20,179.5154571533203,180.53760662305356,179.17474499585444,180.19689446558772,89060
2017-04-21,179.5580291748047,179.9839258222794,179.3450808510673,179.43025238216174,43840
2017-04-24,177.47116088867188,177.854465320932,177.25821253771227,177.5989247003133,76620
2017-04-25,176.19345092773438,176.91746744100632,175.85272580619366,176.78970364376258,52400
2017-04-26,176.36383056640625,176.49159438072965,175.68239322956373,176.10828994042328,75000
2017-04-27,175.34169006347656,176.02311443797356,175.34169006347656,175.93794288982983,43540
2017-04-28,175.08615112304688,175.3416917646309,174.57506983987884,174.6176621130323,64280
2017-05-01,173.63807678222656,174.53244938736313,173.25475938307108,174.53244938736313,45220
2017-05-02,173.2122039794922,173.68067998107853,173.12701943520196,173.25478325430066,38780
2017-05-03,173.80844116210938,174.19174558226095,173.51030828124956,173.51030828124956,69300
2017-05-04,173.63807678222656,174.2769217843726,173.46770771711974,173.85102511627525,53860
2017-05-05,173.0417938232422,173.8935870746435,173.0417938232422,173.2973343981293,33800
2017-05-08,172.74368286132812,173.29734330425939,172.70109059710245,172.99922344934802,46260
2017-05-09,172.06227111816406,172.53076009938866,171.7215589485477,172.40298328778042,46080
2017-05-10,172.0196533203125,172.5733267604454,171.93448178921574,171.93448178921574,34940
2017-05-11,172.1900177001953,173.21218010142186,172.104846164983,172.53074283304912,117760
2017-05-12,171.76412963867188,172.1900263280783,171.72155036759963,172.10485478859832,34140
2017-05-15,171.25306701660156,171.76413526222032,171.12529020719495,171.6789637199518,54700
2017-05-16,170.52902221679688,171.25305174686875,170.48642995079237,170.82715508149346,33020
2017-05-17,174.87318420410156,174.87318420410156,171.55118221058052,171.89190736232746,91520
2017-05-18,173.382568359375,175.08615534792727,172.7437232386679,174.87320697435825,91180
2017-05-19,172.5733642578125,172.78631262782594,171.84933460083207,172.70112808088575,55600
2017-05-22,171.1678466796875,172.23258821538764,171.04008289433676,172.23258821538764,31280
2017-05-23,170.91233825683594,171.38082722012402,170.61421836916946,170.65681063807486,51620
2017-05-24,170.10311889648438,170.95491219391027,170.06052663214624,170.40125174951714,80180
2017-05-25,168.69766235351562,169.89016775117716,168.2717657118745,169.50686337316696,71520
2017-05-26,168.48475646972656,168.91065321864028,168.3995719210089,168.61252029546574,67240
2017-05-30,168.3995361328125,168.61248446201367,168.1014162703316,168.61248446201367,39500
2017-05-31,168.48475646972656,169.20877314447748,167.71813452327953,167.80331907199718,59300
2017-06-01,167.71810913085938,168.65508703554653,167.6755298602843,168.05883427680712,104280
2017-06-02,165.80157470703125,167.37739764460417,165.7589954362877,167.079264765387,90960
2017-06-05,165.80157470703125,165.971943779347,165.5460470932284,165.80157470703125,36420
2017-06-06,166.56817626953125,166.69594006088414,165.4608424209155,166.05709510945204,56360
2017-06-07,165.88674926757812,166.82372711962796,165.71639320284214,166.14228986334942,61560
2017-06-08,165.7163848876953,166.5681781659694,165.41825204136578,165.46084430474627,53360
2017-06-09,169.8476104736328,171.93451484541288,165.29052326778088,165.50347163246568,150460
2017-06-12,170.82716369628906,172.87146259425032,170.52903081655765,171.2956526512947,404460
2017-06-13,169.42169189453125,170.65680264828427,169.1235720208221,169.76241703248675,88460
2017-06-14,170.18829345703125,171.4659833283343,168.6550630120009,168.6550630120009,152120
2017-06-15,170.95494079589844,172.87147603575679,170.74199243591417,171.89191877876377,182160
2017-06-16,171.50860595703125,172.27521481661338,170.95493244970123,170.95493244970123,73520
2017-06-19,168.78285217285156,170.23091130921114,168.65508836544828,170.01796296531538,85880
2017-06-20,170.14573669433594,170.14573669433594,168.74028274160256,168.86804655645605,116300
2017-06-21,168.35694885253906,169.7624156652832,168.35694885253906,169.7624156652832,98620
2017-06-22,168.48475646972656,168.91065321864028,167.88850362071486,168.2292158209109,49700
2017-06-23,167.88853454589844,169.12363274578664,167.63299385001199,168.69773591842244,65720
2017-06-26,168.65509033203125,168.95322321589586,166.61079140572875,166.86631902351488,113640
2017-06-27,171.63638305664062,171.67897532932304,169.1235949364202,169.33654330249544,156220
2017-06-28,169.2939453125,172.06227397798742,169.08099695361636,171.12529599996483,121860
2017-06-29,172.14743041992188,173.808424748614,169.975354914401,170.01794717869242,209100
2017-06-30,172.3603973388672,172.6159249575145,171.29565560338452,171.72155229757757,124820
2017-07-03,173.9362335205078,174.02141807111767,171.25308914168613,171.29568141699104,93920
2017-07-05,172.31777954101562,173.93618154024793,171.8066983847666,173.51028490915166,112140
2017-07-06,173.76585388183594,174.36210666333585,172.82887594138188,173.55290553149055,140160
2017-07-07,172.06227111816406,173.25477670915748,171.46601832266737,173.25477670915748,108200
2017-07-10,170.86978149414062,172.27523557181132,170.44388474365408,171.84933882132478,59200
2017-07-11,170.3586883544922,171.72156306026272,170.188332265605,171.12529725315284,55700
2017-07-12,168.3995361328125,169.20873718431002,168.1439955383042,168.95320958713626,118440
2017-07-13,168.01625061035156,168.4421473165882,167.59035390411495,168.14401442328816,64700
2017-07-14,166.69595336914062,167.71810277356906,166.44041276869982,167.2496268363182,63260
2017-07-17,166.52557373046875,166.8662858179406,166.01449260192797,166.4403892099343,53660
2017-07-18,165.4182586669922,167.20702982194845,165.4182586669922,166.69594863557967,63160
2017-07-19,164.5664825439453,165.03497151416235,164.2683626518696,164.99237924462702,99200
2017-07-20,164.35353088378906,164.90720438192668,164.01281872903942,164.09799026905904,50460
2017-07-21,164.3109588623047,165.2053446254025,164.3109588623047,164.99239625310955,56640
2017-07-24,163.62948608398438,164.60904310794436,163.50170929998959,164.48127932128293,79420
2017-07-25,164.01283264160156,164.48132164212407,163.67210746061397,164.14059646113648,87500
2017-07-26,163.58692932128906,163.88504922063606,163.41657323632847,163.62952159186327,71360
2017-07-27,164.6090850830078,166.39785653640206,162.3092453553128,162.43700917455382,185640
2017-07-28,164.7794189453125,165.8015683533603,164.4387068084082,165.5886200184614,91760
2017-07-31,165.50341796875,165.71636626438726,164.09795141914455,164.35349197337575,92360
2017-08-01,165.12014770507812,165.50345211684538,164.82201483073962,164.82201483073962,68040
2017-08-02,164.5664825439453,166.14230553540196,163.97022976245808,163.97022976245808,127340
2017-08-03,165.24790954589844,165.50345014981787,164.3961161977237,164.3961161977237,132640
2017-08-04,165.0349578857422,165.58861835197334,164.6090612202306,164.94977335370595,101800
2017-08-07,164.05540466308594,164.73682894627353,163.92762786198693,164.73682894627353,41720
2017-08-08,164.2683868408203,164.65169132840927,162.90551199901762,164.2683868408203,132980
2017-08-09,164.4812774658203,165.9293233534262,164.39609294411807,165.58859826395042,128540
2017-08-10,167.97364807128906,168.1014248737501,165.29050418496513,165.37567572260394,393160
2017-08-11,166.7385711669922,168.10144591314116,166.35526670630554,167.8459052735711,340520
2017-08-14,164.5664825439453,165.3756836757734,164.3109419240691,165.3756836757734,95920
2017-08-15,164.43875122070312,164.86464800552892,164.14061827238973,164.18321055033996,54000
2017-08-16,164.18316650390625,164.69424770752164,163.41655769581808,164.05540270166986,76760
2017-08-17,167.59034729003906,167.59034729003906,164.566478195631,164.82201880875508,299040
2017-08-18,167.6754913330078,168.35691547365988,166.52556535032582,167.50512230051243,237840
2017-08-21,167.8032989501953,168.91063296405463,167.29221771384925,167.67553513977668,86100
2017-08-22,165.4182586669922,166.99408149385053,165.16271807380778,166.95148922876405,176100
2017-08-23,165.88674926757812,166.3126459280854,165.54603713810616,166.18488212886706,72300
2017-08-24,166.48304748535156,167.33484103912397,165.37571326597978,165.50349009744855,103180
2017-08-25,166.82373046875,166.99408653690602,165.37567139608666,165.80156806514415,110300
2017-08-28,166.27005004882812,166.78113122926277,165.88674566216932,166.31264231342007,188400
2017-08-29,165.58863830566406,167.84589870327977,165.33311067343345,167.67554261601393,148300
2017-08-30,163.6720733642578,165.58860824204694,163.41654577841976,165.46084444912793,188880
2017-08-31,162.05368041992188,163.28877814428614,161.92591661983874,163.20360661000896,143100
2017-09-01,162.18141174316406,162.56472906132356,161.5425668760077,161.75551516505982,101640
2017-09-05,163.6720733642578,164.82199948986488,162.35180417964804,162.73510855573906,145360
2017-09-06,163.16104125976562,164.31095464221136,162.7777367989504,163.246212808093,85660
2017-09-07,162.73513793945312,163.33139074295886,162.3944127679239,162.86290175544138,96320
2017-09-08,164.0979766845703,164.31092501299426,162.9480635094816,162.9480635094816,81080
2017-09-11,162.43698120117188,162.90547011993792,162.05367681212124,162.90547011993792,140980
2017-09-12,161.8833465576172,162.64995545793192,161.71299046836242,161.84075428596938,95560
2017-09-13,161.67039489746094,162.43700378213128,161.67039489746094,162.18146315479575,81740
2017-09-14,162.60739135742188,162.7351681945022,161.8833746033217,162.35186367793872,76780
2017-09-15,162.18141174316406,162.94803338215098,161.58515913328455,162.692492835822,112280
2017-09-18,162.26663208007812,162.82029255490818,161.45743100250536,161.92591994131115,131540
2017-09-19,162.01109313964844,162.56476661749443,161.84073706851703,162.01109313964844,42680
2017-09-20,162.52218627929688,163.7146918620803,161.92593348790518,162.09628957154052,93500
2017-09-21,163.58692932128906,164.09799757617085,162.60735908742737,162.60735908742737,170820
2017-09-22,163.7572784423828,164.26835967286675,163.54433009590377,164.09799059781506,108580
2017-09-25,165.4182586669922,166.22745971429737,164.31092476141615,164.43870155667557,265980
2017-09-26,165.0775604248047,165.63122092549105,164.31093858077483,164.65166373278885,93180
2017-09-27,163.4591522216797,164.52389399747838,162.948083967698,164.22577409865642,133820
2017-09-28,163.62948608398438,164.31091027595653,163.459117038658,163.92760591863887,44720
2017-09-29,162.47959899902344,163.7146968899812,162.35183518170714,163.3313924406959,135820
2017-10-02,162.35182189941406,162.99066692840336,161.62779233429205,162.26663736328135,93560
2017-10-03,161.92593383789062,162.47959436023615,161.79815702688592,162.1388821922291,81920
2017-10-04,161.79812622070312,162.4369711620831,161.5425856446844,162.30920737274056,120140
2017-10-05,160.30751037597656,161.37225209340113,160.22233883698385,161.28708055440842,98560
2017-10-06,160.1371612548828,160.8185985830942,160.0519767148554,160.8185985830942,65100
2017-10-09,160.2649383544922,160.43530744867164,159.71127779042024,159.83904161371774,56320
2017-10-10,160.1371612548828,160.7760063130805,159.54090846669885,159.7112645494177,49060
2017-10-11,159.58349609375,160.3501049423489,159.58349609375,160.22234113336097,33000
2017-10-12,159.92420959472656,160.09456567392223,159.32795681887382,159.8816173255937,46780
2017-10-13,159.3705596923828,159.49832351094693,159.15761132988487,159.32796742041592,64820
2017-10-16,158.8168487548828,159.2427453795928,158.73167722834094,158.9020332787582,43720
2017-10-17,158.68911743164062,159.07242187283083,158.56134061968646,158.85947351691001,61480
2017-10-18,158.8594970703125,158.9872609038735,158.47619257229144,158.47619257229144,61020
2017-10-19,159.3705596923828,160.43530150487243,159.3705596923828,159.75386414541177,76480
2017-10-20,159.02981567382812,159.15759247459118,158.646511266209,158.73169580005103,52780
2017-10-23,160.0519561767578,160.22232523495063,158.64650242800718,158.64650242800718,84760
2017-10-24,159.75384521484375,160.30750569279587,159.45571234374026,159.75384521484375,41240
2017-10-25,160.39268493652344,161.54259812142075,159.54089161556192,160.09455207525306,154820
2017-10-26,160.81863403320312,160.9038055946694,160.13719655477885,160.43532951325787,110520
2017-10-27,156.21888732910156,158.4335551265789,155.92076747000596,158.26319906461936,201100
2017-10-30,155.83560180664062,158.26321822480108,155.83560180664062,158.26321822480108,123100
2017-10-31,155.36712646484375,155.79302320734314,155.06900654349644,155.36712646484375,68420
2017-11-01,155.40966796875,155.92074909172223,154.64305928162452,154.6856515414277,73540
2017-11-02,155.6226806640625,156.6874226130467,155.4949168291197,155.58008838663548,105640
2017-11-03,154.17457580566406,155.58002944694812,154.13198354437262,155.06896130345086,170420
2017-11-06,153.70608520507812,154.30233786448198,153.5783214199677,154.2597586010006,53960
2017-11-07,153.53575134277344,154.08941182135842,153.3653952722346,153.74869968028077,37960
2017-11-08,152.89688110351562,153.83385883288815,152.89688110351562,153.66348979312377,56280
2017-11-09,153.7913360595703,155.28197484968484,153.70615150119968,154.2598251359312,134520
2017-11-10,153.7913360595703,154.38758897614838,153.66355922201436,154.13204829837525,73440
2017-11-13,153.57833862304688,154.34494741424737,153.4079825580395,154.30235514866186,69200
2017-11-14,154.08941650390625,154.8560383406301,153.9616526964533,154.13200877216903,102780
2017-11-15,154.8560028076172,155.70779598808005,154.47269847587538,154.8560028076172,85760
2017-11-16,152.85430908203125,154.08940679985702,152.55618921763724,154.08940679985702,155920
2017-11-17,153.4931640625,153.62094086755664,152.811726760871,152.89691129757543,82380
2017-11-20,153.57833862304688,153.79128695363974,153.2376134956975,153.4079825580395,52800
2017-11-21,151.91737365722656,152.93952324250793,151.91737365722656,152.93952324250793,80240
2017-11-22,151.74693298339844,152.13025026973952,151.66176147324677,151.83211749088113,103040
2017-11-24,151.27850341796875,151.7044000908827,151.23591115121036,151.5340310238491,34800
2017-11-27,151.32106018066406,151.61919300629506,150.93775583151927,151.32106018066406,48320
2017-11-28,150.98036193847656,151.83215523573173,150.852598142822,150.98036193847656,99780
2017-11-29,153.53575134277344,154.25978088923233,151.10813509625604,151.10813509625604,218440
2017-11-30,152.2581024169922,153.32284439193617,152.04515402200337,153.02471144001643,262280
2017-12-01,152.89688110351562,155.02636412724146,152.25803619639788,153.3227777082608,411140
2017-12-04,154.7282257080078,154.89859474160946,151.87472635783448,152.00249013570325,218180
2017-12-05,154.64309692382812,155.36711352738578,152.89691782551796,154.81345300717487,254340
2017-12-06,154.00424194335938,155.40969578711014,153.74870133613143,155.2393397147366,144900
2017-12-07,153.45053100585938,154.13196812635732,153.02463443021466,154.0042043525967,101600
2017-12-08,152.76913452148438,152.98208284783308,151.91734121608962,152.2580533393138,158680
2017-12-11,151.61920166015625,152.68394324484836,151.53401713444737,152.68394324484836,104460
2017-12-12,151.78956604003906,152.08769889903922,151.3636693828014,151.70439450699223,102320
2017-12-13,151.53402709960938,151.7469754305517,151.02295890374864,151.23590723469093,152560
2017-12-14,151.66180419921875,151.78956799910523,150.85260313949016,151.23590753648426,134440
2017-12-15,149.95823669433594,151.3210983906901,149.74528833578032,151.02297848711405,230380
2017-12-18,148.72311401367188,149.23418219057976,148.59533722144428,148.97864160345873,196040
2017-12-19,149.53231811523438,149.95821477007848,148.80828860306562,148.9360653979195,138240
2017-12-20,149.74526977539062,150.2989302400765,149.02124024710784,149.06383251300707,163100
2017-12-21,149.70266723632812,149.87302329089985,149.10641454666015,149.57490344473277,115700
2017-12-22,149.91561889648438,150.2989232771506,149.87302663255832,150.00080342433648,85360
2017-12-26,150.70791625976562,151.21908456233152,150.5801306838991,150.66532973417674,81300
2017-12-27,150.6653594970703,150.83574463173403,150.32457622819038,150.70794603107186,134500
2017-12-28,150.53753662109375,150.75052125496615,150.15416688003353,150.15416688003353,77100
2017-12-29,151.5598602294922,151.60245975616712,150.40975100657167,150.40975100657167,179160
2018-01-02,148.8762664794922,151.13389851097736,148.83366695068943,150.8357278084601,116480
2018-01-03,147.47059631347656,148.74850438205243,147.3001981713573,148.7059048465226,106580
2018-01-04,147.21499633789062,147.38538146221407,146.7890270273062,146.91681262066083,138780
2018-01-05,145.76669311523438,146.74641726142647,145.6388945312414,146.49083309299132,135840
2018-01-08,145.17030334472656,145.76667064566362,145.08511730141328,145.68147160280154,69080
2018-01-09,145.17030334472656,145.55368603805718,144.7443341295137,144.87213269380683,155360
2018-01-10,145.468505859375,146.44822998159452,145.468505859375,145.80927607591644,106140
2018-01-11,144.48876953125,145.46849357070587,144.48876953125,145.2129094301154,74460
2018-01-12,143.5516357421875,144.82954347876483,143.3386511194246,144.65915838046448,135780
2018-01-16,143.89242553710938,144.27580830993955,141.80517854965746,142.52933156550168,186460
2018-01-17,142.40151977539062,143.84982567283438,142.14594861659495,143.25345830351034,238360
2018-01-18,142.27374267578125,142.9126966099539,142.01815850220197,142.52932684936053,100840
2018-01-19,141.89035034179688,142.57190369639602,141.67736573095644,141.97553638640363,108240
2018-01-22,140.3994598388672,142.10333674710697,140.3994598388672,141.97553817925947,72960
2018-01-23,139.29193115234375,140.016084006472,139.1215460688867,139.97348448572058,158760
2018-01-24,140.1012725830078,140.86802497175884,138.6529798480987,138.9085639776824,306560
2018-01-25,140.18650817871094,140.61247750590266,139.1641843933612,139.2067709264386,182680
2018-01-26,138.09925842285156,139.67533710345725,138.09925842285156,139.46235244395226,109380
2018-01-29,138.78085327148438,139.0364375628715,138.1418990427951,138.44008288267293,238600
2018-01-30,139.93089294433594,140.655045839758,139.29193909527504,140.10127803750896,328980
2018-01-31,139.37716674804688,140.2291053883172,138.86599836406387,139.03638349220753,201140
2018-02-01,140.56988525390625,140.95325506832452,139.12159206635235,140.44209964895114,193720
2018-02-02,143.33865356445312,143.4664391404707,140.82543757289127,141.1236082501156,658720
2018-02-05,148.91885375976562,149.04663933611255,142.35892984977352,144.7017607461671,1317300
2018-02-06,144.9999542236328,151.81546335752438,144.82956909519592,151.09132331177963,1750940
2018-02-07,146.95938110351562,146.95938110351562,143.97759655938634,145.46848883145097,528700
2018-02-08,153.0507354736328,153.135934517412,146.40562604442184,146.57601113243126,1197280
2018-02-09,150.45233154296875,156.50108658036496,149.38740850826355,151.00608632119594,1335920
2018-02-12,147.85394287109375,150.15417443270584,146.87420570627026,148.96146562284804,616220
2018-02-13,147.08718872070312,148.87626491521274,146.83161754967395,148.62068074463266,300060
2018-02-14,144.3609619140625,147.98170018012553,144.14797731017643,147.89651413830026,418640
2018-02-15,141.719970703125,144.57395679841227,141.719970703125,143.08306446519444,347580
2018-02-16,142.23117065429688,142.57195395149344,140.82547692707763,142.14598457966292,295480
2018-02-20,142.14593505859375,142.95527398320198,140.8680273883021,142.82747541644338,219160
2018-02-21,142.57192993164062,142.57192993164062,140.01611413124945,141.46440715156083,339420
2018-02-22,142.52935791015625,142.87012821615716,141.16625068704482,141.84780429860052,205600
2018-02-23,139.7179412841797,141.9329870165547,139.67534175095085,141.4644181501424,163580
2018-02-26,137.84368896484375,139.07899752209718,137.80108942847914,138.99379844936797,155940
2018-02-27,139.5049591064453,139.54755864043415,137.5454975389328,137.80108174331315,239600
2018-02-28,140.3994598388672,140.44205936148302,138.26961370356747,138.7807689763099,242720
2018-03-01,142.74229431152344,143.97760250231386,139.7179101205886,140.39946350157456,479280
2018-03-02,141.4217987060547,144.91475194620517,141.20881406944918,144.40358361853174,315940
2018-03-05,139.93089294433594,142.61449391057195,139.50492371162866,142.01813958469165,225980
2018-03-06,139.37716674804688,140.14390632446936,138.78079930021605,139.2493681522751,175720
2018-03-07,138.95118713378906,140.52726570179505,138.8233885474852,140.39948011504222,211720
2018-03-08,138.22703552246094,138.95118852008784,138.141836464075,138.44002016887458,139700
2018-03-09,135.62864685058594,137.4177234313499,135.5860473130337,137.2899248186932,250620
2018-03-12,134.98965454101562,135.4156237967459,134.47849923386931,135.1600396433977,208900
2018-03-13,136.6509246826172,136.99170786858727,133.96732371579304,134.2655073785732,296760
2018-03-14,136.7361297607422,137.24729806247146,135.9267907826291,136.05457635828645,246720
2018-03-15,136.90652465820312,137.33249394027567,136.05458609405807,136.60835396048284,121600
2018-03-16,137.247314453125,137.28990098373004,136.31017678788768,136.65094703003683,160820
2018-03-19,140.1439208984375,141.3366299190284,138.52524251341367,138.56782905021427,380120
2018-03-20,139.80311584472656,140.61245483599666,139.4623326381838,140.22908510324243,302420
2018-03-21,140.44284057617188,140.95463264823084,138.82218737367364,140.1443060469817,308440
2018-03-22,143.98275756835938,143.98275756835938,141.33851930299593,142.3194522793677,611760
2018-03-23,147.69317626953125,147.69317626953125,143.6415296509372,144.06801876868394,727560
2018-03-26,142.14878845214844,147.0534122957446,142.02084694935,144.66508414075804,770200
2018-03-27,146.84017944335938,147.99170512165284,141.0825770827187,141.0825770827187,741120
2018-03-28,148.46084594726562,149.6123586121035,146.2004460962935,147.65051932784343,822600
2018-03-29,145.77398681640625,149.10061000826576,144.3239263039928,147.6931879986812,552420
2018-04-02,149.86825561523438,151.48892187988824,146.15780853973752,146.84018063494608,1006600
2018-04-03,148.37557983398438,151.06246941774864,147.73584607814763,148.6314759394024,527240
2018-04-04,146.0298614501953,151.3609750619534,145.56072084927777,151.27568505341375,591280
2018-04-05,145.2195281982422,146.24309936219555,144.36655005904547,144.57979459384464,426200
2018-04-06,148.80203247070312,149.52706908880725,145.43277145359977,146.71223865113876,815060
2018-04-09,147.9490966796875,148.07705124530798,144.87838233605234,147.56525901366024,354140
2018-04-10,144.707763671875,146.58432634787823,144.11068146379034,145.56074197354337,400500
2018-04-11,145.4327850341797,145.56072655971548,143.89742165067727,145.47543654782982,335080
2018-04-12,143.76947021484375,144.62244836739052,143.21502660644012,144.4944938352603,196780
2018-04-13,144.45184326171875,145.04892531549416,142.78852559099877,142.95913161957398,380400
2018-04-16,143.42825317382812,144.36653423023375,142.87382265030521,143.4709046791942,135760
2018-04-17,140.44284057617188,142.1914483043914,140.01635152126045,141.9782037769357,186100
2018-04-18,140.0590057373047,140.95463537301467,139.5898651647506,140.27225026888263,136740
2018-04-19,141.25318908691406,141.7649681757844,140.44284941922842,140.74139698262985,231000
2018-04-20,143.470947265625,144.02539096913532,141.67970064726288,141.72233914987325,262380
2018-04-23,143.98275756835938,144.70778140437235,142.36209078734328,142.959186084012,254940
2018-04-24,146.96815490722656,147.94907468742014,143.04444975562197,143.25769431787407,523700
2018-04-25,146.79754638671875,148.84468876238546,146.24310277405758,146.79754638671875,369920
2018-04-26,143.81211853027344,145.43277177793846,143.21502342442625,145.00628271114098,307620
2018-04-27,143.64149475097656,144.49447277922562,141.59435268934357,141.63700419383838,315460
2018-04-30,144.707763671875,145.04896280179193,142.49002789678678,143.30035468028856,206700
2018-05-01,143.17239379882812,145.43278078670804,143.0870907740192,145.09159471830083,174020
2018-05-02,143.94007873535156,144.06802026583918,142.40471529242478,142.8312044146036,227900
2018-05-03,143.98275756835938,146.2857966619953,143.4709653184769,144.6651428963968,379080
2018-05-04,141.21054077148438,144.70774351186105,140.95464471355092,144.5798019906014,288600
2018-05-07,140.14430236816406,140.6987329188298,139.67516181699392,140.6134429193342,196380
2018-05-08,140.31492614746094,141.2532074555251,139.9737400438461,140.5281707160741,237300
2018-05-09,138.69424438476562,140.4854905870496,138.6515928766466,139.97371153585974,223400
2018-05-10,137.32948303222656,138.39570572657615,137.2015415150701,138.3530542157194,218720
2018-05-11,137.4574432373047,138.05453843964906,137.15890865154802,137.62804930392625,197500
2018-05-14,137.24415588378906,137.45740038517184,136.34853939031058,137.15886589248282,143080
2018-05-15,138.7368927001953,139.46192934331384,138.3104036196347,138.3104036196347,228520
2018-05-16,137.84129333496094,138.6516200865954,137.54274573495144,138.6089685701061,133100
2018-05-17,138.39569091796875,139.0780759724187,137.4147713502929,138.4383424242617,104620
2018-05-18,139.1633758544922,139.33398189178223,138.52364226089432,138.90749282938367,164420
2018-05-21,138.35308837890625,138.9501706320953,137.50011001280274,138.05455376002018,84400
2018-05-22,138.6089630126953,138.8222075711764,137.54274022028997,137.79863629355023,138260
2018-05-23,137.37216186523438,139.589897701322,137.37216186523438,139.589897701322,184600
2018-05-24,137.542724609375,138.8221918150436,137.24417705522026,137.45742158949838,133260
2018-05-25,137.37216186523438,137.7559995084595,136.9030211833297,137.50010340783732,182240
2018-05-29,138.0118865966797,138.77956183299952,137.24419834494438,138.0118865966797,246780
2018-05-30,136.98828125,137.6706532837167,136.77503673561046,137.50006027528752,111820
2018-05-31,137.1162567138672,137.41480431412268,136.22062692851623,137.03095368081833,202680
2018-06-01,134.98377990722656,136.4764915333728,134.8984768938532,136.43384002668614,221480
2018-06-04,133.83226013183594,134.68523824106475,133.7469701301609,134.5999482393897,230540
2018-06-05,133.40576171875,133.91755375455008,133.1498787162621,133.44841322430202,194240
2018-06-06,132.55279541015625,133.87491410690237,132.55279541015625,133.23518051319425,182700
2018-06-07,133.61904907226562,134.34408585287622,132.55282616867137,132.55282616867137,284760
2018-06-08,133.70433044433594,134.64261165361975,133.5337374104882,134.42936710745653,188260
2018-06-11,133.3631134033203,133.8322408835941,133.02191439945344,133.7896023965955,135260
2018-06-12,132.63812255859375,133.27785626868345,132.55281952441553,133.14991473283177,85920
2018-06-13,132.72341918945312,132.9366637491949,131.69983489036053,132.46752311467998,224640
2018-06-14,131.31602478027344,132.1690031978334,131.14543169984498,131.99841011740494,169580
2018-06-15,131.8278045654297,132.46753831807777,131.57190846128717,131.7851530455032,327340
2018-06-18,131.8704376220703,133.06460192031756,131.78513459416064,132.63811281159857,218860
2018-06-19,132.25428771972656,134.002895833865,132.25428771972656,133.57640668482716,247060
2018-06-20,131.3863525390625,131.7711586882884,130.83054173122565,131.6856433111683,162300
2018-06-21,132.49798583984375,132.7545189207511,130.95880040221417,131.0870734665751,181420
2018-06-22,132.96829223632812,133.31032764031838,132.07043299108588,132.07043299108588,182020
2018-06-25,135.83290100097656,136.98728038856356,133.8234069238878,134.03718233430934,428520
2018-06-26,135.2770538330078,135.83287763317287,134.50746770701107,135.36256920159116,234660
2018-06-27,137.20101928710938,137.24377696737815,134.16540665739623,134.76398808553478,438320
2018-06-28,135.96112060546875,137.58580802251007,135.53356991174087,137.37203267564612,301720
2018-06-29,135.7900848388672,135.83284251210338,134.67845057377562,135.31977652888884,233120
2018-07-02,134.7212371826172,137.24378387162977,134.7212371826172,136.94449314250423,164360
2018-07-03,136.38870239257812,136.43146008126098,134.2509484365816,134.2509484365816,133360
2018-07-05,134.7212371826172,136.13214936777987,134.5929641353579,135.49082327492178,163280
2018-07-06,132.6690216064453,134.5502557573394,132.49800387849575,134.42198267551498,205240
2018-07-09,131.3863525390625,132.4124848732454,131.3863525390625,131.942176394714,266580
2018-07-10,131.34356689453125,131.77111755102672,131.0442762158602,131.12979156628353,119880
2018-07-11,131.98492431640625,132.36971738934287,131.51461587267764,132.24144433315487,202540
2018-07-12,129.84718322753906,131.51462873859776,129.80442553796013,131.42911335943992,148920
2018-07-13,129.63339233398438,130.06094308304395,129.46236159610984,129.71889465510824,136760
2018-07-16,130.0181884765625,130.18920617067224,129.46236466093873,129.63339540286216,110980
2018-07-17,129.16307067871094,131.3863265175496,128.90653764597246,131.3863265175496,189520
2018-07-18,129.4196014404297,129.80439445887913,129.12031073285132,129.16306841219279,86880
2018-07-19,130.10369873046875,130.27472948281775,129.50513024069076,129.93268102593424,241140
2018-07-20,130.189208984375,130.3174689957759,129.3341074475318,129.63339820455252,176820
2018-07-23,129.80438232421875,131.04427662233945,129.71886697353017,130.61672596451777,101420
2018-07-24,129.20584106445312,129.76165181686628,127.96593345892433,128.3934842062616,302420
2018-07-25,127.41012573242188,129.205844133011,127.41012573242188,129.205844133011,228160
2018-07-26,129.29135131835938,129.5478843920649,128.77829821876244,129.20584899233364,311860
2018-07-27,131.12979125976562,131.8566195454226,128.56448732678928,128.60723195409045,428280
2018-07-30,132.96829223632812,133.60961840467056,131.04431373130086,131.04431373130086,409780
2018-07-31,132.241455078125,133.22482973088006,131.47186886972082,132.58350354127165,251960
2018-08-01,131.55735778808594,132.24142848116657,131.1298070810045,131.68561778108554,311660
2018-08-02,129.7616424560547,132.49796443205645,129.63338246023133,132.49796443205645,272340
2018-08-03,129.46234130859375,130.06092270172658,129.41959667863685,129.54785666413025,160240
2018-08-06,128.6499786376953,129.63335289000574,128.6072209662367,129.46232220417127,129660
2018-08-07,128.17970275878906,129.46235494002235,127.96592739525018,129.46235494002235,213160
2018-08-08,128.0941925048828,128.65000319651878,127.79490179534842,128.3934701666053,179420
2018-08-09,128.13694763183594,128.2652076203316,127.62388158222994,128.09418995306683,130760
2018-08-10,129.16307067871094,129.59062138400438,128.650004613234,129.0347976384357,844720
2018-08-13,129.2485809326172,129.3340962980551,128.0942017860826,128.94930324921023,252120
2018-08-14,128.52175903320312,129.4623628616408,128.35074134147024,128.82103673178233,240780
2018-08-15,129.97540283203125,130.8305041664525,129.12030149761,129.4195921837818,449360
2018-08-16,129.67611694335938,129.88989228487353,128.82101557730277,129.16306395241222,277240
2018-08-17,129.63339233398438,130.74501384328852,129.33410159051732,130.0181853985753,333760
2018-08-20,129.7616424560547,130.23195085376102,129.33409173956028,129.3768494207722,298400
2018-08-21,129.29135131835938,129.46236901822502,128.56452283197686,129.29135131835938,272540
2018-08-22,128.77830505371094,129.71890897680188,128.6927896753323,129.5051335786701,148300
2018-08-23,128.9920654296875,129.20584080292343,128.13696393674377,129.03481006608405,169540
2018-08-24,127.79490661621094,128.65000804963867,127.75214893497707,128.65000804963867,244500
2018-08-27,126.55500030517578,127.41010165858914,126.55500030517578,127.1963263202358,285780
2018-08-28,126.42676544189453,126.64054082272438,126.08471700387852,126.25573469897965,186580
2018-08-29,124.93033599853516,126.21298826526422,124.8875783134148,126.21298826526422,227680
2018-08-30,125.2295913696289,125.57163974178904,124.41724768844189,125.14408906244732,211380
2018-08-31,125.0158462524414,125.48615472297625,124.67381084540573,125.27237933162536,260240
2018-09-04,125.57166290283203,126.2557336777031,125.22961446758283,125.4006321613006,329040
2018-09-05,127.23912048339844,127.62391359321197,125.78545037531678,125.78545037531678,305480
2018-09-06,128.30795288085938,129.20581185686507,127.06805860342791,127.19631857950999,399520
2018-09-07,128.82102966308594,129.33409575794505,127.7949105211805,129.33409575794505,380260
2018-09-10,128.52175903320312,129.16308516306162,128.13696596485073,128.13696596485073,193980
2018-09-11,127.49561309814453,129.29131805648652,127.28183776635542,129.03478504877742,283660
2018-09-12,127.83769226074219,128.9493269769204,127.58115916503719,127.6666745462106,390660
2018-09-13,126.59777069091797,127.11082372578207,126.29847996805455,127.11082372578207,195580
2018-09-14,126.93981170654297,127.41012012866103,126.29848559851278,126.42675864880667,284620
2018-09-17,128.77830505371094,128.86380738427476,127.0681018686567,127.1108465100312,347180
2018-09-18,127.70938110351562,128.6927423542078,127.06805514493983,128.64998468074077,311900
2018-09-19,127.83769226074219,128.60727850004196,127.4101414505056,127.70943223679731,345400
2018-09-20,126.51226043701172,127.23910190885466,126.25572738531345,126.9398111739045,318200
2018-09-21,127.11082458496094,127.2818553122175,125.95644546285457,125.99920314466871,291580
2018-09-24,126.76879119873047,128.5645094803671,126.72603351625096,128.0514433862387,231160
2018-09-25,126.59777069091797,127.2818544518826,126.55501300939285,126.89704836596891,278460
2018-09-26,126.5634536743164,126.82087348681338,125.4050710645378,126.5634536743164,263780
2018-09-27,125.49085998535156,126.09149738037401,125.06183140420505,125.96279404319536,227340
2018-09-28,125.53378295898438,126.0486094723689,125.27636315583457,125.79120276213416,172760
2018-10-01,125.31926727294922,125.61957946258903,124.37539903599001,124.93314411888952,354940
2018-10-02,125.6624984741211,125.87701281535138,124.67573774162828,125.57670059337877,198420
2018-10-03,125.40505981445312,125.66247960385698,124.80442236778705,124.97603119641816,177200
2018-10-04,127.89344024658203,128.794403009475,125.96281136591783,126.13442020339386,725220
2018-10-05,129.4379119873047,130.68209209850497,127.55017599192597,127.93631214101536,534240
2018-10-08,130.25311279296875,131.7976186942523,129.18054106887138,129.99569296060207,764960
2018-10-09,129.9098663330078,130.51051690046478,128.8802002205194,130.25309709911392,465500
2018-10-10,135.6588592529297,135.78756260591152,130.55340803606907,130.55340803606907,1692780
2018-10-11,137.33209228515625,138.70497629736298,134.28598583454325,136.1308040449436,2253660
2018-10-12,133.47079467773438,136.21657498804458,133.08467157194147,133.59949801536092,1393000
2018-10-15,135.14401245117188,135.6159465418064,133.77111565894668,133.899832097982,517240
2018-10-16,131.28277587890625,133.9427589279983,130.93955817259848,133.89985344148076,741440
2018-10-17,131.1111602783203,132.48404412581428,130.467617292425,130.6392261367473,489660
2018-10-18,134.15724182128906,134.7578792129967,131.66886820862425,131.7975846380058,605640
2018-10-19,134.328857421875,134.88658936530442,132.01210559798642,133.25628592073085,754040
2018-10-22,133.6853485107422,134.71501479505088,132.61277673689625,133.59953753166766,787880
2018-10-23,134.15724182128906,137.58947045151928,133.55659133666822,136.08787042579357,1236940
2018-10-24,140.4210968017578,140.54981327532596,134.15728787563884,134.2859912562893,1529160
2018-10-25,135.6588592529297,138.83366852465872,134.71499102134666,138.14722009195424,1012940
2018-10-26,139.00531005859375,141.02175034908004,136.47404314215973,140.24949077078153,1713080
2018-10-29,141.57943725585938,144.5397319617173,136.43109408291903,136.98882602282205,1167680
2018-10-30,139.56300354003906,142.95234008058605,139.52011115277284,142.26589167644056,1233400
2018-10-31,136.47401428222656,137.37497705325742,135.18692835015824,137.2891660872868,870320
2018-11-01,134.54336547851562,137.20333482216688,134.4146490486032,136.13076337079622,670340
2018-11-02,136.60272216796875,137.54659045328327,134.24306454759804,135.05821637968845,1165380
2018-11-05,137.03176879882812,138.5333692996451,136.51694219715554,136.5598345942736,470520
2018-11-06,135.95916748046875,137.20334786373897,135.27271906776,137.0317390337904,334900
2018-11-07,131.8404998779297,134.6720916073479,131.75470200304758,134.37177940588737,906520
2018-11-08,132.61279296875,133.25633611182747,132.01215532046143,132.2695621033574,280620
2018-11-09,134.84368896484375,135.95916598662492,133.59950859524392,133.89983386403995,665360
2018-11-12,138.87660217285156,139.09111653327122,135.6159812758893,135.83049563630897,1068400
2018-11-13,138.83367919921875,139.2627078660316,136.3882105612192,138.318839561877,793040
2018-11-14,140.077880859375,140.72142395673814,137.07467973834707,137.5037084699225,752800
2018-11-15,137.5465850830078,141.45074833922735,137.16046192424216,140.42106912529883,1022520
2018-11-16,138.01852416992188,139.43431350060797,137.37498118453445,138.9194738751318,623920
2018-11-19,142.56622314453125,142.95235942549525,138.5762617131759,138.66207268514927,515100
2018-11-20,145.09750366210938,146.89941624806505,143.20976701075176,145.7839390703309,938160
2018-11-21,144.0678253173828,144.28233965710072,142.60913042588427,143.252673445038,448660
2018-11-23,145.1404266357422,145.2691431215907,143.68173144655802,145.2691431215907,161480
2018-11-26,141.75103759765625,143.68166617202996,141.70813212186536,143.0381233139054,365660
2018-11-27,141.2791290283203,143.25266343439574,140.97881682945112,142.60912046021346,336440
2018-11-28,136.8172149658203,141.06459539548342,136.8172149658203,140.29234916933143,708280
2018-11-29,137.28916931152344,138.31883546277678,136.34530103534053,137.4178726705868,406640
2018-11-30,136.2165985107422,137.7611042935416,136.2165985107422,137.16046679270727,331900
2018-12-03,133.94276428222656,134.92952504699335,133.1275992845568,133.2563157492547,479040
2018-12-04,139.00531005859375,139.2627299180266,134.28599397635753,134.62921172698935,1064020
2018-12-06,138.147216796875,142.4375030328028,138.147216796875,141.8368655783558,1489420
2018-12-07,142.69491577148438,143.1239443738683,137.97560114526092,138.79075287120764,1247260
2018-12-10,141.23623657226562,144.45395144168617,140.63558598897487,142.90944568578126,941140
2018-12-11,140.93592834472656,141.96559460902702,138.87659581612562,139.0482046780229,633960
2018-12-12,139.52011108398438,139.6059089513888,137.37496800515876,138.74785171985857,617280
2018-12-13,139.56300354003906,140.42106077199236,138.06140338412078,138.7907572684468,726580
2018-12-14,143.03814697265625,143.29556677706634,140.67848943590815,141.23623452761586,680160
2018-12-17,146.21295166015625,147.37133419668473,142.48041044018117,143.59588749518736,918280
2018-12-18,145.22621154785156,146.59910859285608,143.93912547800355,145.05460269045514,641640
2018-12-19,148.74424743652344,149.98842798026539,143.1668746398934,145.44072138904534,1246600
2018-12-20,150.88938903808594,152.9487214245886,147.671674001103,149.30197771600797,1166080
2018-12-21,155.7373809814453,156.59543817693535,149.3877629719844,149.90258943353018,1362880
2018-12-24,159.5986785888672,159.68448956721082,154.96517380248625,156.98160086439105,1108280
2018-12-26,149.85769653320312,159.065156989251,149.81468157040314,157.86043603324924,1713120
2018-12-27,149.16929626464844,155.1068053360604,149.12626817246976,151.62173995487066,939580
2018-12-28,149.34141540527344,150.5030952669298,146.84593015997714,148.222750511198,1092220
2018-12-31,148.00759887695312,149.59954632630811,147.44827308681752,147.79247155300408,648280
2019-01-02,147.57736206054688,151.4066262634569,146.67382456472214,151.4066262634569,587120
2019-01-03,152.52525329589844,152.7403805925076,149.12624463553925,149.81465461075422,983040
2019-01-04,145.64120483398438,150.4170342655371,145.0818790188073,149.94375150559395,860440
2019-01-07,144.2213592529297,145.98539275643242,143.48992111952893,145.55513812039186,687800
2019-01-08,142.75848388671875,144.95278517043425,142.32822924796392,142.75848388671875,475060
2019-01-09,141.81192016601562,142.8875566764825,141.12351017325113,142.3282178128426,600900
2019-01-10,141.4247283935547,143.6190169097373,141.2956441023881,142.88759178112034,348760
2019-01-11,141.7689208984375,142.67245837696723,141.7689208984375,142.24220368531795,314480
2019-01-14,143.10267639160156,143.748058263665,142.54333755761655,143.14570447580468,219380
2019-01-15,140.39208984375,142.67244741244204,140.13394755286387,142.67244741244204,312900
2019-01-16,140.39208984375,140.4351179356744,139.1443539599231,140.13394755286387,358860
2019-01-17,139.35948181152344,141.08050045230874,138.71409982122896,140.86537312221057,312660
2019-01-18,137.93963623046875,139.1873720244053,137.33728237791274,138.32686276923124,529820
2019-01-22,140.6932830810547,141.72589170695952,138.9292362328713,138.9722643277696,564060
2019-01-23,140.564208984375,142.19917151364007,139.40251609809192,140.04789811706456,318160
2019-01-24,139.7036895751953,140.69327001429542,139.53157721158672,140.2199872750315,176040
2019-01-25,138.06871032714844,139.10131882943315,137.68148378008286,138.75712037211477,316360
2019-01-28,139.83274841308594,140.86535685222452,139.78972032597002,139.91880458731777,293340
2019-01-29,141.16656494140625,141.6398477215318,139.70370163674352,139.78974469564665,193720
2019-01-30,137.3803253173828,139.96185360869848,137.03612679734016,139.4885839262228,378080
2019-01-31,135.4441375732422,136.90701366075183,134.8417837826765,136.8209574919591,631400
2019-02-01,136.17559814453125,136.4767816548028,135.22903265253203,136.17559814453125,344460
2019-02-04,134.45458984375,136.21863668856622,134.45458984375,136.04653743963243,261440
2019-02-05,133.29287719726562,134.32549879861912,133.1207779738164,134.32549879861912,240300
2019-02-06,133.76614379882812,134.2394264540586,133.0347189046788,133.24984619066288,224800
2019-02-07,135.57322692871094,136.51977916941527,134.5836334716625,134.97087311547574,728260
2019-02-08,135.27206420898438,136.8640117234883,135.27206420898438,136.777955538255,429420
2019-02-11,135.4441375732422,135.7022929492926,134.4545572837648,134.79875569828013,183500
2019-02-12,133.4219512939453,134.66968698176828,133.20682399844728,134.49758777143546,373180
2019-02-13,133.37893676757812,133.46499294665674,132.47539940857058,132.81961099455555,233720
2019-02-14,133.29287719726562,134.28247071017455,132.77657952691797,133.89524417483153,301520
2019-02-15,132.69053649902344,133.29289040595063,132.21725373989122,132.26028183259967,433280
2019-02-19,132.47540283203125,133.1638128914618,132.04514818617838,133.1638128914618,197880
2019-02-20,132.51844787597656,133.20685802347649,131.83003772847664,132.30332052552853,202760
2019-02-21,132.9917449951172,133.6801552167531,132.5184621470967,132.86266069274822,166100
2019-02-22,132.00213623046875,132.77660256586668,131.95912126488946,132.77660256586668,231220
2019-02-25,131.52883911132812,131.65791024178665,130.66832989406154,130.96950024190767,406440
2019-02-26,131.4427947998047,132.04514868018626,131.05556824315437,131.91607753807943,159360
2019-02-27,131.57186889648438,132.90566095963578,131.39976965970067,132.0021235536087,242020
2019-02-28,131.9160919189453,132.21726232680336,131.3997810335726,132.00213497961994,144660
2019-03-01,130.92645263671875,131.87301788673133,130.75435344498737,130.92645263671875,379400
2019-03-04,131.01254272460938,132.38936287565355,129.93690608483425,130.23808959610332,318540
2019-03-05,130.8834686279297,131.57186555759512,130.4532139817239,130.92648358828643,182680
2019-03-06,131.700927734375,131.8730269379185,130.7543624193943,130.7543624193943,237280
2019-03-07,133.29287719726562,133.7661599094978,131.95909836778733,132.00211332590283,641960
2019-03-08,133.551025390625,134.9708734507005,133.5079973045024,134.8417891923327,579760
2019-03-11,130.75439453125,132.9917241177622,130.6253233794758,132.9917241177622,359820
2019-03-12,130.06597900390625,130.71136099657596,129.7217805266145,130.41019061152826,297100
2019-03-13,129.11940002441406,129.54965459755084,128.3879619979505,129.37755539436162,336060
2019-03-14,129.33453369140625,129.37756177690812,128.90427909704383,129.07637830872315,105080
2019-03-15,128.21588134765625,128.90429139035385,127.78562671226143,128.8182352111431,593280
2019-03-18,127.87169647216797,128.47405039962823,127.48445675492202,128.21589496490787,220040
2019-03-19,127.48445129394531,128.0007621412691,126.75302624562194,127.39840823961154,386880
2019-03-20,126.92754364013672,128.0068594874168,126.19360359388936,127.57513314850476,800880
2019-03-21,125.02792358398438,127.40241793902288,124.85523572048402,127.35924267933794,429000
2019-03-22,127.83417510986328,127.87735037999279,125.28699227513333,125.54601754542516,801920
2019-03-25,128.0068359375,128.9998010642211,127.61828493901088,128.26587432823936,631860
2019-03-26,127.48876953125,128.09319688391102,126.32311644092,127.10021850114,345660
2019-03-27,128.26588439941406,129.21567433971418,127.05704287279451,127.27290601948648,338220
2019-03-28,128.0068359375,128.78393793447827,127.5319344170178,128.09318645949307,282180
2019-03-29,127.0138931274414,127.83417052954101,126.97071785885886,127.10023048936431,359180
2019-04-01,125.33013153076172,126.3231098618169,125.24379418147882,125.80503306515853,621260
2019-04-02,124.94159698486328,125.63236174635209,124.8552596242034,125.28698595322867,246160
2019-04-03,124.25081634521484,124.63938053187609,123.47371432237296,124.25081634521484,398580
2019-04-04,124.29397583007812,125.07109092951524,123.819074354073,124.29397583007812,353060
2019-04-05,123.73275756835938,124.1213085949999,123.64640704011,123.9054454496173,209700
2019-04-08,123.38733673095703,124.42349010110681,123.30099940026949,123.90541341603192,130900
2019-04-09,123.90543365478516,124.07812151960455,123.43053214510218,123.86225839477042,246040
2019-04-10,123.25785064697266,123.81908953043546,123.1715001224829,123.68957691894104,125340
2019-04-11,123.51689910888672,123.77593752822126,122.99882227021766,122.99882227021766,129760
2019-04-12,122.99882507324219,123.51690192371773,122.95564980649561,123.04200033998875,182300
2019-04-15,122.95561218261719,123.81906455236938,122.8692748507845,122.99878743615231,102560
2019-04-16,122.61026000976562,122.9556357537816,122.35122161413359,122.5670847479536,256980
2019-04-17,122.22171020507812,122.5670859524883,121.6604581464863,121.87632128242771,273540
2019-04-18,122.04904174804688,122.78296862186333,122.00586647894184,122.00586647894184,307440
2019-04-22,121.7468032836914,122.65343104957533,121.70362802336557,122.61025578924949,134560
2019-04-23,120.23579406738281,121.61732372173729,120.01993088234263,121.48779790556725,166000
2019-04-24,120.66748809814453,120.66748809814453,119.97672345609469,120.10624923755137,135880
2019-04-25,120.14940643310547,120.75383370482565,119.67451811280984,119.71768019629913,182680
2019-04-26,120.10625457763672,121.31508287354029,120.06307931523153,120.36527980158728,199860
2019-04-29,119.89038848876953,120.23576422902623,119.63135009595703,120.10625162023996,192360
2019-04-30,120.84017944335938,121.61729462875041,120.58114104822903,120.88335470508778,214000
2019-05-01,121.31509399414062,121.31509399414062,119.63136400791794,120.06309032106434,197040
2019-05-02,121.7468032836914,122.52390526859783,120.62431239141794,121.27190177058652,461700
2019-05-03,119.8040542602539,120.92654533161453,119.71770372582549,120.75385743799946,255420
2019-05-06,120.49482727050781,122.56710848643799,120.36530145998552,122.39442058098425,226200
2019-05-07,122.95561218261719,124.03492764480742,121.4014084572533,121.91947197396208,762020
2019-05-08,123.34422302246094,123.73277410101805,122.3512445158788,123.34422302246094,565240
2019-05-09,123.86228942871094,125.71872067256061,123.51691361253756,124.63940477796528,681220
2019-05-10,123.81907653808594,126.45260915580424,123.21466245579948,124.46666587808689,965600
2019-05-13,128.13638305664062,128.48177206239782,126.32314018357812,126.97072974722403,1434980
2019-05-14,126.79802703857422,127.92050494440743,125.97773648013045,127.44561652666654,508860
2019-05-15,124.94159698486328,127.57513022696578,124.63939645969077,127.57513022696578,572820
2019-05-16,123.6895751953125,125.0279292548124,122.91247318669451,124.94157873152594,445760
2019-05-17,125.07109069824219,125.1142527798767,123.30101056835359,124.94156492762286,372020
2019-05-20,127.10022735595703,127.57512894817287,126.3231252415979,126.79802683381374,871760
2019-05-21,125.93458557128906,126.45264930262397,125.5028592075551,126.02092293889002,331240
2019-05-22,126.36630249023438,126.58216565596744,125.71871299303518,126.58216565596744,628280
2019-05-23,128.3953857421875,129.12932564658502,127.8341468801704,127.87732214076549,835420
2019-05-24,128.48175048828125,128.65443837454112,127.27290893397978,127.66147314711597,335060
2019-05-28,129.04296875,129.04296875,127.445589588818,128.13634102325395,373880
2019-05-29,130.07911682128906,130.726706211057,129.345190084696,129.7337410835088,563040
2019-05-30,129.47470092773438,130.29497817521155,129.17250045510576,129.64738879427068,523740
2019-05-31,131.63333129882812,131.67650655897734,130.64036619159396,131.11526770275623,719180
2019-06-03,134.4827423095703,135.21668228890036,131.67652136250064,132.02189713204353,853540
2019-06-04,130.81307983398438,133.57612574988477,130.76990456532735,133.05806205172718,576200
2019-06-05,129.77691650390625,131.15843263196373,129.517878112633,129.517878112633,553460
2019-06-06,128.78395080566406,130.20865550950137,128.52492556427651,129.60424132086183,339800
2019-06-07,126.40943908691406,128.30904510241584,125.84820023930452,128.22269458344232,1003700
2019-06-10,124.98474884033203,125.5459876928353,123.73274535573584,125.5459876928353,612580
2019-06-11,124.7257308959961,125.15745721489898,123.38737667234882,123.5600777401033,719220
2019-06-12,125.50283813476562,125.67552601621512,124.85524869789943,125.15744919662582,515720
2019-06-13,124.81206512451172,125.2437913870142,124.50985147066402,124.94157773316648,178820
2019-06-14,125.33013153076172,125.80503306515853,125.02793104541121,125.50283257980801,165300
2019-06-17,124.68256378173828,125.20064066839416,124.25083743460588,125.11429012887068,136000
2019-06-18,122.782958984375,123.38737317867692,121.87633110530146,123.17151002533757,599300
2019-06-19,122.26488494873047,123.30102536180645,122.04902181370463,122.52391017056934,569720
2019-06-20,121.22874450683594,122.13537240731004,120.62433029826708,120.62433029826708,390200
2019-06-21,121.44462585449219,121.70366431845933,120.66752363783434,121.53097640089577,353700
2019-06-24,121.40144348144531,121.48778083818623,121.09922979474868,121.22874241748075,179840
2019-06-25,123.5355224609375,123.70903800555286,121.49684718548244,121.58359172041258,401600
2019-06-26,123.01502990722656,123.18853223472924,122.0173683586728,122.79814868850345,204340
2019-06-27,122.49449920654297,122.84151706923608,122.23423911886762,122.58125698156073,171980
2019-06-28,122.3643798828125,122.84152118664716,122.1474986753766,122.27762210488677,235640
2019-07-01,120.80284881591797,121.32336907883808,119.93532386930455,120.0654473163445,233460
2019-07-02,120.3257064819336,121.14985252712476,120.3257064819336,120.80284784621692,405080
2019-07-03,119.5015640258789,120.15220775015774,119.41480623435622,120.02208430025416,179820
2019-07-05,119.6316909790039,120.71609721789038,119.50156752528987,120.19559016565339,309640
2019-07-08,120.49921417236328,121.0197344542154,120.41246961697503,120.45584851335948,458900
2019-07-09,119.89192962646484,121.19321687979995,119.80518508533626,121.10647233867137,287960
2019-07-10,118.72079467773438,119.45818294265273,118.4171556503455,119.24130170519787,375040
2019-07-11,118.85089874267578,119.28466114684613,118.33037856272014,118.54725976480532,390220
2019-07-12,118.2436294555664,118.85089415046555,118.20025056934986,118.80751526424899,423640
2019-07-15,117.89663696289062,118.24365488988941,117.76651351362882,117.98339475398542,599620
2019-07-16,118.46051788330078,118.80752251946868,117.89661880280504,118.02675546940176,420460
2019-07-17,119.0244140625,119.0677929551326,118.28702583726385,118.46052817041475,333940
2019-07-18,118.80754089355469,120.02208378273315,118.76416199798038,119.63168695994483,311520
2019-07-19,119.9353256225586,119.97870451799942,118.0701522550261,118.0701522550261,356260
2019-07-22,118.80754089355469,119.54494240617663,118.67741744421218,119.50156351060232,110720
2019-07-23,118.1568832397461,119.06778698987667,118.11350434928677,118.28701991112409,199400
2019-07-24,117.33273315429688,118.54726262027725,117.28935426535936,118.54726262027725,208220
2019-07-25,118.50391387939453,118.63403732739752,117.72313347923578,117.72313347923578,277220
2019-07-26,117.28938293457031,117.76652435475467,117.07250167424849,117.6797665556733,193300
2019-07-29,117.59298706054688,118.37375407080985,117.2893480913459,117.2893480913459,592700
2019-07-30,118.1568832397461,118.63402456004104,117.72312080991048,118.54726677912238,385920
2019-07-31,119.80518341064453,120.8028316626378,117.80987366927971,117.85325255792687,515700
2019-08-01,120.45585632324219,121.01974230065824,117.41951870279557,119.63169695064433,1158480
2019-08-02,122.10414123535156,122.92828732090265,121.23661625321762,121.36673970558543,1248720
2019-08-05,126.57184600830078,127.56950733659856,124.79343099729927,124.79343099729927,1847300
2019-08-06,124.79346466064453,126.35499892203201,124.44644675126308,125.40072945533741,779600
2019-08-07,124.27294158935547,127.04901861438177,123.96930258022378,126.18149371672484,979820
2019-08-08,121.54023742675781,123.92593077695386,121.49685853655122,123.53553400247331,526580
2019-08-09,122.71138000488281,123.5789048027079,121.67035289496829,122.10411529388084,636640
2019-08-12,124.05606079101562,124.53320213384158,123.01503355772775,123.44879600804599,499080
2019-08-13,121.27997589111328,124.31631284642609,120.49919558874853,124.14281052502679,978120
2019-08-14,125.01033782958984,125.14046126385547,122.92827021968762,123.4487904315079,1049720
2019-08-15,125.09709167480469,126.09475328207742,124.48982687411426,124.70670810560226,597540
2019-08-16,123.14517211914062,124.05607602413673,122.88491196951587,124.05607602413673,387400
2019-08-19,121.27997589111328,121.80048285531117,120.97633690063056,121.45347821251258,272740
2019-08-20,122.14752197265625,122.14752197265625,121.10649462588374,121.45349932901428,351440
2019-08-21,121.10647583007812,121.54023826036153,120.71607905291998,121.10647583007812,311180
2019-08-22,121.49686431884766,122.45113376191456,120.62933942294354,120.88959953919066,331900
2019-08-23,125.31396484375,125.70434838783565,121.27997949256661,122.32100668925467,1263240
2019-08-26,123.44880676269531,124.66333643444234,123.44880676269531,123.88256925080219,741180
2019-08-27,123.70903015136719,124.22953704003409,122.40774307363489,122.62462425325694,574860
2019-08-28,123.36204528808594,124.75009050355068,123.14516405050584,124.18619134341428,391180
2019-08-29,121.45347595214844,122.27762189149092,121.10647131580794,121.80048058848895,517000
2019-08-30,121.75711822509766,122.45112751652077,120.80283559332278,120.84621448338142,458820
2019-09-03,123.01502990722656,123.36203456223191,122.0173683586728,122.62464636100077,286780
2019-09-04,121.19322204589844,122.10412580953775,121.10647750107219,121.8004868091983,202280
2019-09-05,118.98104858398438,119.93533137997089,118.67742277608393,119.84857358492448,713560
2019-09-06,119.11116790771484,119.41479367134045,118.76415001551248,118.80752890671017,484740
2019-09-09,119.41478729248047,119.97868637316996,118.76414367140838,118.80752256028886,471180
2019-09-10,119.67506408691406,120.80284916827706,119.67506408691406,120.06544766655274,698460
2019-09-11,118.59063720703125,119.76180097896547,118.5472583196674,119.50154089216032,536040
2019-09-12,118.1568832397461,118.28701991112409,117.28935838007486,117.89662313436897,775760
2019-09-13,118.59063720703125,118.76413951910871,118.1134959207848,118.37375600758995,356100
2019-09-16,119.19790649414062,119.50154547996668,118.89428074569298,119.37142205025745,207380
2019-09-17,118.59063720703125,119.37141746744669,118.5472583196674,119.15453626800539,207680
2019-09-18,118.67741394042969,120.06544589616489,118.5906561518425,118.8509162802241,262940
2019-09-19,118.46051788330078,118.6773990902503,117.72311648472109,118.46051788330078,311620
2019-09-20,119.67506408691406,120.10882656148597,118.20027432084561,118.3303977682651,744140
2019-09-23,119.71842193603516,120.15218433435412,119.32803842502366,119.8051797106501,249980
2019-09-24,121.36675262451172,121.8005151617507,118.89431410467886,119.15457427449866,927680
2019-09-25,119.9076156616211,122.43382851032788,119.64629475659058,121.43204963700971,672800
2019-09-26,120.38673400878906,121.25783919451403,120.03829725130318,120.08185516899148,389360
2019-09-27,121.86763763427734,122.73874301634369,120.21254272515658,120.21254272515658,601880
2019-09-30,120.82229614257812,121.6498434759634,120.60451982894982,121.47562508346302,580700
2019-10-01,121.78050231933594,121.99827860628324,119.64629736565426,120.34317085027789,539380
2019-10-02,123.87117004394531,124.5244990138944,122.60807002711279,122.60807002711279,881600
2019-10-03,122.52093505859375,125.43914265238016,122.47739043433623,123.9147086270908,1094740
2019-10-04,120.69163513183594,122.04185092869956,120.6045192899694,121.95473508683303,602740
2019-10-07,121.127197265625,121.34497359537549,120.21253402227048,121.17075518997756,462420
2019-10-08,123.00003814697266,123.00003814697266,121.38850167819831,121.95471467954975,878340
2019-10-09,121.64983367919922,122.25961794186009,121.21428108701876,121.95472581052965,482260
2019-10-10,120.82229614257812,121.8240751604751,120.38674351532153,121.73695931821925,758860
2019-10-11,119.34140014648438,119.5156185101942,118.339634586146,119.47206059626447,1002340
2019-10-14,119.29786682128906,119.60275898963008,118.94943002205235,119.4720852209074,288220
2019-10-15,117.81697082519531,118.9929680873893,117.51207870773476,118.9494101717507,537380
2019-10-16,118.07830047607422,118.47029511769416,117.81696628432454,118.20896092594448,376260
2019-10-17,117.81697082519531,118.25252339756203,117.20719988228385,117.38141825282861,557640
2019-10-18,118.99298858642578,119.51564378809836,117.77343319849922,117.94765159905674,461280
2019-10-21,117.90409851074219,118.64452998300399,117.86054059072421,118.38319575490706,326640
2019-10-22,118.81875610351562,118.86231402636825,117.33787977060902,117.59921401571297,505880
2019-10-23,118.6009521484375,119.2978388756765,118.6009521484375,119.12362051686895,539200
2019-10-24,117.55562591552734,118.29607053790937,117.42496547252273,117.773402181874,432600
2019-10-25,116.59741973876953,118.16539824195412,116.51030391436656,118.16539824195412,571100
2019-10-28,115.37786865234375,116.07475539567267,115.24720820322354,116.07475539567267,524700
2019-10-29,116.29254913330078,116.37966497380056,115.46500181659711,115.59566228533572,382820
2019-10-30,115.85700225830078,116.77166546084761,115.59566801585716,116.11833650074442,526860
2019-10-31,115.81341552734375,116.42318641335743,115.4214209071927,115.46497881876691,647380
2019-11-01,114.76811981201172,115.42144876729832,114.68100396783552,115.20367244886945,721180
2019-11-04,114.02767944335938,114.20191113848195,113.76635848469981,113.89701896402958,385760
2019-11-05,114.02767944335938,114.28901369403108,113.8099031164683,113.94057688781024,265640
2019-11-06,114.20188903808594,114.81165997697538,114.07121529203204,114.11477320738334,570040
2019-11-07,113.85343933105469,114.20188936284639,113.11300793601532,113.63566304568846,585280
2019-11-08,113.4614486694336,114.37611175856809,113.41789075242528,114.02766171451158,505720
2019-11-11,113.59211730957031,114.15834368743907,113.54857268143589,113.9841252988683,212780
2019-11-12,113.28723907470703,113.63567585376205,112.85168645488272,113.5050153846192,361920
2019-11-13,113.37432861328125,113.72277864436126,113.11300770498323,113.63566281358887,396420
2019-11-14,113.330810546875,114.02768418831523,113.24369469568863,113.67924736759512,243760
2019-11-15,112.67745208740234,113.02588881704813,112.59033625898628,112.67745208740234,344560
2019-11-18,112.45967864990234,113.15655212680188,112.24190236536884,112.8081153883521,328100
2019-11-19,112.24191284179688,112.67746545151745,111.98057861756237,112.02413653693658,335460
2019-11-20,112.98233795166016,113.8098852052054,112.24190653196601,112.59034328335031,544820
2019-11-21,113.24368286132812,113.54857501660545,113.02590654813326,113.11302239021573,545440
2019-11-22,113.15657043457031,113.76635476352965,112.89524948445825,112.93879411480246,427400
2019-11-25,111.80635070800781,112.67745585324508,111.80635070800781,112.67745585324508,271000
2019-11-26,111.58858489990234,111.9370216739117,111.45791114064065,111.76280328690703,276880
2019-11-27,110.89170837402344,111.45792150745545,110.84815045021817,111.37081230585099,307640
2019-11-29,111.32725524902344,111.41436444610603,110.97881181468733,111.1094789333141,280280
2019-12-02,112.59033966064453,113.15655268642806,111.32723986250537,111.32723986250537,424420
2019-12-03,113.4614486694336,114.63744596860796,113.37433283541695,114.07121963151991,432120
2019-12-04,112.80812072753906,112.98233910500967,112.54678651532805,112.80812072753905,168540
2019-12-05,112.63390350341797,113.2001165589979,112.45968512416339,112.45968512416339,304240
2019-12-06,111.50146484375,111.89345952268923,111.37079773543519,111.84990160458256,371460
2019-12-09,111.93701934814453,111.98057726699341,111.10947205805843,111.63212720821303,316940
2019-12-10,112.06768798828125,112.28546430640229,111.50147487797119,111.93702751421327,432120
2019-12-11,111.41434478759766,111.98056443773646,111.37078687373906,111.80634607431124,486160
2019-12-12,110.63035583496094,111.76279520663418,110.23836116953827,111.58857683222521,600720
2019-12-13,110.28191375732422,110.93524263816856,109.93347035833956,110.71746634455378,492840
2019-12-16,109.23660278320312,109.58504622230542,109.01882646451493,109.58504622230542,350140
2019-12-17,109.23660278320312,109.32371198147725,108.97526854237496,109.06237774064908,278060
2019-12-18,109.14949035644531,109.14949035644531,108.75748900679788,109.01882323989616,289620
2019-12-19,108.36548614501953,109.01881503257471,108.36548614501953,109.01881503257471,442620
2019-12-20,107.92993927001953,108.23482477115974,107.79927215638645,107.88638135014001,480460
2019-12-23,107.66858673095703,107.75569590989545,107.49436837308019,107.53791963954723,237120
2019-12-24,107.72103881835938,107.89583702545998,107.54624061125877,107.63363971480908,130700
2019-12-26,106.71593475341797,107.45883715176679,106.71593475341797,107.45883715176679,241760
2019-12-27,106.80333709716797,107.065541089535,106.3226386686611,106.3226386686611,421800
2019-12-30,107.50254821777344,108.02694955838152,106.80334198487945,106.89074776508481,358120
2019-12-31,107.32774353027344,108.0269430529364,107.24033775533171,107.8084419518309,252360
2020-01-02,105.62342834472656,106.67223760512964,105.62342834472656,106.45373650939453,549180
2020-01-03,106.49742889404297,106.97813395460581,105.92932473195708,106.97813395460581,445580
2020-01-06,105.88562774658203,107.50253445145472,105.84192486207574,107.41513535056613,273320
2020-01-07,105.88562774658203,106.19152793375406,105.6234237757923,105.84192486207574,252460
2020-01-08,105.0990219116211,106.10412823650046,104.61831685724975,105.88562715144512,375840
2020-01-09,104.22502899169922,104.83682942964171,104.05023077175126,104.22502899169922,333360
2020-01-10,104.44351959228516,104.6620206792983,103.7880163312457,103.7880163312457,196660
2020-01-13,103.30731964111328,104.18132405996576,103.26362342104538,104.05022873163752,248800
2020-01-14,103.74433135986328,103.83173714425988,103.21992999410948,103.35103200257922,300460
2020-01-15,103.70063018798828,104.00653041440569,103.21992506924319,103.70063018798828,277560
2020-01-16,102.73922729492188,103.39473064218478,102.69552440452107,103.21992574870642,224000
2020-01-17,102.17111206054688,102.78291245154226,102.17111206054688,102.25851116381419,254280
2020-01-21,102.25851440429688,102.56441460948828,101.99631041806175,102.56441460948828,251580
2020-01-22,102.04002380371094,102.12742291874007,101.38452043880487,101.73412356704644,297120
2020-01-23,101.82152557373047,102.52073185007055,101.64672733870806,102.08372959438931,434000
2020-01-24,102.56440734863281,103.00140951600503,101.16600174666652,101.20970463065329,492500
2020-01-27,104.70573425292969,105.09903358245407,104.13763003507526,104.88053247313503,830400
2020-01-28,103.04512786865234,104.2250325640544,102.87032297458822,103.91913233459829,418860
2020-01-29,102.95773315429688,103.35103251352534,102.38962889353618,102.4770280102397,252600
2020-01-30,102.56440734863281,103.87541385074944,102.52071113276993,103.61321655120045,724080
2020-01-31,104.18132019042969,104.53092327861052,102.12741121603821,102.12741121603821,648620
2020-02-03,102.60811614990234,103.7443178497191,102.38961505361556,103.65691874482924,444260
2020-02-04,100.3357162475586,101.55931717623312,100.0735122381998,101.16601783031987,622760
2020-02-05,99.8987045288086,100.51050493507672,99.0247001380688,99.0247001380688,544160
2020-02-06,99.02470397949219,100.0298037333339,99.02470397949219,99.63650440949363,373360
2020-02-07,99.54910278320312,99.8113001030912,98.9809985879257,99.54910278320312,439800
2020-02-10,98.36919403076172,99.85499878526214,98.3254911452253,99.85499878526214,502220
2020-02-11,98.36919403076172,98.58769512219556,97.45148677948997,97.75738697387251,539800
2020-02-12,97.36408996582031,97.97589036897038,97.32038707925632,97.80109215896302,396840
2020-02-13,97.49520111083984,98.15070446209661,97.14559798987791,98.10700157142952,511960
2020-02-14,97.27669525146484,97.6699945757954,97.18928947439176,97.4077905808253,369200
2020-02-18,97.18928527832031,97.8010923507947,97.01448706797008,97.71369324561958,318220
2020-02-19,96.27159118652344,96.70859341009538,96.05309007473747,96.57749140939885,242060
2020-02-20,97.23298645019531,98.32549191592784,96.35898207760928,96.53378028487681,684980
2020-02-21,99.11210632324219,99.46170943813564,97.53889564028405,97.71370053179318,863880
2020-02-24,102.82662200927734,103.39472621956332,101.69041358870538,102.73922290033902,1589840
2020-02-25,105.62342834472656,105.97303143152759,101.73411150789133,101.99630882189891,2631820
2020-02-26,105.14273071289062,105.92932932885732,103.35101904735691,105.0553249394505,2336500
2020-02-27,110.43045806884766,110.51785717796312,106.23524081818408,107.89584389575165,3503360
2020-02-28,110.08085632324219,114.49458140337006,109.64385410414535,114.18867451550253,8143300
2020-03-02,104.74943542480469,110.29936253019537,104.70573920175043,108.7261584696171,2851780
2020-03-03,108.1143569946289,108.98836151897716,103.21993299190375,104.35614154080662,4738260
2020-03-04,103.70063018798828,107.1529451269308,103.61323107588686,106.10414244546403,2154760
2020-03-05,106.7596435546875,107.5462488833919,104.57463245724455,106.27893844600017,1601640
2020-03-06,108.59506225585938,111.17337293794353,108.0706608743656,110.47417331866028,4213720
2020-03-09,116.06779479980469,121.7488237821963,112.22216717920517,117.9906019419796,2123540
2020-03-10,109.86235046386719,116.11148992852407,109.7749513574514,111.69776503922068,1818860
2020-03-11,114.66938781738281,115.9803945683504,111.6977778496897,112.44067367348782,1959060
2020-03-12,125.15740966796875,125.37591073698974,117.335074064267,122.75389790873795,4513040
2020-03-13,113.4020767211914,124.50193050372287,113.0087773882522,118.03430294622407,4268380
2020-03-16,126.33732604980469,127.77942783105263,118.8208836271703,125.85662101063957,3992220
2020-03-17,118.68980407714844,127.64834947075272,116.81068655381362,123.62792376448917,3829960
2020-03-18,122.01101684570312,128.3912381540094,120.3504005210938,125.50703436751411,2429180
2020-03-19,120.96221160888672,125.37593678743796,116.94179910529274,122.49171940983271,2040180
2020-03-20,125.90035247802734,126.20624605513004,117.5973096234464,118.20911011390228,2358540
2020-03-23,125.68180084228516,129.78961772595872,122.97238261249773,125.55069221657247,2442800
2020-03-24,116.02409362792969,120.21931775969237,115.89299829166362,118.34020014362946,2018340
2020-03-25,116.96525573730469,118.32225207197416,112.32516453942685,115.47691476823405,2107880
2020-03-26,110.70549774169922,115.95842777318096,110.22398316314762,115.91465068447356,2067640
2020-03-27,114.55765533447266,114.82029115096834,111.49343944625168,113.55083572196854,1499600
2020-03-30,110.26774597167969,113.7259219989222,109.9613264101872,113.41950911687519,1477260
2020-03-31,111.23078918457031,111.8874053977509,108.42922266733247,110.48661879940921,1375220
2020-04-01,115.82710266113281,116.74636803123924,112.80667075268977,114.51387023494966,1547740
2020-04-02,113.55084228515625,116.74638294577188,113.4195243693183,116.43995666362629,1300920
2020-04-03,115.12671661376953,116.39617203393006,112.89421867685722,113.94480201220068,678960
2020-04-06,106.9408950805664,111.44966107290323,106.2405017825439,110.70549068896224,1356540
2020-04-07,107.07221984863281,107.11599025518333,103.52648962520897,103.7453616962982,1607380
2020-04-08,104.7521743774414,106.94089508453611,104.35820064249705,105.93408222338344,1114740
2020-04-09,104.57707977294922,105.45256811488917,103.26384726003928,103.70159143100926,1714060
2020-04-13,103.35139465332031,105.54011536449232,103.08874549620147,104.88349915114073,1058540
2020-04-14,98.79885864257812,101.60042536119917,98.5799865557849,101.25022868644079,1307340
2020-04-15,99.89320373535156,101.03134108366429,99.1490400904294,100.41849532709398,646260
2020-04-16,98.0546875,99.8056640625,97.616943359375,98.8426282890141,922820
2020-04-17,97.3105239868164,98.7113039036622,96.65390777459692,96.82900275941057,1260240
2020-04-20,98.40489196777344,98.40489196777344,96.9165577637161,98.18601988006907,638160
2020-04-21,101.99440002441406,102.56346882825073,99.10528559228725,99.36793478773387,1409900
2020-04-22,98.93017578125,100.2871852889657,98.3173366561532,99.8056640625,690100
2020-04-23,99.19282531738281,99.36792030252535,97.35429457615852,98.62375659650128,1067780
2020-04-24,97.52940368652344,99.67434747577782,97.39807909791794,98.97396080229188,697000
2020-04-27,96.8727798461914,97.26674690174836,96.34748821230029,96.56636028304206,657700
2020-04-28,98.66752624511719,98.75508041646141,95.99729100525536,96.08483849715411,1091800
2020-04-29,95.29690551757812,96.91655762844054,94.6840663446397,96.43504304383065,974820
2020-04-30,95.0780258178711,95.86596660531069,94.72782917018178,94.72782917018178,1082100
2020-05-01,97.92335510253906,98.31732880530924,96.17237867985818,97.13541437644368,921840
2020-05-04,96.6539077758789,98.57997932663672,96.61013068995214,98.40488434182075,967000
2020-05-05,95.60333251953125,95.9535292224217,94.5089719976527,95.73465711804597,799540
2020-05-06,94.99048614501953,95.42823032080304,94.1587748828093,94.81539114648456,716360
2020-05-07,93.80858612060547,94.37765493302363,93.41461232149446,93.80858612060547,848700
2020-05-08,92.49534606933594,93.50215901377662,92.4515689797944,93.108185246241,665980
2020-05-11,91.75118255615234,93.19573300275975,91.22588419799027,93.10818550288144,529840
2020-05-12,93.58970642089844,93.58970642089844,91.22588385635966,91.40098553490664,1022740
2020-05-13,94.68406677246094,95.86597471386595,92.53911629859265,93.32705715267801,1758820
2020-05-14,93.67725372314453,96.17239419203067,93.67725372314453,95.34068292888396,1080380
2020-05-15,93.02064514160156,95.16558911073516,93.02064514160156,94.99049409754137,929720
2020-05-18,91.31344604492188,92.10138028943578,90.87570182932674,91.75119026051699,985480
2020-05-19,91.53229522705078,91.61984271235286,90.35038079741524,91.18209860639747,801680
2020-05-20,89.73756408691406,90.525505009908,89.56246907266947,90.525505009908,596740
2020-05-21,90.7443618774414,90.9194568622798,89.43112945281692,89.73754901600687,1384240
2020-05-22,90.35038757324219,91.22587585081021,90.30661716703108,90.9194562895505,819800
2020-05-26,90.613037109375,90.7005846016109,88.862060546875,88.9058376327157,699500
2020-05-27,90.13151550292969,92.62666243752946,90.08774509671902,90.788131711099,1255500
2020-05-28,90.3066177368164,90.65681438594227,88.8620607338257,90.65681438594227,1088700
2020-05-29,89.08094024658203,90.70059236972158,88.81829106793407,90.08775319213778,1491040
2020-06-01,88.55565643310547,89.38736777360911,88.46810892559667,89.25604317262257,589820
2020-06-02,87.98658752441406,89.43114477488334,87.98658752441406,88.51187924837198,783940
2020-06-03,87.6363754272461,88.1178966526679,87.37373295110778,87.767700005038,577500
2020-06-04,88.2054443359375,88.7307359687984,87.1986314766109,87.8114772811532,1453040
2020-06-05,86.49825286865234,87.986580412812,86.23560368817893,87.8552558225753,1272380
2020-06-08,85.75408172607422,87.1110913485078,85.75408172607422,86.49825217160326,606880
2020-06-09,85.2287826538086,86.19181842514772,84.87858600620015,86.19181842514772,666220
2020-06-10,84.09064483642578,84.74726099075671,83.5653465694051,84.61593642400155,1245540
2020-06-11,88.24922943115234,88.33677693133393,85.09746598904638,85.53521016940041,2149920
2020-06-12,87.59261322021484,89.16848826289386,85.92918399784857,86.32315108865679,2553740
2020-06-15,86.54203796386719,89.2560510116828,86.27939541827375,88.94963136876683,1419520
2020-06-16,84.96613311767578,86.36691291227042,84.48461193229406,84.65970690182654,1664580
2020-06-17,84.8348159790039,85.05368804980658,84.13442268065715,84.52839641576927,722520
2020-06-18,84.52841186523438,85.14125110371377,84.44085767735439,84.92237899290731,660700
2020-06-19,84.52841186523438,85.18502819765375,83.60914632806853,83.65292342200853,1467300
2020-06-22,83.56534576416016,84.70348309247785,83.4777982803153,84.52838812478815,550500
2020-06-23,82.82119750976562,83.1713941896111,82.03325664997483,82.99629918941142,1160940
2020-06-24,84.484619140625,85.0536878593266,82.6898654922843,83.17138671875,2294840
2020-06-25,83.6966781616211,85.40388431385057,83.60913066958393,84.52839603458791,1596640
2020-06-26,85.75408172607422,85.84163590515722,83.74046251664068,83.87178710581911,1591020
2020-06-29,84.74726867675781,86.71711731840249,84.74726867675781,85.84162903322708,1580100
2020-06-30,83.17139434814453,84.83482357099665,82.90874516789826,84.74727607072992,1247440
2020-07-01,82.1645736694336,83.2589340184656,81.81437702185426,83.12760944069265,1577620
2020-07-02,81.6392822265625,81.7268297187984,80.8951185233891,81.3328626640141,1069720
2020-07-06,79.5381088256836,80.50114459686912,79.36301384163004,80.45737419057848,1196620
2020-07-07,80.15096282958984,80.19473324035896,78.79395318627006,79.6256644647911,1022900
2020-07-08,79.1003646850586,80.10717754196695,79.01281719303297,79.66943340239335,971580
2020-07-09,78.35619354248047,79.75697332020009,78.18109857505733,78.48751810777024,1645600
2020-07-10,77.8309097290039,79.23168964653419,77.7433622365543,78.44374885559668,1244340
2020-07-13,79.40678405761719,79.66943321251355,76.12370301863999,76.99919129570057,2336900
2020-07-14,78.79395294189453,81.20154594845242,78.75017585181503,80.19473299163899,2487560
2020-07-15,78.75017547607422,79.75698842808384,78.13733629456198,78.4437558853181,1661380
2020-07-16,79.3192367553711,80.28227252655027,79.05659427929248,79.58188591089518,1227280
2020-07-17,79.18792724609375,79.84454358040448,78.88150762597144,79.10037973740835,1055680
2020-07-20,76.86787414550781,79.31923733745829,76.69277248072493,78.9252702807265,1384760
2020-07-21,77.69957733154297,77.96222646190641,76.38634503861549,76.43012212015768,1621320
2020-07-22,77.43693542480469,78.1373287181461,77.13051586375988,77.56826000223688,1149400
2020-07-23,79.45056915283203,79.88831333549226,77.30562532957535,77.5682678315038,2098860
2020-07-24,80.1947250366211,81.50795745538491,79.75698089703316,80.67624626194602,2062500
2020-07-27,78.79395294189453,79.88831339942085,78.61885794046879,79.66944130791559,884060
2020-07-28,79.71321105957031,79.84452895882738,78.837722774147,79.01281775945345,892820
2020-07-29,78.79395294189453,79.40679212633081,78.57508085038927,79.23169712490507,870700
2020-07-30,78.35619354248047,79.80075040177829,78.2686460587689,79.45055378748718,1473580
2020-07-31,77.04296112060547,78.48751797750579,76.9554136370392,76.9554136370392,1546500
2020-08-03,75.9486083984375,76.3863525390625,75.729736328125,76.3863525390625,1055060
2020-08-04,75.64218139648438,76.34256794493409,75.64218139648438,76.16747297768288,1290260
2020-08-05,75.42332458496094,75.81729168058911,75.33577708364871,75.55464917665239,755200
2020-08-06,74.46028137207031,75.68595962851869,74.3727271999421,75.55464172921747,823720
2020-08-07,75.29199981689453,75.94861609436745,74.41651144693064,74.67916062969829,866980
2020-08-10,75.64218139648438,76.64899415679099,75.20443729891149,75.24820770100186,956360
2020-08-11,77.13052368164062,77.21807118232067,75.64219613174144,76.03616322452471,1393760
2020-08-12,75.11689758300781,76.47390041814242,74.854248425526,76.47390041814242,1422280
2020-08-13,74.98558044433594,75.2482229484316,74.32896416492747,74.94180335393023,874280
2020-08-14,75.02935028076172,75.42332405305768,74.72293068860674,74.81047818930156,602860
2020-08-17,74.19763946533203,74.59160656062612,74.11009196409404,74.54783614973022,747240
2020-08-18,73.49723815917969,74.28517894412015,73.32214317561314,73.93498229754155,808380
2020-08-19,73.93499755859375,74.06632216309835,73.1908337056635,73.45348291467269,877840
2020-08-20,72.97196197509766,74.28519466815682,72.79686695446853,74.19764715784224,900060
2020-08-21,72.4466552734375,73.0594943985343,72.3153306953609,72.9281764999032,860780
2020-08-24,71.96514892578125,72.57799485702958,71.3523096739798,71.6149588844358,862760
2020-08-25,71.39608001708984,72.27156839655412,71.39608001708984,72.18401421505068,742120
2020-08-26,69.9077377319336,71.13342265824163,69.82019023993563,71.13342265824163,931640
2020-08-27,70.12660217285156,70.65189374714043,69.42621563361465,69.64508767952206,1368700
2020-08-28,69.77642059326172,70.08284686709175,69.60132559059844,69.82019768365063,868300
2020-08-31,69.0760269165039,69.73264312924739,68.72583026715161,69.55754146484848,898260
2020-09-01,68.02544403076172,68.94470949581778,67.93789652919595,68.55074239904873,1133820
2020-09-02,67.36882781982422,68.63828997190812,67.19373281651082,67.19373281651082,1364140
2020-09-03,70.8270034790039,71.43984260574462,68.24430903472116,68.33186320663742,3625060
2020-09-04,71.65872192382812,74.59160663461027,70.34548936561706,71.17720732681845,4547200
2020-09-08,75.07310485839844,75.20442940978302,73.01570915152067,74.59158372980306,3743740
2020-09-09,72.8843994140625,74.2851793281734,72.3153306953609,73.5847927108407,1854200
2020-09-10,74.41651153564453,74.81047863081946,71.79004642262178,72.05269560570254,2594680
2020-09-11,74.85425567626953,75.81729154791125,73.58480021084812,73.84744271432521,1831740
2020-09-14,73.58480072021484,74.11009241025138,72.97195484896703,73.84744322550999,951840
2020-09-15,72.49044036865234,72.97195496887446,72.14024368157047,72.57798787056126,985540
2020-09-16,73.71611022949219,73.75988731510724,72.18400574520213,72.27155991643222,755540
2020-09-17,74.85425567626953,75.81729154791125,74.24141648871013,75.55464904443416,1622440
2020-09-18,75.86105346679688,76.95541371103964,74.37271952695981,74.46027369005512,1767480
2020-09-21,75.5108642578125,77.5682603828609,75.4233167655766,76.9554212577641,1939080
2020-09-22,74.0663070678711,75.72973613386829,73.89121208384844,74.67915287084138,961180
2020-09-23,76.34257507324219,76.6052242280881,74.1538543810111,74.19763146663391,1743240
2020-09-24,75.90483093261719,77.17429294174207,75.02934265574989,77.17429294174207,2023360
2020-09-25,74.19763946533203,76.25503580193282,73.97876737251394,75.77352120540074,975840
2020-09-28,72.66552734375,73.541015625,72.66552734375,72.8406223282218,1592960
2020-09-29,72.97196197509766,73.10328658029295,72.53421774407794,72.79686695446853,564780
2020-09-30,72.4466552734375,72.9719469062984,71.6149440780282,72.9719469062984,1175960
2020-10-01,71.2647476196289,71.96513423882881,71.1334230412022,71.39607219805562,948460
2020-10-02,73.36592864990234,73.5410236534893,71.96514190342175,72.92818446148871,1765760
2020-10-05,71.74625396728516,72.84061419667904,71.6587064848226,72.84061419667904,724260
2020-10-06,72.97196197509766,73.23461118548825,71.48363426140936,71.92137849242908,1123120
2020-10-07,71.65872192382812,72.44666279464401,71.52739733211777,72.27156779199434,656640
2020-10-08,71.30852508544922,71.65872176944025,71.0896529928856,71.1334300831768,560660
2020-10-09,70.30170440673828,71.04586803317456,70.25792732541181,70.95832054996643,675140
2020-10-12,67.9816665649414,69.33866939700405,67.41259784464941,69.0322498335993,1464840
2020-10-13,68.06920623779297,68.41940284693102,67.54391466380828,67.6314621462316,885300
2020-10-14,68.6382827758789,69.07602691771558,67.7190174062437,67.89411907064567,743360
2020-10-15,69.11980438232422,69.99529275539709,68.98848646992025,69.86397484299312,885680
2020-10-16,69.55754089355469,69.55754089355469,68.37563305621283,68.76960678829043,688780
2020-10-19,70.65189361572266,70.91454274210092,68.813369769409,68.98847141347609,1102640
2020-10-20,70.43302917480469,70.8707733130681,69.68886547564598,70.47680626040922,881440
2020-10-21,70.476806640625,70.6519016250968,69.7764133438468,70.3892591483891,569520
2020-10-22,70.56434631347656,71.39606409616697,70.082831819814,70.34547426741774,762200
2020-10-23,70.34548950195312,71.13343037429611,70.34548950195312,70.34548950195312,537000
2020-10-26,71.4398422241211,72.35910758876707,70.25793438346591,71.08964557666332,1248380
2020-10-27,70.87076568603516,71.52738182276597,70.65189364045821,71.2647393757405,430200
2020-10-28,73.62857055664062,73.7161180577223,71.92137090748648,72.00891840856815,1970220
2020-10-29,72.31533813476562,73.40969859890993,71.5273972646925,73.32215109766761,879080
2020-10-30,74.15385437011719,74.81047057769005,72.66552697139689,72.84062195497147,2524640
2020-11-02,73.97876739501953,74.85425576655823,73.0157315222162,73.54102320925018,1233040
2020-11-03,72.75308227539062,73.75989523766943,72.14024308762764,73.45347564378793,1076600
2020-11-04,69.5137710571289,70.78322639663278,68.98847942283231,70.25793476233619,3009000
2020-11-05,67.58769226074219,68.24430846798818,67.41259727725478,67.89411850101335,1537200
2020-11-06,67.6314697265625,68.725830078125,67.4563747420907,67.8941188827157,770120
2020-11-09,68.98847961425781,69.07602710697591,66.5808868275596,66.931076798432,3206560
2020-11-10,70.17037963867188,70.87076618175018,69.46998641614877,69.73263554445614,1676860
2020-11-11,68.59451293945312,69.68887340970429,68.50696543772227,69.64510299856197,680300
2020-11-12,68.98847961425781,69.2511220924121,68.11299132818573,68.41941089242185,821980
2020-11-13,68.2880859375,69.0760267265141,68.2005384452641,68.5945055000484,644440
2020-11-16,67.89411163330078,68.55072777412789,67.71900998808002,68.46317361179511,543640
2020-11-17,68.02544403076172,68.15676862283347,67.67525402449867,67.76280152606444,506160
2020-11-18,68.59451293945312,68.59451293945312,67.76280165384074,68.11299834021035,451000
2020-11-19,67.9816665649414,68.8133777626751,67.93788947897836,68.68205318423149,409800
2020-11-20,68.5069580078125,68.5069580078125,67.850341796875,67.9816663749516,407720
2020-11-23,68.37562561035156,68.9884713448093,67.89411111839699,68.24430104729313,535040
2020-11-24,67.50013732910156,68.63827463466009,67.36881276623792,68.20053054474447,728140
2020-11-25,67.01863861083984,67.4563828037795,66.93108442869487,67.23751070730967,329940
2020-11-27,66.4057846069336,66.71220416860531,66.1869125372473,66.62465667661989,460840
2020-11-30,66.31824493408203,67.36882832066522,66.23069743177449,66.36202202495895,582040
2020-12-01,65.39898681640625,66.05560317672939,65.09256718414485,65.79296064026835,741960
2020-12-02,65.3552017211914,66.09936542652811,65.267654228701,65.74916877712099,351960
2020-12-03,65.223876953125,65.4427490234375,64.9174573905766,65.2676540389657,414720
2020-12-04,65.00501251220703,65.39897961322977,64.96123542122838,65.22388460820773,449960
2020-12-07,64.65480041503906,65.00499702107521,64.5672529333912,65.00499702107521,426300
2020-12-08,64.43594360351562,65.09255989026228,64.34839610117199,64.74236320144148,537480
2020-12-09,65.7929458618164,66.09936542524964,64.39216594366049,64.4797134361492,980700
2020-12-10,65.61785125732422,66.5808938166519,65.35520875159996,66.36202172215856,735540
2020-12-11,65.70540618896484,66.49334039458124,65.70540618896484,66.01182578886525,677920
2020-12-14,65.26766204833984,65.48653414551141,64.8299178539967,65.44275705429857,600500
2020-12-15,64.52349090576172,65.22388428123129,64.52349090576172,64.78614009142437,439140
2020-12-16,64.2170639038086,64.69858512884969,64.04196891985482,64.43593597347355,347200
2020-12-17,63.82310485839844,64.1295244584883,63.73555735543653,63.82310485839844,529000
2020-12-18,64.04197692871094,64.43594403159776,63.60423273463834,63.60423273463834,397860
2020-12-21,64.1295166015625,65.1800998672843,63.9981920234859,64.6110378280282,705040
2020-12-22,63.910640716552734,64.5234798050704,63.735545742532,63.91064071655273,343420
2020-12-23,64.26084899902344,64.26084899902344,63.82310480513287,63.86687521685414,514580
2020-12-24,63.99820327758789,64.17330497229688,63.86687867641783,64.12952787875795,141340
2020-12-28,63.341575622558594,63.779319761870596,63.21025104487589,63.34157562255859,305820
2020-12-29,63.29780578613281,63.42912368555222,62.90383204953797,63.035156628402916,545120
2020-12-30,63.29780578613281,63.385353278894264,62.947609135641464,63.035156628402916,546160
2020-12-31,63.07892608642578,63.47289309593299,62.991371924806636,63.21024396996503,496360
2021-01-04,63.95442581176758,64.82991415043956,62.772511211003625,62.8162882997156,774500
2021-01-05,63.42913055419922,64.21707143326833,63.429130554199226,64.21707143326833,434320
2021-01-06,64.30461883544922,64.65481552331794,63.42913045550058,64.3921730170011,1304560
2021-01-07,62.728729248046875,63.735541987969064,62.5974046855449,63.735541987969064,907200
2021-01-08,61.89700698852539,62.7724951025325,61.89700698852538,62.290980647495125,782500
2021-01-11,62.8162841796875,62.9913791641593,62.3347629532218,62.5098646171391,474460
2021-01-12,62.90383529663086,63.47290404812391,62.641192804788915,62.86006488771348,566680
2021-01-13,62.4660758972168,62.99136743224404,62.3785284212863,62.86004955807042,384840
2021-01-14,62.8162841796875,62.9476087577641,62.2034450545907,62.4223171249032,332200
2021-01-15,63.29780578613281,63.604225350520665,62.728737064015064,62.86006164288002,615280
2021-01-19,62.378543853759766,63.07893719336982,62.290996356169984,62.90383551874435,483860
2021-01-20,60.93397903442383,61.765696854616685,60.758884061459575,61.72191977165309,844840
2021-01-21,60.408695220947266,60.93398688697936,60.321147723182904,60.7151148028455,544980
2021-01-22,60.67134094238281,60.75888843516701,60.45246887069953,60.671340942382805,374220
2021-01-25,60.05849838256836,61.4155079721836,59.70830171304386,60.01472797353149,1289240
2021-01-26,60.014732360839844,60.32115196428202,59.88340776523709,59.970955269156796,784000
2021-01-27,61.721927642822266,62.07212431285512,60.45247222832982,60.45247222832982,1967340
2021-01-28,61.32796096801758,61.634380551524295,60.36491844921651,61.503055964465425,849800
2021-01-29,62.597415924072266,62.991383002864985,61.45927841731076,61.6343800918988,1331700
2021-02-01,61.02153396606445,62.33476646185734,60.89021606004187,61.89702229659304,1036600
2021-02-02,60.102264404296875,60.5400084907383,59.83961528065415,60.49623141031629,1194980
2021-02-03,60.36491775512695,60.36491775512695,59.62075400961121,59.70830150682849,505660
2021-02-04,59.620750427246094,60.277366636091195,59.576980020990376,60.014724160220446,463360
2021-02-05,59.35810470581055,59.708294654490636,59.22678013533296,59.445652192980575,652620
2021-02-08,59.007911682128906,59.40187873818168,58.964134596147254,59.09545917464669,524540
2021-02-09,59.007911682128906,59.18300666716447,58.7890396111117,59.18300666716447,667180
2021-02-10,59.09546661376953,59.70830581798563,58.6577224166305,58.74526992016903,1043580
2021-02-11,58.83280944824219,59.22678317992745,58.745261956571724,58.87658653380014,724580
2021-02-12,58.438846588134766,59.139239930632364,58.438846588134766,58.96413825528499,555860
2021-02-16,58.65772247314453,58.8328174803903,58.17620118404913,58.307525779206635,652980
2021-02-17,58.87659454345703,59.57698793099417,58.87659454345703,59.18301414571214,810380
2021-02-18,59.13923645019531,59.92717056482652,59.05168227795136,59.620751000309326,889180
2021-02-19,59.489437103271484,59.5769912912366,58.87659786419609,58.87659786419609,761800
2021-02-22,60.93397903442383,61.02152652090595,60.014720407193906,60.27736286664028,1165880
2021-02-23,61.152854919433594,63.12270354612617,60.84643535783718,61.940795705999726,2709460
2021-02-24,60.67134094238281,62.20344544416575,60.58378677015306,61.63437672190012,1299240
2021-02-25,62.8162841796875,63.03515625,60.6713405624032,61.1966321952641,2844040
2021-02-26,62.378543853759766,63.12270760244175,61.50305551897016,62.15967177006236,2313820
2021-03-01,60.67134094238281,61.72192421468432,60.54001636348373,61.45927505688617,1340640
2021-03-02,61.59060287475586,61.63437996317291,60.45247204981731,60.45247204981731,992740
2021-03-03,63.341575622558594,63.38535270826799,61.590599065310556,61.80947113496656,1742120
2021-03-04,64.34840393066406,65.22389241951663,62.77252197895059,63.47291544181149,3920020
2021-03-05,63.38536071777344,65.79295378821793,63.21025903225513,63.82310491239971,3276600
2021-03-08,65.18010711669922,65.3114317093819,63.12271076282457,63.51668454087264,2601960
2021-03-09,62.597415924072266,63.64799925381679,62.203448845279546,63.56045175624573,2016920
2021-03-10,62.77250671386719,62.94760837672455,61.67814636892916,61.76570054008057,1885800
2021-03-11,61.37173080444336,61.984576645181264,60.97776372639077,61.80947497092219,1366140
2021-03-12,61.809478759765625,62.641196734726215,61.809478759765625,62.115898359194766,1451700
2021-03-15,61.152854919433594,62.072120283668326,61.1528549194336,61.80947112833112,1007080
2021-03-16,60.80266571044922,61.109091988977895,60.1460494212243,60.75889529883534,1031380
2021-03-17,60.54002380371094,61.76570889166023,60.23360420158521,61.45928261008813,1371940
2021-03-18,62.4660758972168,62.50985297490418,61.32794535123181,61.54681738078019,1991440
2021-03-19,62.203433990478516,62.9038204832336,61.89700780298857,62.50985349852414,1577560
2021-03-22,61.0652961730957,61.765689338615005,60.6275521145072,61.721912260978456,1157640
2021-03-23,61.37173080444336,61.45927830184994,60.583789968892276,60.802662052131694,1327260
2021-03-24,62.33475875854492,62.42231292433457,61.06530350793575,61.06530350793575,1353520
2021-03-25,62.50986099243164,63.25402465245384,62.159664364349105,62.72873305005259,1851440
2021-03-26,61.50304412841797,62.816276387387745,61.459267048007774,62.5098568628504,1448300
2021-03-29,61.54682922363281,62.20344543862415,61.32795715196903,61.59059963029824,1241200
2021-03-30,61.809478759765625,62.37854754696049,61.721931256992484,61.89702626253876,898460
2021-03-31,60.89020919799805,61.546825371896894,60.583782973289146,61.45927120515428,1693640
2021-04-01,59.83961868286133,60.18981530781399,59.83961868286133,60.14603822490301,857420
2021-04-05,58.65772247314453,59.44566336464321,58.52639787798702,59.35811586102033,908640
2021-04-06,58.745269775390625,58.8328172787134,58.35130267071498,58.65772227206786,806820
2021-04-07,58.52639389038086,58.96413805811662,58.39506930417095,58.74526597424874,621880
2021-04-08,57.95732116699219,58.17619323586972,57.91355076088396,58.044875338099565,760000
2021-04-09,57.60713195800781,58.307518579960295,57.5195777857489,58.21997108714693,1008500
2021-04-12,57.69468688964844,58.001106493726006,57.60713938554719,57.738457301975856,1168040
2021-04-13,56.90673828125,57.3882595077157,56.90673828125,57.3882595077157,1192640
2021-04-14,57.69468688964844,57.826011485523516,56.950523085618215,56.950523085618215,1869580
2021-04-15,56.73164749145508,57.16939166444641,56.73164749145508,57.08183748629134,1499380
2021-04-16,56.73164749145508,57.03806707665981,56.68787040237754,56.68787040237754,1213780
2021-04-19,57.16938781738281,57.56335487478564,56.77541408053444,56.95051574561557,1764780
2021-04-20,57.69468688964844,58.001106493726006,57.12561809382071,57.38826728557086,1923700
2021-04-21,57.08184051513672,58.088653502328945,57.08184051513672,57.913558495620016,1247040
2021-04-22,57.82600784301758,58.04487992920698,57.038066996846545,57.256939083035945,2084100
2021-04-23,57.1256103515625,57.7384494766593,56.8629611954093,57.7384494766593,1103580
2021-04-26,56.6878662109375,57.1693874374032,56.6878662109375,57.0818332657218,1266000
2021-04-27,56.95051956176758,57.125614559135954,56.644093297203916,56.644093297203916,1288260
2021-04-28,57.21316146850586,57.30070896628828,56.86296479793025,57.03806647294102,1278440
2021-04-29,57.03806686401367,57.519581444841386,56.51277519427164,56.51277519427164,2134400
2021-04-30,57.388267517089844,57.51958543404828,56.95052331537122,57.43203792959385,1385000
2021-05-03,57.650901794433594,57.73844928638098,56.99428558565999,57.125610163303804,1354280
2021-05-04,58.70149230957031,59.31433143863407,58.04487609438248,58.13242358718508,2298160
2021-05-05,58.87659454345703,59.00791913855104,58.132430743852794,58.3075257510139,1476060
2021-05-06,58.438846588134766,59.31433492653379,58.39506949943644,58.920367846032605,2194560
2021-05-07,57.913551330566406,58.13242340159694,57.51957759504415,57.869774244582096,2330300
2021-05-10,59.489437103271484,59.48943710327148,58.17620443715558,58.17620443715558,2018340
2021-05-11,59.44565963745117,60.67134464966123,59.3143350505276,60.49624297394782,3082180
2021-05-12,61.02153396606445,61.1966356398377,60.01472772951328,60.36491771816801,2680320
2021-05-13,60.58378982543945,61.02153399088178,59.97095066559855,60.45247191936346,2163420
2021-05-14,59.18301010131836,60.01472802711235,59.00791510612274,59.88340344099267,1601700
2021-05-17,59.533206939697266,60.10227569486297,59.40188235320581,59.533206939697266,1252840
2021-05-18,59.883399963378906,60.014724541872155,59.183006664378595,59.358108328851436,939360
2021-05-19,59.883399963378906,61.0653078109271,59.883399963378906,61.02153072494751,1562900
2021-05-20,58.70149230957031,59.62075100316594,58.57016773064363,59.57698059648742,1364840
2021-05-21,59.007911682128906,59.139236260628344,58.35129546907728,58.35129546907728,1614680
2021-05-24,58.08864974975586,58.65771850396711,57.82600725665938,58.65771850396711,1244380
2021-05-25,57.95732116699219,58.17619323586972,57.650901606452734,57.69467869200643,1380020
2021-05-26,57.82600784301758,58.001102840190704,57.694683255414745,57.82600784301758,826480
2021-05-27,57.95732116699219,58.00109825254587,57.69467869200643,57.826003269222035,1153320
2021-05-28,57.82600784301758,57.869778252587864,57.51958157879563,57.782230754001304,837800
2021-06-01,58.00110626220703,58.2199783613097,57.47581456024991,57.5633620640017,1005720
2021-06-02,57.913551330566406,58.17619380813573,57.73844966607467,57.869774244582096,865660
2021-06-03,58.482627868652344,58.789047473165844,58.13243117230274,58.39507368498013,1537400
2021-06-04,57.432037353515625,58.17620115308358,57.38826694145067,58.17620115308358,1111960
2021-06-07,57.344486236572266,57.69468290825731,57.300709147819404,57.563358321444674,768240
2021-06-08,57.30070877075195,57.563357942648864,56.81919419486882,56.950518780817276,944600
2021-06-09,57.30070877075195,57.30070877075195,56.90674169235249,56.950518780817276,1034160
2021-06-10,56.64408874511719,57.256934545548404,56.64408874511719,57.16938705389979,1122060
2021-06-11,56.51277160644531,56.77541408491896,56.51277160644531,56.68786659209441,554860
2021-06-14,55.98747634887695,56.600318814736326,55.94370260268473,56.468994236436906,791100
2021-06-15,56.33767318725586,56.468997773781744,55.987479856058435,56.075030693650014,1119320
2021-06-16,56.55654525756836,57.125614012741565,56.075030679687906,56.25012567538154,1622460
2021-06-17,55.76860809326172,56.73164727398482,55.63728350597853,56.6878701850751,1973900
2021-06-18,56.29389953613281,56.33766994282346,55.89992579924372,56.118797871033586,1985780
2021-06-21,55.85615539550781,56.600322487961265,55.85615539550781,56.29390290500706,1256060
2021-06-22,55.37464141845703,55.943710215563655,55.28709391415903,55.943710215563655,1114520
2021-06-23,55.37464141845703,55.462188922755026,55.15576931798882,55.33086766630803,1186840
2021-06-24,54.98067092895508,55.11199552502804,54.76179882864895,55.024444681071664,1630920
2021-06-25,55.06821823120117,55.155765729803726,54.8493461449718,54.93689364357435,1532460
2021-06-28,54.32404708862305,54.89311580632953,54.32404708862305,54.89311580632953,1291480
2021-06-29,54.19272994995117,54.5429232844958,54.19272994995117,54.411602036437685,865140
2021-06-30,54.23649978637695,54.36782102496081,54.14894895426496,54.23649978637695,1114060
2021-07-01,54.280277252197266,54.54292308708588,54.19272975380873,54.32405100139154,1278000
2021-07-02,53.536109924316406,54.01762781276817,53.536109924316406,53.93007698049882,1333700
2021-07-06,53.404788970947266,53.973857730297375,53.36101522170256,53.53611355840436,1441500
2021-07-07,53.273460388183594,53.579883289361945,53.05458831865166,53.098365404336235,2270100
2021-07-08,53.6236572265625,54.23649969138205,53.44855890236795,54.0614013671875,2617960
2021-07-09,53.273460388183594,53.75498161293204,53.185912896259914,53.667430781285624,1283000
2021-07-12,53.054588317871094,53.27346038739981,53.0108145719099,53.054588317871094,831720
2021-07-13,53.09836959838867,53.18591709722742,52.61684833560656,53.09836959838867,1588160
2021-07-14,52.967044830322266,53.098369417856894,52.61684815671193,52.74817274424655,1779600
2021-07-15,53.31723403930664,53.62365358102348,52.92326367158319,52.92326367158319,1710740
2021-07-16,53.79875564575195,53.79875564575195,53.054588601541795,53.18591317985028,1406580
2021-07-19,54.14895248413086,54.586696654058265,54.10517873508271,54.324050820046416,2325800
2021-07-20,53.57987976074219,54.32404341225315,53.31723396254553,54.06139761405649,1390440
2021-07-21,53.14213943481445,53.66743106861434,53.14213943481445,53.62365732241815,1111420
2021-07-22,52.79194259643555,53.09836549815532,52.79194259643555,53.09836549815532,866480
2021-07-23,52.222877502441406,52.79194288349055,52.13532667016424,52.61684455865898,929600
2021-07-26,52.13532638549805,52.39797220144993,52.047778893421665,52.222877217297174,489540
2021-07-27,52.70439529418945,53.3172377601136,52.179100320659,52.179100320659,1285340
2021-07-28,52.48552703857422,52.87949746242847,52.26665495195775,52.48552703857422,1210280
2021-07-29,52.35419845581055,52.616844271764435,52.22287721769498,52.616844271764435,671560
2021-07-30,52.660621643066406,53.010814952996185,52.57307081079189,53.010814952996185,880460
2021-08-02,52.660621643066406,52.74816913561816,52.354198739689735,52.39797248596561,1190620
2021-08-03,52.39797592163086,53.05459217799076,52.310428423338735,52.573074257938096,1110720
2021-08-04,52.310420989990234,52.52929304434166,52.13532267856459,52.3979684758418,834640
2021-08-05,51.91645431518555,52.222877216896016,51.91645431518555,52.135326385097564,435420
2021-08-06,52.13532638549805,52.35419845541174,52.004005147383474,52.091552639459856,469860
2021-08-09,52.09156036376953,52.2666587136092,51.960235766458965,52.09156036376953,517140
2021-08-10,52.35419845581055,52.48552303364887,51.91645431597982,52.004005147779615,791500
2021-08-11,52.39797592163086,52.61684800708416,52.04778258873937,52.17910383617756,754640
2021-08-12,52.179100036621094,52.704395007292085,52.179100036621094,52.52929668373509,530820
2021-08-13,52.04777908325195,52.26665115396393,52.00400533705411,52.222877407766084,549620
2021-08-16,52.00401306152344,52.79195062929,52.00401306152344,52.222885164745804,806100
2021-08-17,52.48552703857422,52.83572037332677,52.26665495195775,52.441753289195525,1091620
2021-08-18,52.967044830322266,53.01081857959281,52.354202321365676,52.57307440744139,658660
2021-08-19,52.7481689453125,53.3172376640141,52.48552312888205,53.2734605781734,1438140
2021-08-20,52.179100036621094,52.61684417565222,52.135326290662526,52.61684417565222,808220
2021-08-23,51.34738540649414,52.04777531410777,51.25983458071587,52.00400157107988,875340
2021-08-24,51.216064453125,51.39116277731955,51.1285169608891,51.25983819924295,765140
2021-08-25,51.216064453125,51.3036119453609,51.0847398750484,51.216064453125,583140
2021-08-26,51.47871017456055,51.56626100635764,51.216064358614766,51.30361185068911,792160
2021-08-27,50.95341873168945,51.47871036552968,50.9096449854899,51.39116287313056,733040
2021-08-30,50.38434600830078,50.909640940122934,50.34057226557955,50.909640940122934,757120
2021-08-31,50.47190475463867,50.690776842317554,50.34058016614214,50.34058016614214,667160
2021-09-01,50.340576171875,50.38434991799295,50.07793035544455,50.340576171875,678200
2021-09-02,50.340576171875,50.5594482421875,50.1217041015625,50.2092515937984,589340
2021-09-03,50.253028869628906,50.559448433335774,50.16547803733925,50.515674687052325,701460
2021-09-07,50.121707916259766,50.38435375267984,50.07793416681025,50.209255415158786,758000
2021-09-08,50.340576171875,50.6469957344234,50.2092515937984,50.2092515937984,1201240
2021-09-09,50.51567840576172,50.559452155267564,50.121707980763084,50.25303256900363,645340
2021-09-10,50.90964126586914,50.95341500887045,50.16547427595682,50.29679884468326,923940
2021-09-13,50.90964126586914,51.21606080660082,50.47189715641101,50.55944464241363,1014260
2021-09-14,51.08474349975586,51.21606808715057,50.6032255788469,50.73455016624161,1028600
2021-09-15,50.69078063964844,51.30361985927969,50.60322979418449,51.0409740023344,940660
2021-09-16,50.646995544433594,51.12851676909299,50.55944805252611,50.822093867971304,831940
2021-09-17,51.17229461669922,51.39116670373409,50.69077669316709,50.69077669316709,1435900
2021-09-20,52.26665115356445,52.96704111189287,51.78513326594634,52.091552829051665,2765040
2021-09-21,52.222877502441406,52.39797248755021,51.82890710650107,52.04777917760984,1804700
2021-09-22,51.78513717651367,52.26665510049373,51.52248800004909,52.04778301325525,1343320
2021-09-23,51.25983810424805,51.653808498024986,51.12851686613756,51.56626100595133,1071940
2021-09-24,51.17229461669922,51.610038790768975,51.128520867236844,51.5662650413066,1440200
2021-09-27,51.5662727355957,52.004016974982,51.47872188388434,51.5662727355957,1491340
2021-09-28,53.09836959838867,53.142143347808044,52.17910416196683,52.31042874994795,2250960
2021-09-29,53.09836959838867,53.27346459606616,52.57307458618719,52.92327126098818,1402840
2021-09-30,53.36101150512695,53.40478525132283,52.66062154682464,52.923267363722665,1732540
2021-10-01,53.054588317871094,53.886302850024755,52.879493334026314,53.36101121904494,1716280
2021-10-04,54.10518264770508,54.499153097074355,53.229694244539225,53.27346799675287,2126120
2021-10-05,53.44855880737305,53.97385377902308,53.05458841356621,53.97385377902308,1354840
2021-10-06,53.01081848144531,54.01763141141871,53.01081848144531,53.842533074937734,1464840
2021-10-07,52.61684036254883,52.66061744505764,52.179096255240694,52.573066619762514,1320100
2021-10-08,52.79194259643555,52.92326717427584,52.35419845659823,52.39797220263742,1231860
2021-10-11,53.1859130859375,53.22968683205545,52.529296875,53.01081476174295,970660
2021-10-12,53.404788970947266,53.53611355840436,52.92327104980955,52.96704479905425,993280
2021-10-13,52.967044830322266,53.36101525320315,52.87949733178118,53.05459232886336,893840
2021-10-14,51.960235595703125,52.529304395881134,51.960235595703125,52.48553064349588,730460
2021-10-15,51.69758605957031,51.96023189489844,51.65381231030279,51.78513689782835,1250820
2021-10-18,51.12852096557617,51.91645847658343,51.12852096557617,51.87268472703686,1020000
2021-10-19,50.73454666137695,51.084739970699,50.73454666137695,50.953418732099266,708920
2021-10-20,50.778324127197266,51.040969963358854,50.60322578984854,50.6907766283844,833560
2021-10-21,50.47190475463867,50.99719642917878,50.47190475463867,50.90964892999643,630340
2021-10-22,50.90964126586914,51.17228706359951,50.55944464241363,50.64699212841625,727720
2021-10-25,50.38434600830078,50.997188425565376,50.29679852285833,50.690768886794324,1123920
2021-10-26,50.253028869628906,50.428123854762674,49.77150764134273,50.121704291055806,1270560
2021-10-27,50.16547775268555,50.209251498720604,49.72773361288947,50.07793026061543,641320
2021-10-28,49.55263900756836,49.99038318021375,49.55263900756836,49.90283568157387,821380
2021-10-29,49.333763122558594,50.034156416639505,49.28998937660922,49.99037933096739,1020740
2021-11-01,49.158668518066406,49.55263557437332,49.11489143205651,49.24621601064066,647500
2021-11-02,48.939788818359375,49.24620833432852,48.89601173917329,49.24620833432852,624760
2021-11-03,48.41449737548828,49.027339790818004,48.37072363290526,48.89601522334646,700440
2021-11-04,47.84543991088867,48.32695783793491,47.6703415720383,48.28318408815308,758000
2021-11-05,47.801666259765625,47.932990858280355,47.45147289659845,47.58279415538991,918960
2021-11-08,47.801666259765625,47.88921710534987,47.626571248043675,47.801666259765625,1025600
2021-11-09,48.151859283447266,48.32695762151349,47.6703413585574,47.714115108143204,1147560
2021-11-10,48.89602279663086,49.114894883168546,48.15185903829191,48.502055712641415,1636780
2021-11-11,48.67715072631836,48.76470156479642,48.458278639707714,48.458278639707714,720720
2021-11-12,48.23940658569336,48.80847534715477,48.15185908687914,48.589603260396224,662580
2021-11-15,48.23940658569336,48.545829510989115,48.020534498934815,48.064311588064925,994820
2021-11-16,47.84543991088867,48.32695783793491,47.80166282138381,48.32695783793491,635580
2021-11-17,47.88921356201172,47.97676106139503,47.58279063472409,47.845439812320066,704320
2021-11-18,47.363914489746094,47.84543571428028,47.276366997861366,47.58278655918063,988040
2021-11-19,47.0574951171875,47.2763671875,46.9261705391109,47.1450426094234,935320
2021-11-22,47.58279037475586,47.626567463931366,46.53220702900393,46.8824003643469,1294380
2021-11-23,47.801666259765625,48.370735067031774,47.49524664952894,47.757892506835134,1826740
2021-11-24,47.626564025878906,48.41450147831346,47.626564025878906,48.151855660835274,1021960
2021-11-26,48.589603424072266,48.72092801245896,47.84543966247568,48.020534660693926,1088980
2021-11-29,47.45146560668945,48.10808181894146,47.40769186048387,48.020530986807536,949840
2021-11-30,48.19563674926758,48.45828260675732,47.363922084113995,47.58279418864266,1821320
2021-12-01,49.02734375,49.07111749611795,47.4076917655766,47.67033758200705,1896220
2021-12-02,48.720924377441406,49.42131433722807,48.45827522026399,49.24621601235071,1916140
2021-12-03,49.50886535644531,50.07793411790222,48.41450492266127,48.41450492266127,2862980
2021-12-06,49.158668518066406,50.03415680270002,48.939796446908005,49.50886182808619,1623380
2021-12-07,47.67033767700195,48.28318014304275,47.582786844868835,48.23940305711481,1188240
2021-12-08,47.40769577026367,47.84543994786639,47.40769577026367,47.582790769526326,883400
2021-12-09,48.151859283447266,48.151859283447266,47.36391843201074,47.58279051966277,1239520
2021-12-10,47.626564025878906,48.195629407127846,47.58278693986357,47.80165901104918,1151240
2021-12-13,48.32695388793945,48.32695388793945,47.582786843580514,47.582786843580514,1108280
2021-12-14,48.8084716796875,49.3337633125484,48.54582586325705,48.8960191719234,1999240
2021-12-15,47.626564025878906,49.333763509348486,47.626564025878906,48.85224562068469,2028120
2021-12-16,48.89602279663086,49.114894883168546,47.495242778678836,47.53901652804178,2361920
2021-12-17,49.11489486694336,49.55263903987413,48.58960319531563,49.33376695340874,2577080
2021-12-20,49.64018630981445,50.03415670507543,49.50886173148654,49.771507548419606,2212720
2021-12-21,48.50205612182617,49.6839640632116,48.45827903237091,49.15867238697875,1245780
2021-12-22,47.88921356201172,48.63337732593891,47.88921356201172,48.545829826555604,1209180
2021-12-23,47.53901290893555,47.84543581059439,47.36391458509089,47.84543581059439,1267820
2021-12-27,46.751075744628906,47.40769195823481,46.751075744628906,47.3639148722162,914520
2021-12-28,46.92617416381836,47.05749875203884,46.61975457760126,46.61975457760126,1878460
2021-12-29,46.969947814941406,47.27636737872925,46.794849490038594,46.92617072892363,1085840
2021-12-30,47.14504623413086,47.188823323337324,46.75107914905673,47.01372498568048,1040080
2021-12-31,47.40769577026367,47.451469520079335,47.01372534247662,47.18882368146231,1789060
2022-01-03,46.92617416381836,47.49524292647641,46.92617416381836,47.27637083925762,1826200
2022-01-04,47.495243072509766,47.932987248293266,46.88240055846826,46.88240055846826,3109500
2022-01-05,49.02734375,49.02734375,47.6265638358891,47.75788507424295,4578640
2022-01-06,49.02734375,49.5526353828609,48.63337335549295,49.28998956643045,4841380
2022-01-07,49.55263900756836,49.81528818293399,48.85224899928034,49.07112108560303,3484720
2022-01-10,49.50886535644531,50.953422464929446,49.46509160703855,50.2092553661225,5533620
2022-01-11,48.720924377441406,49.90283222584872,48.720924377441406,49.59641266210542,3478160
2022-01-12,48.63337707519531,48.89602291171411,48.23940665055561,48.458278737608445,3641680
2022-01-13,49.72773361206055,49.946605681954935,48.32695370062556,48.41450119269421,5175300
2022-01-14,49.50886535644531,50.16548161671574,49.42131785763179,50.16548161671574,9677840
2022-01-18,50.646995544433594,50.822093867971304,49.99037933595923,50.25302849112717,7469380
2022-01-19,51.30361557006836,51.30361557006836,50.16548139197636,50.51567806510758,8758060
2022-01-20,51.960235595703125,52.00401268781161,50.20925878250709,50.778327582685094,8549480
2022-01-21,53.404788970947266,53.404788970947266,51.872684369321725,52.31042854121473,10913340
2022-01-24,53.054588317871094,56.0312497993507,53.0108145719099,54.324046989082184,8788660
2022-01-25,54.36782455444336,54.893119562048476,53.44856246578813,54.148952469538635,5411800
2022-01-26,54.45537567138672,55.068218180206074,52.48552689714645,53.098369405965805,7822320
2022-01-27,54.936893463134766,55.15576554864526,53.40478886456129,53.71120844838679,7326940
2022-01-28,53.1859130859375,55.5059583671391,53.1859130859375,54.76179132424295,5260520
2022-01-31,51.52248764038086,53.31724141498599,51.43494014198583,53.01081849115739,7698420
2022-02-01,51.216064453125,52.091552734375,51.0847398750484,51.3036119453609,6888720
2022-02-02,50.73454666137695,51.3911628735439,50.55944833685455,50.55944833685455,7913860
2022-02-03,52.87949752807617,53.01081877637528,51.6538125056131,52.17910417825556,5333400
2022-02-04,52.179100036621094,53.05458831468334,51.65380840567284,52.704395007292085,5562900
2022-02-07,52.61684036254883,52.74816493063027,51.697578405146245,52.091548769668066,5024440
2022-02-08,51.91645431518555,52.92326717266992,51.78513307707198,52.79194259483361,3840920
2022-02-09,50.86587142944336,51.522487687171406,50.86587142944336,51.259841852024785,3615280
2022-02-10,52.179100036621094,52.31042461421953,50.90964470520902,51.916454221146964,7455920
2022-02-11,53.57987976074219,53.84252555893885,51.74135249392052,52.09154911799775,6004840
2022-02-14,53.6236572265625,54.1489488594234,53.0545885078609,53.842529296875,6323600
2022-02-15,52.222877502441406,52.92326746204492,52.222877502441406,52.748169137213345,4823640
2022-02-16,52.26665115356445,53.05458860428788,52.091552829051665,52.57307071666977,2967040
2022-02-17,53.79875564575195,53.886303138142445,52.660621546061854,52.74816903845234,3146840
2022-02-18,54.45537567138672,54.80556900519564,53.62366107654068,53.71120857506216,4574920
2022-02-22,55.024436950683594,55.593505667420295,54.061401180522886,54.980663204716784,6535440
2022-02-23,56.38145065307617,56.468998151530435,54.324051042171114,54.4553756295755,7975680
2022-02-24,54.49915313720703,58.30752635789366,54.411605632715265,58.26375594537099,12142400
2022-02-25,53.6236572265625,54.98066339455545,53.6236572265625,54.32404718361795,6829680
2022-02-28,53.44855880737305,54.32404708706703,53.22968673744955,54.19272584894658,4874520
2022-03-01,54.32404708862305,54.67424373639977,53.273460485015626,53.66743087883375,4643060
2022-03-02,53.36101150512695,54.54291935102942,53.18591318062069,54.10517520962513,4016440
2022-03-03,54.19272994995117,54.455375785790395,52.923271180384766,52.96704492973747,5071520
2022-03-04,54.98067092895508,55.33086762533417,54.32405462803669,54.499152976226235,5900500
2022-03-07,56.99428939819336,56.99428939819336,54.76179480696882,54.98066689120109,5757060
2022-03-08,57.256935119628906,57.826003840218796,55.46218146533286,57.038063048590146,7665960
2022-03-09,55.11199188232422,56.2063489717986,54.89311979648474,55.72483439061934,4220340
2022-03-10,55.76860809326172,56.512775188328156,55.54973600760506,55.89992934082193,3980200
2022-03-11,56.95051956176758,56.99428997138667,55.19953953057681,55.2433132799189,3023740
2022-03-14,58.04487609863281,58.13242359144183,56.55654200309742,57.169387811651596,5910420
2022-03-15,56.20634841918945,57.826007182034196,56.03125342401776,57.56335800983075,4571460
2022-03-16,54.0614013671875,56.1625745780766,54.0614013671875,55.41840753518045,7176860
2022-03-17,53.492332458496094,54.63046989185695,53.492332458496094,54.3678207366366,5561520
2022-03-18,52.310420989990234,53.88629911337598,52.310420989990234,53.71120080195034,5142060
2022-03-21,52.529296875,53.1859130859375,52.13532648049295,52.4417493827641,4374180
2022-03-22,51.43494415283203,52.44175716150017,51.30361955527593,52.39798006916597,4612360
2022-03-23,52.222877502441406,52.222877502441406,51.347389218006334,51.91645459905547,3045360
2022-03-24,51.08474349975586,52.22288101791537,51.04096975053195,51.87268434467814,3352440
2022-03-25,51.04096603393555,51.697582243650984,50.86586771006688,51.04096603393555,3001500
2022-03-28,50.29680633544922,51.25984218379421,50.25303258592863,51.04097009646826,3255320
2022-03-29,49.42131042480469,50.121700329145185,49.33375959943556,49.64018247864375,4659180
2022-03-30,49.99038314819336,50.16548148508396,49.42131772795266,49.64018981413516,3434300
2022-03-31,50.69078063964844,50.69078063964844,49.85906597621896,49.902839729089294,3774320
2022-04-01,50.646995544433594,51.12851676909299,50.42812347494214,50.55944805252611,3728620
2022-04-04,49.64018630981445,50.60322208514328,49.64018630981445,50.559448338941564,3090580
2022-04-05,50.69078063964844,50.909652743723385,49.72774137788468,49.85906597621896,4926940
2022-04-06,51.82890701293945,52.2228774081686,51.34738912531395,51.56626119602761,8329040
2022-04-07,51.741355895996094,52.52929668211694,51.39116258861562,52.00400505118487,6730800
2022-04-08,52.48552703857422,52.52930078795291,51.82891077872481,52.00400911596259,6710160
2022-04-11,53.71120834350586,53.71120834350586,52.92327084104045,53.09836917705153,5699520
2022-04-12,53.842533111572266,54.14895269583023,52.57307434587515,52.923271019075386,5645800
2022-04-13,52.83572006225586,53.97385757773911,52.616847976928,53.842532990653204,4762040
2022-04-14,54.01762390136719,54.06139764447084,52.70439156992256,52.748165313026206,3393900
2022-04-18,53.93007278442383,54.45536771800064,53.579879501761795,54.192721921073485,4926980
2022-04-19,52.7481689453125,54.23649969138205,52.6606214530766,54.10517511330545,4047460
2022-04-20,53.57987976074219,53.71120098997926,52.52929322823302,52.616840714391074,5940840
2022-04-21,54.630470275878906,54.761791514689456,52.48552331141232,52.87949370728949,6813780
2022-04-22,56.07503128051758,56.118801690187006,54.41160208582112,54.63047417250629,7024400
2022-04-25,55.28709030151367,56.55654572950021,55.28709030151367,56.42522114191119,6913880
2022-04-26,57.432037353515625,57.475814445026955,55.6810605642045,55.724837655715824,9232980
2022-04-27,57.47581100463867,57.826007677428095,56.38145057682547,57.43203391574776,9654260
2022-04-28,55.505958557128906,57.34448261815784,55.111988161273345,56.55654182644672,7213660
2022-04-29,58.00110626220703,58.04488335380612,55.593513172077685,56.25012946938569,5918340
2022-05-02,56.95051956176758,58.61394207510516,56.95051956176758,58.044879993934934,8509520
2022-05-03,56.90673828125,57.4320299141109,56.5127712264657,56.9505153670907,7618220
2022-05-04,54.98067092895508,57.826011572657976,54.84934967260533,56.819198575360495,9387560
2022-05-05,57.73845291137695,58.35129875237594,55.724833752384036,55.724833752384036,10480460
2022-05-06,58.39506912231445,59.22678704608976,57.3882628832144,58.1761970391282,11616400
2022-05-09,60.758888244628906,61.02153072215788,59.095459169163355,59.57698039713475,12188780
2022-05-10,59.970951080322266,60.84643941726128,59.00791524557854,59.22678732981329,9861720
2022-05-11,61.809478759765625,61.98458044475821,59.35811528488619,60.452475768166195,11892900
2022-05-12,61.94080352783203,63.254036111460984,60.977767635726735,62.68496732266584,11637700
2022-05-13,59.66453552246094,61.32796481072712,59.40188633188603,60.890220612733195,7050900
2022-05-16,60.32114791870117,60.58379041284556,59.57698416612316,60.01472833580975,6618180
2022-05-17,58.745269775390625,59.88340735692571,58.65772227206786,59.09546646812806,7472000
2022-05-18,61.63438034057617,61.89702283434904,59.53320699316357,59.62075449108786,6731240
2022-05-19,61.98457336425781,62.422317507566284,60.97776049875922,62.11589126369392,6472520
2022-05-20,62.203433990478516,63.998180640142486,61.06529675551555,61.196621310233475,6578280
2022-05-23,61.19662857055664,62.50986091464822,61.06530400025846,61.98456931290061,4740760
2022-05-24,62.4660758972168,63.472888569028164,62.115879314050545,62.290980945355805,5042220
2022-05-25,61.59060287475586,62.81628787652852,61.10908829939775,62.77251078811147,4652280
2022-05-26,59.83961868286133,61.80946718384433,59.533199140819654,61.67814261455646,5153320
2022-05-27,57.913551330566406,59.27055416328836,57.869774244582096,59.18300667076525,6325740
2022-05-31,58.04487609863281,58.789039806677735,57.475807376205914,57.913551519696526,7082960
2022-06-01,58.482627868652344,58.920372069227746,57.256942771151934,57.60713946750154,5870800
2022-06-02,56.86296844482422,58.96414192359027,56.86296844482422,58.74526982537394,5762440
2022-06-03,58.438846588134766,58.6139415840362,57.60713533843407,57.82600742303383,6862460
2022-06-06,58.17619323730469,58.482619477297156,57.16938706399957,57.519577030655896,5985920
2022-06-07,57.650901794433594,59.05168170392819,57.51957721678978,58.87658672003342,4930320
2022-06-08,58.08864974975586,58.26375142459943,57.300708911574574,57.782230168087004,4108000
2022-06-09,59.66453552246094,59.66453552246094,57.826011226775734,58.39507334061073,5387320
2022-06-10,61.76570129394531,61.8532487867198,60.58378676343033,60.84643592119934,6992680
2022-06-13,64.61105346679688,64.82992559008623,63.166496117197696,63.77933539062905,7550080
2022-06-14,64.43594360351562,65.09255989026228,63.8668748191126,64.08574691469482,5935460
2022-06-15,62.86005783081055,64.3046080723854,61.94079251394915,63.60422149332232,6534900
2022-06-16,65.39898681640625,65.88050815242204,64.39218040746839,64.56727543177574,5967540
2022-06-17,64.61105346679688,65.66163698680694,64.04198461035513,65.26766983666495,6648260
2022-06-21,63.03515625,63.6042249687016,62.4660875312984,63.472900390625,4648060
2022-06-22,63.07892608642578,63.73554222190095,62.11588374417308,63.516670176742565,4928780
2022-06-23,62.11589050292969,63.21025084779769,61.984572605101896,62.553634640876886,4046880
2022-06-24,59.970951080322266,61.59060316777025,59.970951080322266,61.50305566996553,4754660
2022-06-27,60.49624252319336,60.715114606619856,59.62075418948739,59.752078775432466,4355120
2022-06-28,62.378543853759766,62.378543853759766,59.83962634698071,60.364918011965294,4450260
2022-06-29,62.24721908569336,62.94761242325605,61.94079950530189,62.42232075980698,4265420
2022-06-30,63.03515625,64.0419691093266,62.2472154609859,63.03515625,4988100
2022-07-01,62.68495178222656,63.82308907765737,62.553627220531524,63.3415679112571,4246960
2022-07-05,61.59060287475586,63.86687120407886,61.5468324657847,63.51668121452602,4644120
2022-07-06,61.19662857055664,61.89701514640508,60.71510737261168,61.45927103170789,5530280
2022-07-07,59.883399963378906,60.977760318413445,59.708298298906065,60.977760318413445,3609600
2022-07-08,59.79584884643555,60.671337077396856,59.5331997053691,60.49623542353752,4384740
2022-07-11,61.10908126831055,61.2841762429409,60.27736344020356,60.364910927518736,4400240
2022-07-12,61.67815017700195,62.02834684489272,60.408694770274536,60.846438935276524,4602680
2022-07-13,61.76570129394531,63.03515663778924,61.284180064517315,62.90383205890474,6445220
2022-07-14,61.54682922363281,63.07893372527926,61.41550464474543,62.422317510287925,4943680
2022-07-15,60.45246887207031,61.28418007270741,60.45246887207031,60.933983422117116,6267460
2022-07-18,61.02153396606445,61.1966356398377,59.576983564248984,59.839626055740034,4995700
2022-07-19,59.13923645019531,60.540016373306464,59.05168227795136,60.18981972266729,4983660
2022-07-20,58.17619323730469,59.18300609005526,57.91355076231245,59.0079111067271,6772560
2022-07-21,57.388267517089844,58.613945938344834,57.34449042513941,58.132431324122216,4393940
2022-07-22,58.39506912231445,58.74526579130164,57.16939080002815,57.51958078956943,5715860
2022-07-25,58.70149230957031,59.09545936690479,58.26374816611176,58.35129565891436,4313000
2022-07-26,59.883399963378906,60.014724541872155,59.00791167935128,59.051682085885346,4125880
2022-07-27,57.344486236572266,59.007915417491795,56.99428956488721,58.92036791943202,4020020
2022-07-28,56.81919479370117,58.088650219208255,56.68787020636865,57.38826355251144,5335060
2022-07-29,55.72482681274414,56.77541001012913,55.59350224320975,56.46899046751226,5448220
2022-08-01,55.76860809326172,56.2939031026715,55.15576558547848,56.07503101701484,5695880
2022-08-02,55.98747634887695,56.425217150521924,55.19953555852594,56.25012216575304,6039780
2022-08-03,54.49915313720703,55.68106114646199,54.280281036254394,55.68106114646199,6120380
2022-08-04,54.23649978637695,54.80556516635252,54.14894895426496,54.49914560326743,5230880
2022-08-05,54.630470275878906,55.24330940310699,54.324047372542104,55.068214418026265,5606720
2022-08-08,54.849342346191406,55.11198816353162,53.842529483377355,54.4553719503197,5463660
2022-08-09,55.462181091308594,55.76860399253007,55.15576152980986,55.15576152980986,6187280
2022-08-10,53.973854064941406,54.58669319219542,53.88630323267458,54.14894905002955,5786000
2022-08-11,54.280277252197266,54.36782475058581,53.18591682372555,53.49233640780844,7078940
2022-08-12,53.1859130859375,54.10517511330545,53.14213933981955,53.9300767891109,4784680
2022-08-15,52.7481689453125,53.36101141013205,52.6606214530766,53.36101141013205,5751820
2022-08-16,52.87949752807617,53.404789200718625,52.529300853165864,52.967045026942245,5088180
2022-08-17,53.492332458496094,53.84252910564139,53.05458831942584,53.44855871253361,5433440
2022-08-18,53.404788970947266,53.79875939359557,53.18591688500076,53.57988730764907,4286060
2022-08-19,54.41160583496094,54.58670084459529,53.79876328207099,53.93008453929676,5206080
2022-08-22,55.899925231933594,56.03124980956385,55.15576153128942,55.243309023227766,6538800
2022-08-23,55.94370651245117,56.075031099928545,55.41841150226468,55.987480261702636,6256860
2022-08-24,55.76860809326172,56.11880142647858,55.41841142032187,56.031253928105116,4986740
2022-08-25,54.80556869506836,55.637283285208,54.80556869506836,55.46218494943287,5008980
2022-08-26,57.03806686401367,57.08183727348202,54.630473921537195,54.89311975640822,8272380
2022-08-29,57.60713195800781,57.82600402976401,57.08183364223652,57.60713195800781,8404360
2022-08-30,58.26375198364258,58.74526656532923,57.21316196283844,57.34448655036971,7408020
2022-08-31,58.57017135620117,58.65771885442305,57.51958133920064,57.650905926256456,5963420
2022-09-01,58.57017135620117,59.88340386786736,58.526394267367245,59.13924011381238,7827900
2022-09-02,59.401885986328125,59.79585976989863,57.73845670773859,58.044882988108874,8550200
2022-09-06,59.83961868286133,60.321139877101864,59.183002515866995,59.40187457153177,6868380
2022-09-07,58.70149230957031,59.83962307489522,58.48262023784103,59.795852668216696,5335500
2022-09-08,58.39506912231445,59.40188204086041,58.088649541742875,59.13923954870444,5425360
2022-09-09,57.1256103515625,57.9573215469718,56.9942857734859,57.8697740547359,5566940
2022-09-12,56.468994140625,56.90673828125,56.3814466483891,56.8191907890141,5279340
2022-09-13,59.533206939697266,59.70830193538859,57.826007353646084,58.13242693582887,8145040
2022-09-14,59.05168533325195,59.66453117344019,58.876590338595825,59.35811159306902,4921120
2022-09-15,60.05849838256836,60.40869505209287,58.964137964957985,59.48942962952179,3949460
2022-09-16,60.45246887207031,61.24040298659154,60.36491469983858,60.80265884321506,7194060
2022-09-19,60.014732360839844,61.065315766769146,59.92717817747374,61.065315766769146,4076860
2022-09-20,60.49624252319336,60.97776377851001,59.97095085885896,60.54001961165702,4415120
2022-09-21,61.54682922363281,61.59059963029824,59.35810850699502,60.27736720031557,6280780
2022-09-22,62.33475875854492,62.59740789702374,61.67814259179293,61.89701464737693,5468220
2022-09-23,63.341575622558594,64.1295164092093,62.860061076982674,62.94760856895598,5527740
2022-09-26,63.69178771972656,63.82311232926491,62.46610249644721,63.516692693306844,4790940
2022-09-27,63.60423278808594,64.17330157674778,62.24722311354203,62.860068993426445,5306700
2022-09-28,62.378543853759766,63.95442552815943,62.028347183954736,63.6042288583544,4784660
2022-09-29,64.08573150634766,64.87367219688568,63.21024333451534,63.21024333451534,4061180
2022-09-30,65.31143188476562,65.31143188476562,63.429130529782434,64.4359435037917,3463420
2022-10-03,63.735557556152344,65.22388514953089,63.34158377241355,64.87368845713408,4628120
2022-10-04,61.76570129394531,62.509865001696774,61.5905996289508,62.42231750892228,6314600
2022-10-05,61.809478759765625,63.21025884247477,61.37173456645362,62.641196734726215,4339000
2022-10-06,62.33475875854492,62.37853584143975,61.32795264641457,62.02833921661634,3008860
2022-10-07,64.69857788085938,65.00499740817395,63.34156852918021,63.472893092156376,4527520
2022-10-10,65.39898681640625,66.01183276037607,64.56727543177574,64.69860003972978,5471520
2022-10-11,66.18692016601562,66.66844144660428,65.0487892801321,65.79295306694945,4847100
2022-10-12,66.27447509765625,66.44957680088439,65.6178587393065,66.05560297820634,3625940
2022-10-13,64.74236297607422,68.41941817672347,64.3921729679187,68.24431649319945,8122900
2022-10-14,66.75598907470703,66.84353657694854,63.99819933769873,64.17330102162802,5582220
2022-10-17,64.43594360351562,65.1801073926059,64.26084859882836,65.13633698115723,4261940
2022-10-18,63.86686706542969,64.6548078497559,62.59741173694809,62.77250672037815,4736780
2022-10-19,64.2170639038086,64.78613262082658,63.47290020283685,64.34838848149667,3849520
2022-10-20,64.56726837158203,64.87368797033757,63.210258703519415,64.43594377798786,3132540
2022-10-21,63.03515625,65.0925523750484,62.9476087577641,64.8736803047359,4624080
2022-10-24,62.378543853759766,63.86687135112374,62.15967177006236,62.947612607262194,4020260
2022-10-25,61.10908126831055,62.20344155836307,61.02152710155025,62.15966447498291,3714440
2022-10-26,62.4660758972168,62.553623373147296,61.15284371992656,62.3785284212863,3326620
2022-10-27,63.60423278808594,63.735557382307334,62.422324798986004,62.7725148109813,3158460
2022-10-28,61.721927642822266,63.82310098357348,61.546832647528795,63.779323895027154,3441580
2022-10-31,62.42232131958008,62.81628840083831,62.028347558875886,62.11589505699484,2885220
2022-11-01,63.03515625,63.1227037422359,61.4592746719718,61.5468288436532,2503140
2022-11-02,65.18010711669922,65.22388420740887,62.334769886174676,63.07894035156117,4267240
2022-11-03,66.537109375,66.6246568672359,65.5740736015141,65.9680406562984,5772960
2022-11-04,65.39898681640625,66.88732124080693,64.96124257619083,65.26766888789925,5690100
2022-11-07,64.74236297607422,65.74917594813698,64.61104506273902,65.18010716571487,3845380
2022-11-08,64.30461883544922,65.26766139694973,63.47290754627652,64.43594342833077,3474460
2022-11-09,65.83671569824219,65.88049278383023,64.56726036953461,64.78613243858388,2983240
2022-11-10,60.97776412963867,63.210255385776726,60.89021663165313,62.597416220431995,6168860
2022-11-11,59.83961868286133,61.327952669048855,59.66452371010753,60.977756044096196,5727220
2022-11-14,60.36491775512695,60.58378983789311,59.57698360072551,60.233599849023975,2934040
2022-11-15,59.57698440551758,60.27737107216287,58.70149606262648,58.920368148349255,4696820
2022-11-16,60.36491775512695,60.54001942900741,59.883403180708946,59.97095067792623,3064960
2022-11-17,60.54002380371094,61.37173510654455,60.23360420158521,61.37173510654455,3524740
2022-11-18,60.54002380371094,61.06531550441881,59.839630416469525,59.92717792001311,2855460
2022-11-21,61.152854919433594,61.371726989066104,60.58378620249998,60.89021244354188,2554780
2022-11-22,60.27736282348633,61.50304767169379,60.27736282348633,61.06530356015149,2150620
2022-11-23,59.752079010009766,60.36491817423149,59.57698401435954,60.3211477650419,2673760
2022-11-25,60.189823150634766,60.23360023924997,59.927173977835444,60.05849856423511,1079020
2022-11-28,61.02153396606445,61.240406048696606,60.18982272384064,60.62756688910494,2329940
2022-11-29,61.54682922363281,61.80947170196202,60.890213008641474,61.02153090808331,2395000
2022-11-30,58.70149230957031,61.67814714153204,58.70149230957031,61.41550466312424,4250340
2022-12-01,58.65772247314453,59.27056167795107,58.307525779206635,58.6139453816099,4630900
2022-12-02,58.96413040161133,59.75207113711058,58.745258346164036,59.75207113711058,2664880
2022-12-05,59.92716598510742,60.233592205652634,59.13923193069125,59.35810398568353,2837060
2022-12-06,61.152854919433594,61.503051566734705,59.97094707930715,60.01472416501185,3984800
2022-12-07,61.50304412841797,61.85324073336551,60.97775256071899,61.50304412841797,3237240
2022-12-08,60.758888244628906,61.634376528616514,60.54001617363201,61.19663238662271,3312600
2022-12-09,61.10908126831055,61.2841762429409,60.364910927518736,61.02152710155025,3734760
2022-12-12,60.36491775512695,61.371730671740444,60.36491775512695,61.10908818008859,2316100
2022-12-13,59.70830154418945,60.36491779289878,58.00110196932357,58.08864946659563,6021560
2022-12-14,60.23358917236328,60.890205304273735,59.182999353639744,59.92716296724931,4632120
2022-12-15,62.24721908569336,62.509868257140845,60.97776367573761,61.15285867040534,4591320
2022-12-16,62.86005783081055,63.25402486406821,62.07211708485008,62.50986120155643,3632500
2022-12-19,63.735557556152344,64.08574756910282,62.8162920735415,62.86006916488348,2719860
2022-12-20,63.82310485839844,64.47972114978228,63.385360664142546,64.08574736728418,3427440
2022-12-21,62.947601318359375,63.779312415473655,62.59740471135794,63.56044037102835,3388960
2022-12-22,64.48957061767578,65.4999671172924,63.65489233398368,63.69882523957494,3955020
2022-12-23,64.40170288085938,65.32423344568834,64.22597798525908,64.88493126151663,3072540
2022-12-27,65.32423400878906,65.4560260058205,64.53348872981984,64.53348872981984,2675340
2022-12-28,66.24676513671875,66.29069132950636,64.84099960635827,65.4120870351287,4238700
2022-12-29,64.57742309570312,65.71961149160883,64.35777199673815,65.49996039264386,3306140
2022-12-30,64.66527557373047,65.67567186616135,64.66527557373047,65.36816169973949,2956160
2023-01-03,65.1045913696289,65.67568562878412,63.74275843203445,64.13812777125406,3523420
2023-01-04,64.79707336425781,65.5878186510418,64.40170407247555,64.62135516862558,3830940
2023-01-05,65.85138702392578,65.93925281305863,65.23636671930728,65.23636671930728,4220500
2023-01-06,64.09418487548828,66.20283666351064,63.742748496833926,65.45602430404126,4721060
2023-01-09,63.698814392089844,63.830606383200056,62.51269987853613,63.567022400979624,4881060
2023-01-10,63.03985595703125,64.05025220151589,63.03985595703125,63.91846022124074,3554240
2023-01-11,62.07339859008789,63.08379493196118,62.02946569135544,62.864143844737384,3679260
2023-01-12,61.76588439941406,62.951998852788385,61.50230043056698,61.897669680618826,5878440
2023-01-13,61.32658386230469,62.42483925594754,61.28265096527139,62.29304726806661,3852420
2023-01-17,61.23871994018555,61.67802211107129,60.93120976120936,61.370511932095106,3167200
2023-01-18,62.07339859008789,62.11732478560112,60.53584097952133,60.93121025523648,5111680
2023-01-19,62.73235321044922,62.995930498894936,62.20519193033842,62.46876921878414,4829580
2023-01-20,60.97514343261719,62.600560144857354,60.93121053368397,62.38090905662978,4470440
2023-01-23,59.65724182128906,60.97514845930037,59.393657812398885,60.84335645485528,4983860
2023-01-24,59.745094299316406,60.14046356559779,59.525443217333624,60.00867827898337,4431480
2023-01-25,59.96474838256836,61.32658784031005,59.78903018947496,60.84335275447412,5665060
2023-01-26,58.82256317138672,59.78903339487278,58.778636972368105,59.261865380891386,4283840
2023-01-27,58.25147247314453,59.13007684406243,57.81217028768558,59.08614394422878,5186760
2023-01-30,59.437583923339844,59.481510117655795,58.64683869024332,58.91042266901517,4418080
2023-01-31,58.558982849121094,59.48151341959607,58.5150499491473,59.43758722284168,3643120
2023-02-01,57.32893753051758,58.99828724369765,56.80177622720273,58.60291123879677,6205280
2023-02-02,55.308143615722656,56.230677498104015,54.9127709942422,56.05495596060053,7867220
2023-02-03,56.31853485107422,56.53818592826501,55.176349920004014,56.450326838032474,7280300
2023-02-06,56.75783920288086,57.021423187002235,56.318537031491346,56.80177210130748,5622560
2023-02-07,55.57173156738281,57.021430253262885,55.35208045446826,56.80177914034833,7126420
2023-02-08,56.62604904174805,56.7139148414423,55.659585574085646,55.83530711864509,5504640
2023-02-09,57.10928726196289,57.416797468114126,55.74745108219191,55.79138063284067,5168360
2023-02-10,57.50465774536133,57.98789286720936,57.19714753292162,57.592523551675434,5798740
2023-02-13,56.62604904174805,57.50465341293557,56.49426374864542,57.28500232013869,5518020
2023-02-14,56.142822265625,57.28500395891196,56.01103026553277,56.88963466185485,6359860
2023-02-15,55.791378021240234,56.669982399527484,55.74744847264782,56.53819040214051,3822940
2023-02-16,56.88962936401367,56.88962936401367,55.923165958705106,56.71391118240082,5637580
2023-02-17,57.285003662109375,57.85609785740372,57.15321836591952,57.32893656298569,4860480
2023-02-21,58.64684295654297,58.69077585727388,57.7682385676809,58.07574876313872,4378500
2023-02-22,58.64684295654297,58.9982860527317,58.20754076211193,58.515050957569755,6287360
2023-02-23,58.163612365722656,58.99829062171299,57.85610214645044,57.90003505058363,5544960
2023-02-24,59.13008499145508,59.52545433155737,58.954360071127155,59.217944100008886,5596760
2023-02-27,58.73470687866211,58.86649888845939,58.207545542693055,58.515055763406664,4892200
2023-02-28,58.82256317138672,58.95435517488207,58.29540186062507,58.866496073625086,5126480
2023-03-01,59.30579376220703,59.5254448502152,58.77863249163126,58.866491586190676,5836500
2023-03-02,58.82256317138672,59.92081869514838,58.690777871111116,59.87689249612976,6126500
2023-03-03,57.68037796020508,58.6029085224401,57.59251886426165,58.47112323013463,4896940
2023-03-06,57.636444091796875,57.636444091796875,56.845698835159176,57.4167930040208,5396400
2023-03-07,58.2953987121582,58.42719070853562,57.41679434060128,57.592519236844296,5384140
2023-03-08,58.03182601928711,58.60291354345908,57.90003401247053,58.251477129574766,6558860
2023-03-09,59.086151123046875,59.21794313534083,57.46073418000858,57.94396262079283,6479500
2023-03-10,59.876895904541016,60.140473223315745,58.73470741352345,59.04221763703737,10962680
2023-03-13,59.52544403076172,60.66763235396805,58.69077258910881,60.316189277349245,12243980
2023-03-14,58.11968231201172,58.95435380945101,58.031823212789625,58.73470270978598,6055820
2023-03-15,57.90003204345703,58.99828755754681,57.76824004112232,58.734703552877384,7504300
2023-03-16,56.36247253417969,58.20754039862426,56.274613436486035,58.03182220323696,6272780
2023-03-17,56.66997528076172,57.02141832857295,55.967092536748545,56.36246512763386,7767100
2023-03-20,56.4942626953125,57.197142157225734,56.4063968972565,56.845699074659485,6303980
2023-03-21,55.703514099121094,56.40639351893712,55.57172211314969,56.09888335381643,4769700
2023-03-22,56.420387268066406,56.46463787697721,54.7830911056312,55.71236739717835,6432420
2023-03-23,55.756614685058594,56.33188269494955,55.004344250067206,55.756614685058594,6539460
2023-03-24,55.623863220214844,56.33188647251538,55.623863220214844,55.9336242371226,8296720
2023-03-27,56.022125244140625,56.199131056547614,55.31410537061773,55.49111118302472,5360580
2023-03-28,56.331878662109375,56.77439144539034,56.11062227046889,56.11062227046889,4029640
2023-03-29,55.26985168457031,55.80086571612371,55.1813470952415,55.62385991357095,5180360
2023-03-30,54.7830924987793,55.13710075517332,54.69458790260194,54.87159371885152,3922220
2023-03-31,53.8980598449707,54.82733604034509,53.853805864534785,54.694580851246734,4568180
2023-04-03,54.03081512451172,54.51757855559463,53.98656451734144,54.25207153646804,4537720
2023-04-04,54.2520751953125,54.47333162219069,53.80956234155611,53.986568158279695,5323380
2023-04-05,54.82733917236328,55.13709679648145,54.429076958422144,54.47332756528118,6461040
2023-04-06,54.4290771484375,55.40260400715458,54.384826541423976,55.18134759598207,5883460
2023-04-10,54.473323822021484,55.31409879898702,54.473323822021484,54.96008721623164,4365540
2023-04-11,54.87158966064453,54.96009087417136,54.51757805432745,54.51757805432745,4837620
2023-04-12,55.40260696411133,55.44686094959168,54.42908005343501,54.51758127218555,7360200
2023-04-13,54.296321868896484,55.09284629835075,54.20782065500375,55.04859569140438,5530240
2023-04-14,54.4290771484375,54.96009118480956,54.11931952323795,54.65033355961001,6905220
2023-04-17,54.384822845458984,54.87158624173733,54.34057224145271,54.5175746574778,6056660
2023-04-18,54.384822845458984,54.60607924159502,53.94231005318691,54.075061865205726,6045140
2023-04-19,54.384822845458984,54.87158624173733,54.25206765733549,54.82733563773106,5796020
2023-04-20,54.91584396362305,55.137100388437084,54.384829894511405,55.00434855921173,5741140
2023-04-21,54.82733917236328,55.3141026000225,54.69458397568127,54.9600909929404,6332480
2023-04-24,55.00434875488281,55.35835701018154,54.650337123478955,54.87159354908008,7584760
2023-04-25,56.066375732421875,56.066375732421875,55.13709943941863,55.26985464246411,9769140
2023-04-26,55.712364196777344,55.800865409515,55.13709618566802,55.40260319998584,12144880
2023-04-27,54.207820892333984,55.18134775383597,54.11931967805377,55.04859593241566,8718860
2023-04-28,53.85380935668945,54.47332798581334,53.85380935668945,54.29632218090581,7507940
2023-05-01,53.8980598449707,54.1193162427315,53.67680344720991,53.94231044930192,8905040
2023-05-02,54.384822845458984,54.694580449607564,53.898059449180636,53.98656065719318,10152540
2023-05-03,54.7830924987793,54.7830924987793,53.89806679363653,54.340579646207914,10108760
2023-05-04,55.00434875488281,55.18135119447962,54.606086513579754,54.87159354908008,11710220
2023-05-05,53.85380935668945,54.694584397921524,53.676806927886844,54.60608318352022,7093480
2023-05-08,53.76530838012695,54.119319991508036,53.67680716533415,53.942314185817494,5592260
2023-05-09,54.07506561279297,54.119319595970865,53.8538092013231,53.98656439864698,3928320
2023-05-10,53.54405212402344,54.11932015017806,53.367046317813944,53.63255333907571,9946560
2023-05-11,53.36705017089844,53.72106180887696,53.2785489494564,53.41130078161946,10333020
2023-05-12,53.54405212402344,53.94231434396857,53.23429449523553,53.27854510276167,8519440
2023-05-15,53.27854537963867,53.76530881716568,53.234294771882574,53.499801794524124,9453580
2023-05-16,53.23429489135742,53.455551306739444,52.96878449201501,53.41129732277906,8727040
2023-05-17,52.570526123046875,53.27854598348385,52.48202153042663,53.05728956609074,8228240
2023-05-18,51.64125061035156,52.61478095061409,51.59699999854537,52.61478095061409,10254980
2023-05-19,51.77399826049805,51.951004057977116,51.50849125233183,51.59699246301898,10969740
2023-05-22,51.59699630737305,51.86250333532148,51.464244481451345,51.86250333532148,8786140
2023-05-23,52.30501174926758,52.34926573026957,51.72974713339386,51.8624989480856,10171860
2023-05-24,52.61478042602539,52.9245380816856,52.349273381730185,52.65903103739039,7019680
2023-05-25,51.33148956298828,51.81825301293354,51.110233142458156,51.41999078075831,9433640
2023-05-26,50.04819869995117,51.19873134369968,49.9154468811176,51.19873134369968,6368420
2023-05-30,49.826942443847656,50.04819885201403,49.25167780827799,49.4286802339272,9431460
2023-05-31,50.13669967651367,50.31370208887296,49.78268809958588,50.04819509422942,8213520
2023-06-01,49.56143569946289,50.31370614088779,49.34017929009029,50.18095432092715,8712460
2023-06-02,49.20742416381836,49.60568637647489,49.03042173695313,49.29592875335586,8989860
2023-06-05,49.20742416381836,49.34017936007216,48.809165327266705,49.20742416381836,6685520
2023-06-06,49.20742416381836,49.472934556325974,49.074672343669434,49.29592875335586,7061440
2023-06-07,50.04819869995117,50.136703288611734,48.89766605620267,49.20742367625251,6913040
2023-06-08,49.47293472290039,50.09244997122436,49.384430133064896,50.09244997122436,5512480
2023-06-09,49.295928955078125,49.51718536566994,48.853416133894484,49.25167834818074,4927200
2023-06-12,48.49940490722656,49.20742475145737,48.455154299981814,49.074672929723114,3812580
2023-06-13,48.10114669799805,48.54365955952924,48.01264547613389,48.145400685035334,5642860
2023-06-14,47.7913932800293,48.499413245993814,47.7471426651763,48.14540495106431,6319000
2023-06-15,47.21611785888672,48.05689291552969,47.039115426839764,47.96839169950621,8308560
2023-06-16,47.570125579833984,47.61437618422219,46.95060699008497,46.95060699008497,4956000
2023-06-20,47.6143798828125,48.05689271327749,47.43737407540551,47.79138569021949,5099780
2023-06-21,48.26478958129883,48.399358209293005,47.726521913766845,47.77137698235745,5379820
2023-06-22,47.72652053833008,48.53392201635944,47.72652053833008,48.53392201635944,5772700
2023-06-23,48.21992874145508,48.48906254300951,47.95079493990065,48.30963886789924,6324000
2023-06-26,48.937625885009766,48.937625885009766,47.95080068696196,48.354503148789654,5851100
2023-06-27,48.08536911010742,48.80306394458694,47.95080389530946,48.66849530756638,5716960
2023-06-28,48.04050827026367,48.354500578202924,47.72651938454661,48.354500578202924,7034140
2023-06-29,48.08536911010742,48.35450638414854,47.995658966908785,48.0405140385081,6155260
2023-06-30,47.41252899169922,47.68166624429593,47.233108719597844,47.68166624429593,4888960
2023-07-03,47.2779655456543,47.50224431634315,47.23311047596102,47.322820615347574,2684660
2023-07-05,47.32281494140625,47.502238620889166,47.09853619760812,47.502238620889166,5198500
2023-07-06,47.681663513183594,48.08536252451093,47.63680502550533,47.81622870955199,6706300
2023-07-07,47.90594482421875,47.90594482421875,47.32281867544285,47.7265211305783,4136920
2023-07-10,47.861087799072266,48.26479026656422,47.77137766061735,47.9508013597496,6022780
2023-07-11,47.636802673339844,48.13021863566027,47.59194761009852,47.86108141176841,5205340
2023-07-12,47.098541259765625,47.41253016594177,46.874262491861984,47.098541259765625,7142040
2023-07-13,46.24627685546875,46.73968941344823,46.156566725735054,46.64997928371454,5771400
2023-07-14,46.33599090576172,46.42570103646023,45.842574920253526,46.24627735284108,6927500
2023-07-17,45.932289123535156,46.29113307363225,45.79772050335989,46.24627800764789,5212580
2023-07-18,45.528587341308594,46.24627867406705,45.349163652563426,45.977144852060405,5142720
2023-07-19,45.57344055175781,45.708009168391335,45.259451675909034,45.39401687032048,7537760
2023-07-20,46.64997863769531,46.73968876618668,45.75286366389348,45.97714240734393,7433080
2023-07-21,46.784549713134766,46.829404779739455,46.24627864721184,46.33599220264343,6751220
2023-07-24,46.69483947753906,46.96397331852387,46.56027426815789,46.649984407745336,7308240
2023-07-25,46.42570114135742,46.64997989083258,46.20142239188227,46.60512482538198,5253020
2023-07-26,46.60512161254883,46.87425540892122,46.335987816176434,46.56026655019041,6057840
2023-07-27,46.73969268798828,46.87426131423866,45.708012434883884,45.887436129143616,9467000
2023-07-28,45.84257507324219,46.291132572675956,45.75286494224429,46.201422441678055,6859100
2023-07-31,45.8874397277832,46.02200494236429,45.708016019452494,45.84258123403358,5975240
2023-08-01,46.02199935913086,46.24627811177986,45.88743416087476,46.06685442521622,5648700
2023-08-02,47.00883102416992,47.14339623130007,46.42570485993874,46.42570485993874,7760880
2023-08-03,47.098541259765625,47.36767509680552,46.82940742272574,47.36767509680552,9078320
2023-08-04,47.367671966552734,47.412527032724775,46.5602705087895,46.87425939421595,8387140
2023-08-07,46.91911315917969,47.41252571783266,46.91911315917969,47.14339190604213,6761660
2023-08-08,47.367671966552734,47.77137440654544,47.27796183420866,47.27796183420866,7457600
2023-08-09,47.90594482421875,47.99565495992782,47.32281867544285,47.36767374329739,7005980
2023-08-10,47.81623077392578,48.04050953311138,47.05368436158364,47.54709694734751,10713340
2023-08-11,48.17507553100586,48.35449921301662,47.95079678404794,48.17507553100586,7233840
2023-08-14,47.636802673339844,48.39935243733016,47.59194761009852,48.30963888862556,6604740
2023-08-15,48.17507553100586,48.264785660900195,47.68166297214285,47.81622816698435,5586720
2023-08-16,48.668487548828125,48.668487548828125,48.04050637988271,48.219930059898836,7318080
2023-08-17,49.251617431640625,49.29647249953018,48.44421252073938,48.48906758862893,8159020
2023-08-18,49.296478271484375,49.78989092048609,49.117054556695734,49.700180774203126,8946440
2023-08-21,48.48906707763672,49.2067584229733,48.44421201021986,49.11704828813958,6645400
2023-08-22,48.62363052368164,48.713340648961214,48.17507305283997,48.17507305283997,5654980
2023-08-23,47.861087799072266,48.48906903492392,47.681667522162435,48.44421396569647,5567240
2023-08-24,48.937625885009766,48.937625885009766,47.36767452851948,47.36767452851948,7697680
2023-08-25,48.5339241027832,49.29647396851816,48.309645334429824,48.84791643181139,11855080
2023-08-28,48.21992874145508,48.53391760623158,48.04050506634481,48.130218615010925,6743080
2023-08-29,47.1882438659668,48.26478246451433,47.09853374201361,48.21992740253774,7001940
2023-08-30,46.87425994873047,47.27796239349891,46.8294048820278,47.09853870446602,6974840
2023-08-31,46.784549713134766,46.963969979553525,46.5602709578891,46.919114912948835,4900320
2023-09-01,46.829402923583984,47.05368166994002,46.470555560525504,46.470555560525504,6528520
2023-09-05,46.829402923583984,47.09853673476681,46.64997924205475,46.96396811806436,4600540
2023-09-06,47.23310089111328,47.50223467688103,46.87425356194177,46.963963683123765,6795360
2023-09-07,47.59195327758789,47.99565573927863,47.50224314042211,47.771376974141816,7741680
2023-09-08,47.547096252441406,47.68166487487495,47.23310736305946,47.63680638591561,5698320
2023-09-11,46.96397018432617,47.4125276967733,46.919115117525905,47.14339387374947,5845260
2023-09-12,47.50223922729492,47.59194935707058,47.05368173397245,47.188246928635934,5937260
2023-09-13,47.367671966552734,47.68166427420137,47.14339321347036,47.54709565346307,8520540
2023-09-14,46.96397018432617,47.457386185795805,46.87426005072564,47.14339387374947,6693320
2023-09-15,47.861087799072266,47.9508013597496,47.14339642476569,47.18825149399315,5974340
2023-09-18,47.81623077392578,47.995654465718715,47.63680708213284,47.995654465718715,5882020
2023-09-19,47.950801849365234,48.30964582907139,47.81623321808639,47.995656919050695,6131900
2023-09-20,48.60093307495117,48.60093307495117,47.737117867435096,47.78258109548921,5290760
2023-09-21,49.510215759277344,49.555678991232924,49.010113270521465,49.055576502477045,9900980
2023-09-22,49.55567932128906,49.60114255354744,49.01011359694397,49.282896459116515,5945340
2023-09-25,49.3283576965332,49.82846016839575,49.28289446611336,49.64660377809424,8640580
2023-09-26,50.05577850341797,50.19217165979633,49.60113927365282,49.69206920077908,6201140
2023-09-27,49.96485137939453,50.51041706039709,49.69206853889326,49.91938815074799,9123420
2023-09-28,49.55567932128906,50.23763821103157,49.282896459116515,50.14671174651482,9153540
2023-09-29,49.510215759277344,49.7375353876775,48.919183337988045,49.010113270521465,11985780
2023-10-02,49.14649963378906,49.64660208863325,48.96464324967608,49.55567563088777,8371240
2023-10-03,50.05577850341797,50.283098118300536,49.191963273139784,49.55567604440072,8732320
2023-10-04,49.3283576965332,50.010316558697255,49.23743123569352,49.87392339881559,8313320
2023-10-05,49.510215759277344,50.01031824803322,49.32835936283277,49.37382259478835,5998080
2023-10-06,48.73732376098633,50.1012414423791,48.555470845031586,49.964851755413044,7366700
2023-10-09,48.464542388916016,49.282894410030465,48.41907915854791,49.01011155919969,5447360
2023-10-10,48.237220764160156,48.51000360365659,47.87351146770557,48.41907714669844,5620100
2023-10-11,47.87350845336914,48.282680952539415,47.87350845336914,48.05536135583514,4945180
2023-10-12,48.05536651611328,48.419079297345014,47.600727273884694,47.82804689499899,7241240
2023-10-13,48.69186019897461,48.91917981098534,47.96443813426466,48.055364591620155,5540740
2023-10-16,48.14628982543945,48.55546578090641,48.00989668407658,48.55546578090641,5034500
2023-10-17,48.328147888183594,48.91917676139391,48.10082829034382,48.64639393771055,5795040
2023-10-18,49.01011276245117,49.146502456904,48.37361711580462,48.64639997333251,7767840
2023-10-19,49.464752197265625,49.601141892222294,48.64640015303667,48.8282565482678,8936100
2023-10-20,50.192169189453125,50.28309564348214,49.46474715135534,49.51021037836985,8349800
2023-10-23,50.05577850341797,50.737737348065686,49.55567604440072,50.464954503931004,9974160
2023-10-24,49.60114288330078,50.101245378712235,49.51021641817954,49.8284625147262,6641720
2023-10-25,50.82866668701172,50.91959314446375,49.91938823800344,50.01031469545546,7930660
2023-10-26,51.8288688659668,52.056188466256124,50.91959046480948,51.01051691747648,9206440
2023-10-27,51.6015510559082,51.828870664084015,51.05598538373505,51.41969467564317,9625280
2023-10-30,51.01051712036133,51.46515632274823,50.82866421430404,51.23783672155478,7256280
2023-10-31,50.82866668701172,51.419695597693895,50.737736760937686,51.05598629926379,6304860
2023-11-01,49.91939163208008,50.737740210654785,49.82846169982361,50.692276978837675,6787560
2023-11-02,49.10103988647461,49.510215912586354,49.0101134222819,49.2828962834823,5887320
2023-11-03,48.510005950927734,48.96464519496125,48.32815302821206,48.87371873360341,5513620
2023-11-06,48.328147888183594,48.64639393771055,48.23721796787461,48.41907433987078,3894820
2023-11-07,47.87350845336914,48.37361087239419,47.73711530789787,48.19175450130641,4558220
2023-11-08,47.828041076660156,48.14629058867802,47.73711462672461,47.828041076660156,3845540
2023-11-09,48.237220764160156,48.3281506897403,47.646191856688205,47.8280447706045,6186640
2023-11-10,47.191551208496094,48.14629285219175,47.14608451276906,48.05536292935956,5497720
2023-11-13,47.37340545654297,47.600725067118745,47.191552542979935,47.37340545654297,3175540
2023-11-14,46.32773971557617,46.600522568594734,46.236809785488546,46.555059337862005,4932080
2023-11-15,46.28227615356445,46.50959577422317,46.05495653290573,46.10041976331305,4915720
2023-11-16,46.32773971557617,46.600522568594734,46.28227648484344,46.46412940777437,6614220
2023-11-17,46.28227615356445,46.50959577422317,46.19134622412768,46.37320261437908,4620040
2023-11-20,45.7367057800293,46.327738165647894,45.69124255081757,46.327738165647894,2829960
2023-11-21,46.00948715209961,46.23680675950845,45.96402392434223,45.96402392434223,2843620
2023-11-22,45.9185676574707,46.009494126769184,45.50939160838261,45.82764118817222,5909140
2023-11-24,45.96403121948242,46.10042439302402,45.87310474953635,45.91856798450939,1562400
2023-11-27,46.00948715209961,46.145880303993685,45.78216754469077,46.00948715209961,4200060
2023-11-28,45.96403121948242,46.145887627997055,45.82764151456331,46.10042439302402,4233840
2023-11-29,46.00948715209961,46.00948715209961,45.46392148176718,45.600314633661256,3806480
2023-11-30,46.1458854675293,46.46413156606333,45.91856583468433,45.964029067528855,5073740
2023-12-01,45.96403121948242,46.4641337414308,45.91856798450939,46.282280801538654,6072780
2023-12-04,46.46413040161133,46.873306424202255,46.37320393820101,46.46413040161133,5080000
2023-12-05,46.32773971557617,46.6914490300602,46.19134655475581,46.6914490300602,5183640
2023-12-06,46.6459846496582,46.6459846496582,45.96402579960875,46.009489029220966,4903640
2023-12-07,45.9185676574707,46.41867017585728,45.87310442282146,46.28228047190956,5143520
2023-12-08,45.782169342041016,46.23680857470725,45.73670611249881,46.19134534516504,4669060
2023-12-11,45.37299728393555,45.87309975139485,45.37299728393555,45.82763652137529,3051900
2023-12-12,45.05474853515625,45.55485101147994,45.05474853515625,45.418461319003754,3435880
2023-12-13,44.463714599609375,45.05474347115418,44.41824790527211,44.96381701972322,3862440
2023-12-14,44.55464553833008,44.918358317928565,44.236399457648,44.372789148530835,5533600
2023-12-15,44.41825485229492,44.55464801939506,44.23640192099117,44.50918478656912,4364760
2023-12-18,44.054542541503906,44.372788618383716,44.00907931175281,44.327325388632616,2099980
2023-12-19,43.872684478759766,44.100004087458004,43.872684478759766,44.100004087458004,3664060
2023-12-20,44.56834030151367,44.56834030151367,43.73355560017305,43.96544082914896,4343020
2023-12-21,44.058197021484375,44.42921483277,44.011820679645695,44.10457336332306,5422560
2023-12-22,44.01181411743164,44.24369933033878,43.82630523944842,43.91905790929626,3989040
2023-12-26,43.77993392944336,43.965442828718686,43.687177710661715,43.919062950183886,1994720
2023-12-27,43.64080047607422,43.82630937154787,43.64080047607422,43.73355669295499,4783960
2023-12-28,43.73355484008789,43.7799311774195,43.54804595247372,43.59442228980533,3714480
2023-12-29,43.9654426574707,44.150948017735516,43.68717754049759,43.73355741885174,3797300
2024-01-02,44.661094665527344,44.93935622111101,44.29007689922402,44.382829571656025,4976440
2024-01-03,45.171241760253906,45.21761809679822,44.89298020270038,45.0321092123333,5156940
2024-01-04,45.44950866699219,45.44950866699219,45.03211451239281,45.44950866699219,4716140
2024-01-05,45.40312576293945,45.542254768839065,45.078484339265195,45.40312576293945,5336760
2024-01-08,44.4292106628418,45.26399535245316,44.4292106628418,45.26399535245316,3046060
2024-01-09,44.382835388183594,44.846605887697685,44.29008270359602,44.8002295454039,3653620
2024-01-10,44.058197021484375,44.47559117460869,43.96544433780701,44.336458610804556,3036540
2024-01-11,44.01181411743164,44.61471354801766,43.82630523944842,43.96543778250772,6192740
2024-01-12,44.01181411743164,44.19732299541486,43.82630523944842,43.96543778250772,3984920
2024-01-16,44.058197021484375,44.336458610804556,43.87268811584156,44.15094970516174,4335640
2024-01-17,44.29008102416992,44.80022784663365,44.24370468363467,44.47558992459891,4429260
2024-01-18,43.73355484008789,44.150945414360095,43.64079862713694,43.96544006503366,3729880
2024-01-19,42.852394104003906,43.548049840957574,42.852394104003906,43.45529361972426,3928460
2024-01-22,42.8060188293457,42.898771514602565,42.48137735437042,42.62050992054385,4615740
2024-01-23,42.620506286621094,42.945144195628856,42.620506286621094,42.71325896396964,2236120
2024-01-24,42.38862228393555,42.48137496397328,42.01760448720875,42.24948972559101,3370680
2024-01-25,42.38862228393555,42.666883862336675,42.11036070553442,42.156737045553285,4223640
2024-01-26,42.66688537597656,42.75963805930476,42.43500012936799,42.57413269264836,3204300
2024-01-29,42.24949264526367,42.713263154077296,42.203116302039945,42.666886810853576,2605640
2024-01-30,42.52775192260742,42.62050814228234,42.295866680852114,42.34224655983357,2233460
2024-01-31,43.36254119873047,43.40891754048326,42.75963814107995,42.99152338813198,6731920
2024-02-01,42.852394104003906,43.316164595306354,42.852394104003906,43.22340837407303,6017440
2024-02-02,42.20310974121094,42.80601272425758,42.063977194880906,42.71325651394168,4166660
2024-02-05,42.20310974121094,42.57412750589928,42.11035706918267,42.1567334051968,3902300
2024-02-06,42.342247009277344,42.57413225349401,42.063981885586934,42.11036176506069,4130480
2024-02-07,41.878475189208984,42.20311310547439,41.83209531121,42.06398054805326,3111880
2024-02-08,41.878475189208984,42.01760420834219,41.78571897149892,41.92485152892005,3170620
2024-02-09,41.46107864379883,41.87847275349806,41.368322431483605,41.785716541182836,2891480
2024-02-12,41.69296646118164,41.73934280108081,41.275572325513245,41.50745756329703,2943920
2024-02-13,42.295867919921875,42.62050939086256,42.01760632932135,42.435000484366185,5238520
2024-02-14,41.83209991455078,42.295870439272136,41.83209991455078,42.01760883209698,3437820
2024-02-15,41.73934555053711,42.0639834895038,41.69296920758303,41.83209823644526,3330560
2024-02-16,42.20310974121094,42.24948607722507,41.6929629684802,41.6929629684802,3795760
2024-02-20,42.48137283325195,42.852390611369756,42.24948760650026,42.34224382017359,4464920
2024-02-21,42.66688537597656,43.084279527529596,42.66688537597656,42.806017939256925,3577860
2024-02-22,41.414703369140625,41.87847382775009,41.32194715444605,41.78571761305552,3469700
2024-02-23,41.60021209716797,41.69296831938828,41.229197823151004,41.32195050708322,2982280
2024-02-26,41.60021209716797,41.64659197742217,41.41470672930353,41.50745941323575,3592600
2024-02-27,41.553836822509766,41.78572207658436,41.4610841361952,41.553836822509766,2060940
2024-02-28,41.73934555053711,41.8784781176875,41.60021298338672,41.73934555053711,1918420
2024-02-29,41.414703369140625,41.832093951258905,41.32194715444605,41.46107970734401,1983580
2024-03-01,40.76542282104492,41.36832227654106,40.71904648420486,41.36832227654106,2242120
2024-03-04,40.99730682373047,40.99730682373047,40.76542160814182,40.85817427906225,2273620
2024-03-05,41.69296646118164,41.971228038864595,41.275572325513245,41.275572325513245,3289560
2024-03-06,41.46107864379883,41.646587530141566,41.182817083428574,41.321946094469844,4320540
2024-03-07,40.85818099975586,41.32195150721799,40.71905197049013,41.136442596575506,2415020
2024-03-08,41.46107864379883,41.553831317826344,40.579914087386605,40.8117993107431,5927480
2024-03-11,41.60021209716797,41.832097345286606,41.50745941323575,41.60021209716797,3868920
2024-03-12,41.04368591308594,41.73934160652807,40.99730957451403,41.41470369823688,3270120
2024-03-13,41.368324279785156,41.507456835330466,41.18281892344191,41.18281892344191,2729420
2024-03-14,41.5074577331543,41.78571931197595,41.229196154332634,41.27557249442159,4227620
2024-03-15,42.01760482788086,42.11036104695858,41.73934324722363,41.83209592801338,2885040
2024-03-18,41.64659118652344,41.64659118652344,41.27557338126428,41.50745862497925,2560440
2024-03-19,41.553836822509766,42.017607330658954,41.50746047935248,41.87847830118711,3464980
2024-03-20,41.028076171875,41.59138927643965,41.028076171875,41.40361704776564,2930600
2024-03-21,40.84030532836914,40.88724749176542,40.558648766533956,40.558648766533956,3363780
2024-03-22,40.84030532836914,41.02807756341176,40.74642100157658,40.9341896551617,1720720
2024-03-25,40.98112869262695,41.215843052650115,40.887240799743545,41.121955159766706,2138640
2024-03-26,41.16889953613281,41.16889953613281,40.7933586887132,40.88724300520383,2028020
2024-03-27,41.075016021728516,41.30973039899554,40.88724380362347,40.88724380362347,3073760
2024-03-28,41.1219596862793,41.168901847159724,40.98113320363803,41.07501752539888,2489420
2024-04-01,41.075016021728516,41.26278823983357,40.793359485299526,41.02807386256655,1853160
2024-04-02,41.40361404418945,41.73221631589525,41.40361404418945,41.49750194244416,1732820
2024-04-03,41.35667419433594,41.68527648438444,41.168901968802125,41.68527648438444,2022400
2024-04-04,42.060813903808594,42.060813903808594,40.88724206731027,40.981129963104344,4054180
2024-04-05,41.497501373291016,41.96693011375481,41.309729160814086,41.919987955999844,3886280
2024-04-08,41.497501373291016,41.685273585767945,41.35667131856905,41.450559215536046,2353900
2024-04-09,41.40361404418945,41.82610063269284,41.26278756899307,41.30972972739187,2976740
2024-04-10,41.75099182128906,41.938760445555594,41.66649450778635,41.882431290858406,8400000
2024-04-11,41.09379196166992,41.80732206424419,41.018681644842616,41.591385275551225,7941600
2024-04-12,41.7791633605957,41.91060285206775,41.42239646841622,41.50689379599932,5897200
2024-04-15,42.473915100097656,42.55841241880207,41.42239211589661,41.42239211589661,5707200
2024-04-16,42.473915100097656,42.614741576966914,42.21103256331882,42.50207967918008,7474500
2024-04-17,43.00906753540039,43.09356486185334,42.28614676051573,42.28614676051573,4784700
2024-04-18,43.28133010864258,43.34704984832743,42.80251435073049,42.97150899033645,4022700
2024-04-19,44.18263626098633,44.351630901410665,43.37521821928277,43.431547378452734,6927500
2024-04-22,43.76015090942383,44.27652184481687,43.50665894154928,43.91975497357225,4733400
2024-04-23,43.11233139038086,43.6005376828937,42.9996695017877,43.55359552776795,4957400
2024-04-24,42.99028778076172,43.215611585608414,42.661685491629115,42.81190255534601,3711800
2024-04-25,43.2343864440918,43.85403224059145,43.13111154776568,43.760147924726105,4178600
2024-04-26,42.55841064453125,42.98089363898277,42.41758059207607,42.90578690407514,3839500
2024-04-29,42.3988037109375,42.67107324005577,42.314306394364834,42.36124855213696,2635300
2024-04-30,43.20622253417969,43.21560953332864,42.44574667065764,42.56779914833684,3500100
2024-05-01,43.534820556640625,43.619317873510084,42.66168280947521,43.38460350236792,4977900
2024-05-02,43.00906753540039,43.66626498397055,42.92457020894744,43.18744918837551,4443100
2024-05-03,42.17347717285156,42.42696912757804,42.060815275681065,42.276752070864994,4311500
2024-05-06,41.70404815673828,42.07020558775516,41.70404815673828,41.99509526914951,3457800
2024-05-07,41.71343994140625,41.77915968135472,41.563222881315845,41.68527536184468,4005500
2024-05-08,41.74160385131836,41.98570880845992,41.62894195342227,41.98570880845992,2885800
2024-05-09,41.68527603149414,41.929377415015935,41.638330289527744,41.750995772498364,2369100
2024-05-10,41.60077667236328,41.75099372750911,41.39422687849136,41.56322151321255,2377600
2024-05-13,41.52566909790039,41.64772158247642,41.43178477527719,41.43178477527719,1879900
2024-05-14,41.25339889526367,41.5820011821582,41.215847315683185,41.57261060117012,3026800
2024-05-15,40.64313888549805,41.1782873325179,40.60558372885813,41.04684786573503,3025900
2024-05-16,40.73702621459961,40.75580379431115,40.50231184039108,40.67130647633779,3984800
2024-05-17,40.77458190917969,40.971741126552814,40.69008459009732,40.737026749263705,2646700
2024-05-20,40.502315521240234,40.77458507961569,40.445986358443555,40.76519449817794,2209900
2024-05-21,40.43659591674805,40.69008789458149,40.408431335252374,40.67131031309855,1635300
2024-05-22,40.44598388671875,40.680698267914316,40.352095985366184,40.41781572558437,2907900
2024-05-23,40.66191864013672,40.83091327260448,40.04227284824063,40.05165984717459,6359900
2024-05-24,40.29576110839844,40.605585794251645,40.18309921420502,40.53047547715134,5505900
2024-05-28,40.154937744140625,40.40842971178969,40.1455471630477,40.19249290559767,2604200
2024-05-29,40.43659591674805,40.53987082417546,40.286378846342025,40.53048024270526,3115000
2024-05-30,40.87785339355469,41.009292860823855,40.53047356553546,40.539864145458615,2994100
2024-05-31,40.89663314819336,41.685273575231484,40.83091341106161,40.89663314819336,5038400
2024-06-03,40.79335403442383,41.262782726232025,40.56802668651495,40.65252399429869,3813800
2024-06-04,40.68069839477539,40.98113251712603,40.57742349369413,40.82152487505755,3894200
2024-06-05,39.87328338623047,40.47415167671752,39.863892804621756,40.370876767766774,3492000
2024-06-06,39.89205551147461,39.99532682484218,39.79816761551724,39.82633219357594,2274000
2024-06-07,39.95777893066406,40.07044083473948,39.73245154105587,39.96716593039645,2323400
2024-06-10,39.826332092285156,40.09860161768353,39.78878051545474,40.07982403853981,1305700
2024-06-11,39.544681549072266,40.061052518524676,39.535294548809155,39.9296130260958,1883200
2024-06-12,39.04708480834961,39.28179919080387,38.84992558663777,39.23485703060447,3515500
2024-06-13,38.84053039550781,39.02830259547486,38.70909092996793,38.76542366439509,2198400
2024-06-14,38.680931091308594,38.925032474144686,38.67154051035878,38.87809031376743,1387200
2024-06-17,38.202110290527344,38.75603635740599,38.06128381475237,38.65276145963007,2422400
2024-06-18,38.21150207519531,38.35232855540784,38.16455991512447,38.2302796555151,1634400
2024-06-20,38.53071212768555,38.66215160283806,38.08944796271032,38.12700312174163,2333300
2024-06-21,38.66215133666992,38.75603565214478,38.46499212529849,38.558876440773346,1950600
2024-06-24,39.1128044128418,39.1128044128418,38.624598069260585,38.75603754994452,2583500
2024-06-25,38.65276336669922,39.009530236220975,38.64337636710059,38.934423495060095,1635500
2024-06-26,38.591552734375,38.76370865834238,38.553298700068254,38.73501722049896,2005300
2024-06-27,38.50547409057617,38.68719625624257,38.390704692781284,38.62024713682444,1452700
2024-06-28,38.735015869140625,38.782836146695814,38.09421612330379,38.46721939606891,3369000
2024-07-01,38.524600982666016,38.9741196032639,38.47678070670848,38.668065458991826,3680700
2024-07-02,38.132469177246094,38.65849951375427,38.122906581361896,38.648936917870074,2736000
2024-07-03,37.83598327636719,38.208986559286544,37.80728819029026,38.199420314443095,2116500
2024-07-05,37.45341110229492,37.80728551897743,37.42471966669863,37.788156679095515,3783200
2024-07-08,37.3864631652832,37.52036140022365,37.34820548431357,37.44384968673765,2459800
2024-07-09,37.36733627319336,37.47254307711887,37.19518034830678,37.27169571423568,2404500
2024-07-10,36.97520446777344,37.31951632056211,36.93694678447392,37.223872112313316,4710500
2024-07-11,37.80728530883789,37.893363263601486,36.975200845091884,36.98476344075311,7498800
2024-07-12,37.616004943847656,37.81685229274073,37.242998033606405,37.78815720828943,3005400
2024-07-15,37.52035903930664,37.68295234896999,37.1473557944566,37.482101360744316,4152600
2024-07-16,37.51079559326172,37.7499006061745,37.35776853093566,37.424717642675,2223500
2024-07-17,38.61067581176758,38.62980465029202,38.09421176541911,38.13246579401511,6388400
2024-07-18,38.82109451293945,39.06976214968502,38.32375559099495,38.33332183574673,4726400
2024-07-19,39.194095611572266,39.289739811501626,38.66806528154687,38.868912628718775,6245300
2024-07-22,38.61067581176758,38.98367904186204,38.53416410612269,38.71588259942558,3962500
2024-07-23,38.76370620727539,38.79240129175783,38.45765206145291,38.69675709090505,3010000
2024-07-24,40.16964340209961,40.227029920402856,39.29930127432557,39.327992709250665,7301600
2024-07-25,40.62872314453125,40.83913672230258,39.77750988675153,40.1409505260512,7156500
2024-07-26,40.236595153808594,40.50439162654104,39.97836127719375,40.255723994497096,4015000
2024-07-29,40.16964340209961,40.351361904046954,39.80620274975185,39.997487495642936,2723800
2024-07-30,40.724369049072266,41.011294345434834,39.9401012212834,39.99748773993715,3667500
2024-07-31,39.53840637207031,39.94010105562115,39.37581306078564,39.80620282777087,5642500
2024-08-01,40.485267639160156,40.80088439878006,39.165406780000346,39.48102353962025,6870600
2024-08-02,41.49906921386719,41.86250988795993,41.078245666491,41.29822186046855,15541700
2024-08-05,42.68503189086914,43.851861981297745,42.11117761751347,43.73709258600793,13226400
2024-08-06,42.35028076171875,42.82849081060339,41.61383684862203,42.570256946391304,10610800
2024-08-07,42.818931579589844,42.85718926213559,41.45125044043327,41.68079288725436,7089800
2024-08-08,41.5181999206543,42.57982690555676,41.43212195840671,42.20682361863502,6704000
2024-08-09,41.31734848022461,41.766863440080925,41.19301284737141,41.67122289078037,2461000
2024-08-12,41.24083709716797,41.508637228237966,40.973040614551415,41.25040334209196,2208300
2024-08-13,40.24616241455078,40.85827073822475,40.217467328566855,40.85827073822475,3499800
2024-08-14,40.22703170776367,40.609597568090884,40.035746953373454,40.16008259099508,1929000
2024-08-15,39.2227897644043,39.758386375751584,39.19409832666453,39.71056609670084,4892300
2024-08-16,39.20366287231445,39.49058818263596,39.08888982942324,39.404510224694185,1964900
2024-08-19,38.70632553100586,39.35669153988684,38.696759286151284,39.21322705469561,1765200
2024-08-20,38.801963806152344,38.92629944277331,38.5819876173326,38.78283496602195,2048600
2024-08-21,38.61067581176758,38.87847590265693,38.476777590549354,38.74457403298581,3159200
2024-08-22,39.25148391723633,39.32799563220747,38.40027056563237,38.45765343974739,3262300
2024-08-23,38.84022521972656,39.23235735895831,38.62024900976276,38.91673693914923,4030100
2024-08-26,39.24191665649414,39.40450997533448,38.840221954276686,38.90717107131293,2704500
2024-08-27,39.12714767456055,39.538408625513185,39.050635960765305,39.38538154946941,2319200
2024-08-28,39.59579849243164,39.8731575828819,39.12715098019915,39.18453750673382,3271300
2024-08-29,39.64361572265625,39.758385118439286,39.04107001000203,39.44276836792261,5606500
2024-08-30,39.213226318359375,39.70099899163413,39.17496863656632,39.30886687438867,2658100
2024-09-03,40.41831588745117,40.61916690148459,39.47146193631531,39.48102453295809,5576700
2024-09-04,40.53308868408203,40.78175632822578,40.19833942842475,40.70524461020212,4692700
2024-09-05,40.50439453125,40.762628426383685,40.121828635404725,40.68611670659606,3824000
2024-09-06,41.61383819580078,41.66166212099997,40.5330860772202,40.60959779032305,7301100
2024-09-09,41.08781051635742,41.527762928445384,41.01129879829814,41.23127500434212,3023400
2024-09-10,40.74349594116211,41.31735020629805,40.68611306856579,40.953909536557276,3092400
2024-09-11,39.882720947265625,41.39386288565187,39.796642987908264,40.63829374068541,4627900
2024-09-12,39.481021881103516,40.01661846846192,39.41407276374037,39.86359139328142,4406200
2024-09-13,39.32799530029297,39.586229176991175,39.22278850069889,39.56710033629649,4902100
2024-09-16,39.51927947998047,39.78707594887717,39.47145920317081,39.51927947998047,3089300
2024-09-17,39.50014877319336,39.72012495488657,39.16540320288913,39.27060999597134,4952000
2024-09-18,39.691436767578125,39.73925704604115,39.079328446963196,39.4140740446578,4433300
2024-09-19,38.696754455566406,38.93585946873494,38.45764944239787,38.75414097216992,4436100
2024-09-20,38.81153106689453,39.136710412267895,38.706324267648654,38.792402226263164,2672400
2024-09-23,38.715885162353516,38.82109195697604,38.629807207521736,38.70632256668471,1803500
2024-09-24,38.5341682434082,38.94542919470728,38.45765288109522,38.6106799572679,3031800
2024-09-25,38.493309020996094,38.60031653980876,38.34738900245152,38.60031653980876,1878900
2024-09-26,38.23065948486328,38.51276957308357,37.89018435142544,37.90964060346484,3466900
2024-09-27,38.46412658691406,38.55167785605485,38.162560279673535,38.162560279673535,2474000
2024-09-30,38.366844177246094,38.775417991182195,38.34738792792531,38.54194671023298,4315500
2024-10-01,38.9116096496582,39.21317596036715,38.38630202877175,38.405758278904614,6456700
2024-10-02,38.87269592285156,39.193718473564225,38.71704963760001,38.989433419965344,3210700
2024-10-03,38.90188217163086,39.106167225329784,38.65868461887495,39.05752845695863,3775300
2024-10-04,38.45439910888672,38.86297296176461,38.43494285771154,38.44467283874936,4810100
2024-10-07,38.89215087890625,38.979702143379754,38.54194582101224,38.629497085485745,3708700
2024-10-08,38.30847930908203,38.74623564347926,38.25011056086235,38.697593164512796,3609300
2024-10-09,38.00691223144531,38.41548603881729,37.967999733428925,38.34738731183858,3422100
2024-10-10,38.07501220703125,38.30848351464063,37.929095886813364,38.201475986607186,3339100
2024-10-11,38.0555534362793,38.28902472843329,37.96800216558409,38.25011222792424,2373000
2024-10-14,37.72480773925781,37.89991029520191,37.62753019080024,37.860997791458644,4818000
2024-10-15,38.25011444091797,38.39603447081908,37.66644174311454,37.71508051611474,3800300
2024-10-16,38.25011444091797,38.49331201681948,38.17229314629775,38.230658189537785,2115100
2024-10-17,38.21119689941406,38.22092687927136,37.8123530759654,37.82208305582269,2524800
2024-10-18,37.997188568115234,38.09446610892713,37.9096372970244,38.02637108817874,1921600
2024-10-21,37.92909240722656,38.25011125097631,37.87072365795379,38.09446496381578,2895200
2024-10-22,37.89990997314453,38.201476308241375,37.79290244421015,38.14310755312246,3181200
2024-10-23,38.493309020996094,38.74623655835333,38.04582640677972,38.10419144547737,3791600
2024-10-24,38.191741943359375,38.40575697666388,38.143103175126576,38.211198192832526,2301800
2024-10-25,37.987457275390625,38.04582602440187,37.608069684068006,37.997187255675925,3271600
2024-10-28,37.987457275390625,38.00691352506104,37.744259720860725,37.744259720860725,3188200
2024-10-29,37.627525329589844,38.104190450711,37.5399740629288,37.95827414687601,3184300
2024-10-30,37.91936492919922,37.95827743128224,37.627528585377455,37.68589733850199,3496300
2024-10-31,38.88242721557617,38.892153485213896,38.23065582284025,38.24038580337825,5084600
2024-11-01,38.63922882080078,38.80460137737491,38.357118765691766,38.78514512761909,4509600
2024-11-04,38.75596618652344,38.89215623648749,38.48358608659533,38.68787116154141,3326300
2024-11-05,38.269569396972656,38.63923073888302,38.21120064480774,38.62950075807201,3052600
2024-11-06,37.218955993652344,37.705351153433426,37.17031721985435,37.61779987623681,8072900
2024-11-07,36.65473937988281,37.04385699038965,36.606100606294596,37.04385699038965,5033200
2024-11-08,36.6450080871582,36.76174559267274,36.596369315310696,36.72283309083456,3187300
2024-11-11,36.6741943359375,36.87847940433172,36.547730560355184,36.567186811283264,3749500
2024-11-12,36.742286682128906,36.956301715846784,36.62555289596468,36.67419166429143,4426000
2024-11-13,36.790924072265625,36.95630033146175,36.60609527518762,36.78119780332469,3918800
2024-11-14,37.073036193847656,37.12167496308208,36.771469887153906,36.83956490626214,3883300
2024-11-15,37.987457275390625,38.12364731218334,37.481605916660406,37.50106216633082,6788500
2024-11-18,37.71508026123047,37.95827783548842,37.54970398106681,37.86099657924495,1834900
2024-11-19,37.452423095703125,37.93881820084213,37.43296684618955,37.91936195132855,3272600
2024-11-20,37.501060485839844,37.97772930415413,37.47187796809204,37.501060485839844,5054800
2024-11-21,37.36487579345703,37.9193659752853,37.218955762070415,37.27732451680517,5223500
2024-11-22,37.325958251953125,37.55942952847709,37.28704946494917,37.43296576573911,3748300
2024-11-25,37.277320861816406,37.442697128566365,36.92711578954607,37.034123307284254,3745300
2024-11-26,37.082763671875,37.23840996503784,37.03412490105543,37.17031494371037,3200700
2024-11-27,37.39405822753906,37.63725580534515,37.18977315279808,37.18977315279808,2286400
2024-11-29,37.10221862792969,37.42324118375939,37.05357985880706,37.37459870373655,1304500
2024-12-02,36.69364929199219,37.02439812429701,36.635280541267704,37.00494187405551,2506900
2024-12-03,36.58664321899414,36.83956706034219,36.576913238038195,36.810384539275226,2220400
2024-12-04,36.15861129760742,36.401808856652615,36.13915875847603,36.362900067489576,2882500
2024-12-05,36.25589370727539,36.28507622780603,36.10024741294471,36.15861245400598,2638800
2024-12-06,35.96405792236328,36.24616428393218,35.94460167141018,36.24616428393218,2058100
2024-12-09,36.25589370727539,36.333714998990544,35.983513619921794,36.03215239110631,2263000
2024-12-10,36.39208221435547,36.47963348315104,36.05160711953948,36.16834090763351,2528200
2024-12-11,35.73058319091797,36.10997077082297,35.69167069274821,36.090514521738086,2908500
2024-12-12,35.98351287841797,36.002965417770625,35.81813660671803,35.905687877406166,1389600
2024-12-13,35.73058319091797,35.95432448904399,35.54575439096171,35.74031317091045,2754800
2024-12-16,35.21500778198242,35.56521286562506,35.156639031075215,35.55548288502371,3003200
2024-12-17,35.37065505981445,35.487388853983695,35.27337380558975,35.341472538997245,2248600
2024-12-18,36.65473937988281,36.752016927059245,35.32201768688282,35.429021504416674,4873900
2024-12-19,36.839569091796875,36.859025343881214,36.294808877037994,36.33371767030603,6093000
2024-12-20,36.51854705810547,37.20922724844085,36.1099732213956,37.13140224681979,5729800
2024-12-23,36.1904411315918,36.66624321405386,36.16070491942871,36.42834217282282,2649300
2024-12-24,35.72455596923828,36.11114183687243,35.72455596923828,36.081405625918606,1854100
2024-12-26,35.754295349121094,35.98228180969377,35.64525752421483,35.843507771198134,2686700
2024-12-27,36.259830474853516,36.577029329569825,35.99219323219126,36.02192944316197,4897400
2024-12-30,36.755455017089844,37.00326686446081,36.47790317674444,36.755455017089844,4876400
