Price,Close,High,Low,Open,Volume
Ticker,QLD,QLD,QLD,QLD,QLD
Date,,,,,
2015-01-02,8.386609077453613,8.58061580236303,8.296689287817049,8.505476833062618,24955200
2015-01-05,8.131014823913574,8.323173025151274,8.086053984954626,8.305312552252675,28433600
2015-01-06,7.916683673858643,8.180902145791308,7.842161189820526,8.15565032170868,26265600
2015-01-07,8.114384651184082,8.153186184021006,7.97950402730095,8.020153162675111,26200000
2015-01-08,8.42479419708252,8.459284971011499,8.238795314368815,8.25788783400428,26272000
2015-01-09,8.316397666931152,8.485768131204363,8.221550620440263,8.475298069822594,27982400
2015-01-12,8.145181655883789,8.360744119366537,8.100837302499404,8.352121658418337,20760000
2015-01-13,8.132861137390137,8.472834080882828,8.00721853359227,8.300383982602337,37747200
2015-01-14,8.052180290222168,8.129166866173506,7.90559754888201,7.970266460636641,36995200
2015-01-15,7.839696884155273,8.146411602669135,7.818140737346482,8.122391829098087,28532800
2015-01-16,8.024465560913086,8.041094926922062,7.792890244433745,7.810135164821692,35368000
2015-01-20,8.148259162902832,8.185212154478263,7.936391961337986,8.11931213595778,31480000
2015-01-21,8.230790138244629,8.303465966703694,8.041095070805232,8.099604690295397,29337600
2015-01-22,8.535038948059082,8.55105181580916,8.147642013399047,8.291761582259491,31710400
2015-01-23,8.571993827819824,8.623729526921412,8.484537180454785,8.535656385421648,27950400
2015-01-26,8.554747581481934,8.583694607995845,8.46605983915532,8.554132027220307,22572800
2015-01-27,8.116231918334961,8.29114517633359,8.054027109337705,8.284986814723114,32078400
2015-01-28,8.027541160583496,8.384143379552398,8.021382800569098,8.370593671832639,33598400
2015-01-29,8.17474365234375,8.205538287752027,7.872340576976659,8.00783725470639,30120000
2015-01-30,8.05526065826416,8.286836927814587,8.029393276197348,8.165505983977427,25368000
2015-02-02,8.191987991333008,8.205537705132793,7.83969778198266,8.084823269178958,25556800
2015-02-03,8.349040985107422,8.358279939135715,8.142101007894116,8.24926667208985,25745600
2015-02-04,8.329950332641602,8.443274385187785,8.24187811108671,8.274520355137753,28854400
2015-02-05,8.475913047790527,8.486383108460396,8.332409969590332,8.373675597811674,20681600
2015-02-06,8.373062133789062,8.542432647836858,8.313320459106343,8.506710753918895,20756800
2015-02-09,8.318862915039062,8.397697103230291,8.281293423809052,8.307776358067793,16488000
2015-02-10,8.578764915466309,8.600937079688373,8.384143629269554,8.413090647553283,18534400
2015-02-11,8.642821311950684,8.67854319694321,8.56645028819657,8.593549714037628,20238400
2015-02-12,8.8399076461792,8.847914551825328,8.72658361751205,8.751835443182411,21396800
2015-02-13,8.990798950195312,8.994494155035747,8.86023003368703,8.894719865234316,26276800
2015-02-17,9.008661270141602,9.020363379836905,8.94953516738863,8.990799858571657,15387200
2015-02-18,9.035143852233887,9.043150756406613,8.96308453401181,8.988336355035418,13926400
2015-02-19,9.12321662902832,9.133686689587984,9.018514143876791,9.023441397042065,18803200
2015-02-20,9.244549751281738,9.255019814349943,9.055470242344432,9.112132257654661,21016000
2015-02-23,9.266104698181152,9.267336746614479,9.19466092548984,9.239005271313578,14080000
2015-02-24,9.277806282043457,9.297515296747163,9.18665443848269,9.240236795069874,16856000
2015-02-25,9.229763984680176,9.318452644879105,9.190962460898827,9.248856499627422,16169600
2015-02-26,9.323383331298828,9.332005790895462,9.19897275159516,9.246396749265452,14907200
2015-02-27,9.242084503173828,9.327693539742517,9.212521920558522,9.316607923678362,12646400
2015-03-02,9.408376693725586,9.413303948175813,9.271648437009322,9.27349697973364,18356800
2015-03-03,9.315991401672363,9.369574698487815,9.201435337131732,9.349250129320238,24448000
2015-03-04,9.248858451843262,9.283348284805665,9.14600450719557,9.259328512579888,20544000
2015-03-05,9.277190208435059,9.334467767128537,9.203282347210902,9.29505067970515,17137600
2015-03-06,9.062859535217285,9.290124062558,9.021594842414949,9.25624978047323,23200000
2015-03-09,9.113362312316895,9.163865013701209,9.02960088631934,9.103507805781307,14790400
2015-03-10,8.78632640838623,8.99203436628751,8.782014707939197,8.989571208730476,29160000
2015-03-11,8.679777145385742,8.826976432980752,8.673003226486763,8.8066518569502,21504000
2015-03-12,8.79741096496582,8.814655885116451,8.65575545820478,8.66499441242826,19822400
2015-03-13,8.716113090515137,8.846682032254082,8.607715382103086,8.779549958607369,30163200
2015-03-16,8.945840835571289,8.945840835571289,8.762305087073893,8.778933512159341,19936000
2015-03-17,8.968013763427734,8.995113192958213,8.851610079146504,8.890411620499478,15316800
2015-03-18,9.147236824035645,9.224838950479628,8.828203980210954,8.918124710026753,18291200
2015-03-19,9.171874046325684,9.220530096276237,9.139847362541063,9.1663312375296,14073600
2015-03-20,9.298129081726074,9.380658450594083,9.289506624378333,9.319069201030967,14331200
2015-03-23,9.25193977355957,9.33262156304919,9.247628073771814,9.282734407091647,14104000
2015-03-24,9.18603801727295,9.335700412061449,9.182342811931083,9.249474881715146,14443200
2015-03-25,8.764482498168945,9.232193429746497,8.75893675288289,9.218636536641318,36708800
2015-03-26,8.705941200256348,8.804536607798916,8.56359477406994,8.625216668715172,36515200
2015-03-27,8.776806831359863,8.815013049033217,8.676979653500865,8.700396276564318,19022400
2015-03-30,8.990635871887207,8.990635871887207,8.882797534436929,8.88341435528451,25956800
2015-03-31,8.784202575683594,8.962289840073595,8.781737172976976,8.927164903571539,18548800
2015-04-01,8.693619728088379,8.786668479602106,8.580851512789186,8.781122733015865,23910400
2015-04-02,8.702245712280273,8.758321872868706,8.6517152976114,8.710872741580365,14974400
2015-04-06,8.845209121704102,8.893275079677094,8.575305777775743,8.600570988181547,22566400
2015-04-07,8.814397811889648,8.96167414284133,8.814397811889648,8.838430319776299,15920000
2015-04-08,8.954280853271484,8.978313363946521,8.818712820225738,8.822409984902535,22024000
2015-04-09,9.066431045532227,9.071360910690265,8.885262497145806,8.94688440120782,16284800
2015-04-10,9.139143943786621,9.14099252558586,9.018365544950266,9.061500687391822,13406400
2015-04-13,9.09231185913086,9.245133913334325,9.073825100412758,9.155166462662162,16544000
2015-04-14,9.041781425476074,9.126819951202265,8.93948978267171,9.07567365966228,16462400
2015-04-15,9.147770881652832,9.19152284444443,9.068279044246276,9.090462965892966,16323200
2015-04-16,9.125587463378906,9.15824699701089,9.079987856566657,9.10402036131992,12819200
2015-04-17,8.844593048095703,9.00234499404741,8.76571707511985,8.954279977398867,28448000
2015-04-20,9.107717514038086,9.136063063058513,8.925316266183458,8.931478832636051,21238400
2015-04-21,9.182897567749023,9.243286778088658,9.165643507651984,9.20877865789458,15518400
2015-04-22,9.28210735321045,9.313534184575698,9.113263004066853,9.231576942488237,19270400
2015-04-23,9.356669425964355,9.433696803892031,9.219252847018556,9.223565891239188,17593600
2015-04-24,9.604390144348145,9.630887112147727,9.52120019654473,9.551395268473332,17891200
2015-04-27,9.560638427734375,9.71407731358504,9.51873598260125,9.680801897760245,22460800
2015-04-28,9.51565170288086,9.608084533625393,9.359748403580443,9.5717278458653,20204800
2015-04-29,9.401653289794922,9.523047562001523,9.296895312527724,9.408430795809911,26492800
2015-04-30,9.099089622497559,9.36960971526775,9.009121238307854,9.296279506702104,33155200
2015-05-01,9.346809387207031,9.354204654631245,9.173036117285085,9.173651997788944,25385600
2015-05-04,9.372074127197266,9.489772176612286,9.364063919942032,9.406582239213588,16441600
2015-05-05,9.074441909790039,9.33448643895601,9.06088501469413,9.303675484697251,28062400
2015-05-06,8.953044891357422,9.150851592017203,8.822406772211403,9.099705305302832,34734400
2015-05-07,9.050408363342285,9.099706072547976,8.924700098129591,8.938256991668046,29947200
2015-05-08,9.272862434387207,9.314765811650583,9.21000877890538,9.234041280183842,23206400
2015-05-11,9.197686195373535,9.323395421707538,9.190907747480273,9.287654600113587,16728000
2015-05-12,9.120659828186035,9.211244123697458,8.95489765708009,9.092314272200989,17659200
2015-05-13,9.155782699584961,9.29319928358505,9.129901612482408,9.200766426672088,16884800
2015-05-14,9.420757293701172,9.439243113287572,9.237123336753827,9.301826526133224,19699200
2015-05-15,9.425071716308594,9.497169244064615,9.378855280033518,9.474369436390502,12715200
2015-05-18,9.505793571472168,9.540918504385417,9.376388150865417,9.387479641085053,9801600
2015-05-19,9.48052978515625,9.553859057052188,9.454647759456998,9.523664927529033,11595200
2015-05-20,9.491006851196289,9.608088104205892,9.397341284623169,9.493471313877492,10473600
2015-05-21,9.593295097351074,9.617944416780142,9.436775915146917,9.466354158186405,7704000
2015-05-22,9.580972671508789,9.643827272279397,9.558788750076548,9.572345643189339,8388000
2015-05-26,9.351740837097168,9.557558733615613,9.277794732250921,9.527979539456522,10416800
2015-05-27,9.65245532989502,9.673406552294182,9.36899418584216,9.412130272314826,9828800
2015-05-28,9.610554695129395,9.6598514770529,9.552629942065847,9.619181725993592,6680800
2015-05-29,9.502098083496094,9.624109198803017,9.45403307018501,9.595763647504533,10484000
2015-06-01,9.555093765258789,9.60932135007467,9.407201548839197,9.594531752322398,12105600
2015-06-02,9.497169494628906,9.589602369617719,9.397342290529254,9.486078000962646,9119200
2015-06-03,9.552628517150879,9.625341917834868,9.509493369264131,9.58220676994812,10452800
2015-06-04,9.414596557617188,9.567418650992924,9.349277474975777,9.441710351983625,14147200
2015-06-05,9.365296363830566,9.428150966886982,9.254376752635599,9.388712987381615,15136800
2015-06-08,9.176734924316406,9.3665305240849,9.136064237164069,9.352973628367454,12647200
2015-06-09,9.147154808044434,9.208776706842604,9.005424252753532,9.12990075160299,18279200
2015-06-10,9.383782386779785,9.445404283693378,9.186592504711395,9.205079261840579,14541600
2015-06-11,9.417059898376465,9.503330188578612,9.38378354338732,9.458962342110182,11774400
2015-06-12,9.263006210327148,9.357903540544429,9.240822284522677,9.31846555470045,10644800
2015-06-15,9.175501823425293,9.198918449604475,9.018982589149152,9.124972347267121,15308000
2015-06-16,9.26793384552002,9.299977498393256,9.144690039381318,9.149619904459941,9573600
2015-06-17,9.319696426391602,9.381318325941274,9.206311416610774,9.301209668471587,15059200
2015-06-18,9.584670066833496,9.621643583539932,9.380085844477833,9.386248410687434,18502400
2015-06-19,9.493471145629883,9.615482262115286,9.491006682992355,9.603158068376226,10845600
2015-06-22,9.6339693069458,9.694359456516672,9.594531321652445,9.643829038338074,12671200
2015-06-23,9.651222229003906,9.668476286768511,9.574811670410838,9.657384795466534,9269600
2015-06-24,9.556325912475586,9.710380687424685,9.547698882689465,9.627807553718142,10300000
2015-06-25,9.510726928710938,9.645063203559165,9.483613133405283,9.622879274697802,9416000
2015-06-26,9.394875526428223,9.551394742683843,9.317231328679055,9.50825959964297,12060800
2015-06-29,8.954893112182617,9.283953764640263,8.93887081971121,9.17673134225811,30190400
2015-06-30,9.01528549194336,9.116345385285008,8.953663582825873,9.083069027807166,20781600
2015-07-01,9.152085304260254,9.221101534788033,9.06951123956381,9.190290583263042,17760800
2015-07-02,9.1594820022583,9.218639458217803,9.101557247956,9.19522282811027,12444000
2015-07-06,9.116345405578613,9.216172597682935,9.002961318216208,9.042399302528164,15048800
2015-07-07,9.152085304260254,9.175500988031825,8.797142540915969,9.128668680213062,22651200
2015-07-08,8.837812423706055,9.046094738075626,8.807001474966203,9.02391081737191,17337600
2015-07-09,8.825490951538086,9.086768215854866,8.820561085387677,9.068281452859786,16960000
2015-07-10,9.101555824279785,9.163177733638857,8.998031467888888,9.062117839901008,15040000
2015-07-13,9.410895347595215,9.430613863937209,9.251910754650043,9.25560791769695,17973600
2015-07-14,9.536606788635254,9.588369909466032,9.431849726004643,9.436779591811183,13753600
2015-07-15,9.55879020690918,9.630271846893587,9.503330865013934,9.572347102088143,14372000
2015-07-16,9.824995994567871,9.828693158164466,9.677102868774966,9.71161192298622,14527200
2015-07-17,10.110922813415527,10.110922813415527,9.955635341426314,9.982749131486809,13135200
2015-07-20,10.188567161560059,10.26128150992604,10.09736699098525,10.170080399075433,16426400
2015-07-21,10.16884708404541,10.221841960256974,10.114619506449674,10.191031007582243,10931200
2015-07-22,9.948243141174316,10.038210619863037,9.860740125620179,9.860740125620179,12727200
2015-07-23,9.864436149597168,10.025885264103229,9.817603833249247,9.96672875295594,11652800
2015-07-24,9.677104949951172,9.982750056768644,9.64506223170579,9.9716585635935,12707200
2015-07-27,9.510726928710938,9.646294964963326,9.472521639112541,9.56248911596216,16914400
2015-07-28,9.674637794494629,9.714075770822948,9.446636964462918,9.599459005200718,17863200
2015-07-29,9.75474739074707,9.791719968221722,9.645060479103726,9.715309410608741,11392800
2015-07-30,9.84225082397461,9.874294478119257,9.589600635255497,9.701752954623936,14616800
2015-07-31,9.818835258483887,9.91250082824979,9.77816457078972,9.9051064996784,12485600
2015-08-03,9.764608383178711,9.874295309001926,9.629039427419018,9.821300428189247,15681600
2015-08-04,9.719005584716797,9.779394779969355,9.637664230058824,9.749816532946237,14714400
2015-08-05,9.866897583007812,9.99876840145186,9.807741090023372,9.827459607593019,15793600
2015-08-06,9.55879020690918,9.91126760101082,9.465125582387241,9.881689348018403,16844800
2015-08-07,9.52674674987793,9.573579058494246,9.372691989629423,9.507027289233816,17405600
2015-08-10,9.742423057556152,9.785558200791431,9.642594937182391,9.642594937182391,14360800
2015-08-11,9.498398780822754,9.717772574803382,9.388711883832439,9.637663923896564,17352800
2015-08-12,9.555093765258789,9.596997155419,9.16317835744351,9.364066397406464,22975200
2015-08-13,9.520585060119629,9.669709968940197,9.48730964256286,9.578509805751528,13948000
2015-08-14,9.551396369934082,9.582207325966127,9.445406605961786,9.483611890553279,11219200
2015-08-17,9.710379600524902,9.719006629345385,9.462659286857317,9.508259833637362,11880000
2015-08-18,9.616714477539062,9.70298570990372,9.588368927399392,9.688196113998893,9416000
2015-08-19,9.48730754852295,9.657383643461364,9.376387947356369,9.558788233474287,21892000
2015-08-20,8.967219352722168,9.373923337693267,8.959824085168647,9.311069675279697,28556000
2015-08-21,8.198176383972168,8.858763164480385,8.198176383972168,8.714568157835899,36132000
2015-08-24,7.580726146697998,8.19571293304583,6.77840919274467,6.883166237668331,31388000
2015-08-25,7.491990566253662,8.204339565682432,7.483363538035774,8.109442255285664,24149600
2015-08-26,8.242545127868652,8.273356078326067,7.616466859045617,7.923344132462107,31299200
2015-08-27,8.656643867492676,8.672666162563438,8.283215320382197,8.480405203643032,38588000
2015-08-28,8.666505813598633,8.718267994893598,8.53217049448421,8.580235511440359,17888000
2015-08-31,8.44343376159668,8.654180565741068,8.400298615767534,8.561747707417618,16594400
2015-09-01,7.93320369720459,8.275821308717948,7.844468011289505,8.03056641145722,26204800
2015-09-02,8.363326072692871,8.363326072692871,8.021940149542594,8.193249932021654,17065600
2015-09-03,8.272125244140625,8.53833139697595,8.232687260747403,8.432341640304973,15034400
2015-09-04,8.078632354736328,8.190783736129356,7.987431255706059,8.047821401347212,18082400
2015-09-08,8.532169342041016,8.553120563981597,8.32388700317996,8.395368638327922,13113600
2015-09-09,8.34483814239502,8.740450653979048,8.299237594850828,8.737986191535736,16542400
2015-09-10,8.518610954284668,8.633227714590719,8.309095950784377,8.32265284266927,16487200
2015-09-11,8.614741325378418,8.614741325378418,8.397831986254504,8.443432528198752,11446400
2015-09-14,8.561747550964355,8.681294195988919,8.500125646541438,8.678828793257644,8479200
2015-09-15,8.760169982910156,8.819326483416544,8.54572508281654,8.602418061192292,12725600
2015-09-16,8.86246395111084,8.880949772732064,8.7084091690955,8.771262843159205,14567200
2015-09-17,8.871092796325684,9.13483456187567,8.797145733608074,8.85630319572697,23929600
2015-09-18,8.624601364135742,8.826721116845675,8.592557713503517,8.60241744297121,14758400
2015-09-21,8.675130844116211,8.811931534773196,8.519843395750744,8.714568821765713,15354400
2015-09-22,8.417553901672363,8.466850681080201,8.254872084909428,8.402764303684535,16592800
2015-09-23,8.422481536865234,8.502590201542086,8.342373812464034,8.454525190791106,11119200
2015-09-24,8.370720863342285,8.426181152037426,8.120536034241551,8.254872300379018,19396000
2015-09-25,8.22282600402832,8.558049270805574,8.120533430363471,8.545724139308204,16132800
2015-09-28,7.754500389099121,8.161205342906866,7.7064353778660175,8.14641574703681,21313600
2015-09-29,7.678089618682861,7.950458808493083,7.561007899822629,7.795171337543094,22128000
2015-09-30,8.017010688781738,8.042891777572958,7.829679559994282,7.8913014686235785,23040800
2015-10-01,8.09095573425293,8.095885599132426,7.840770498203076,8.046587890613042,16822400
2015-10-02,8.374415397644043,8.381810664646194,7.8222837289603815,7.872813665522631,23065600
2015-10-05,8.622138977050781,8.66404237180557,8.465619713182797,8.495197971654722,21077600
2015-10-06,8.54079818725586,8.634462825357836,8.403997454452673,8.582700640047399,14814400
2015-10-07,8.636926651000977,8.676364633596958,8.4212499779939,8.643088277492918,21920800
2015-10-08,8.705941200256348,8.735519446408922,8.4064587546695,8.570373220091936,23530400
2015-10-09,8.778657913208008,8.819327660129124,8.668970045844294,8.718267763027546,16306400
2015-10-12,8.82918643951416,8.858764690524202,8.757704804320548,8.821792111830561,8296000
2015-10-13,8.707173347473145,8.904363209737506,8.69731361929107,8.723194700562445,16028000
2015-10-14,8.687455177307129,8.799607486362934,8.611044623271859,8.712104501411709,12422400
2015-10-15,8.972147941589355,8.972147941589355,8.725660371109159,8.750308752046994,16273600
2015-10-16,9.051026344299316,9.05472350841542,8.924085361509317,9.005425792890716,10665600
2015-10-19,9.15331745147705,9.160712719542456,8.98200862899309,9.020214849883319,10776800
2015-10-20,9.058420181274414,9.15331750278552,8.99679827527935,9.122506549787989,9388800
2015-10-21,8.943803787231445,9.163177631664272,8.936409459078876,9.138529244305236,10568000
2015-10-22,9.309836387634277,9.320927877852618,9.053489068354349,9.099089611005995,18826400
2015-10-23,9.829927444458008,9.903873549139929,9.709148085932808,9.800348250364651,16727200
2015-10-26,9.844714164733887,9.877990516474386,9.741189826598001,9.808973350774911,9639200
2015-10-27,9.87799072265625,9.907568971273092,9.785557872987493,9.785557872987493,7972000
2015-10-28,10.044370651245117,10.044370651245117,9.755980583265613,9.918662377061255,14408800
2015-10-29,10.01356029510498,10.045603951326518,9.930987162029979,9.947008520002889,8737600
2015-10-30,9.926057815551758,10.055463268121517,9.921127949700182,10.01972338618018,10600800
2015-11-02,10.152824401855469,10.167613997077714,9.933450577574739,9.97905112430328,8164800
2015-11-03,10.220609664916992,10.285928736738313,10.076414626336831,10.105992878802473,6733600
2015-11-04,10.223075866699219,10.295790219214183,10.134341094206368,10.283466023613164,10565600
2015-11-05,10.154058456420898,10.284696607329499,10.05669572385243,10.229237263337366,8060000
2015-11-06,10.178706169128418,10.20089009330783,9.993840447725209,10.118316963413895,12676800
2015-11-09,9.963029861450195,10.124479903481735,9.83362441586276,10.099830575553854,11056000
2015-11-10,9.902639389038086,9.926056012510568,9.794185180831114,9.853341679752882,8499200
2015-11-11,9.882919311523438,10.05545985640857,9.849642963384555,9.964259719787078,8182400
2015-11-12,9.68819808959961,9.894015071464386,9.677105655340124,9.797885029169501,11032800
2015-11-13,9.311070442199707,9.62903876492323,9.298745308687192,9.610552945205802,15164800
2015-11-16,9.576043128967285,9.579741232893412,9.251912265171082,9.288885782227567,10840000
2015-11-17,9.588369369506836,9.726401843213727,9.539071654493357,9.613017756875722,15440800
2015-11-18,9.950703620910645,9.975352943768522,9.645059539677154,9.663546296751681,13019200
2015-11-19,9.967958450317383,10.060391302587567,9.93468303722138,9.964261286670672,11269600
2015-11-20,10.099831581115723,10.118318343833288,10.043139531650784,10.060393592780295,8140800
2015-11-23,10.04560375213623,10.184868926364382,9.96056521781269,10.104760257536842,7486400
2015-11-24,10.033278465270996,10.073948205699004,9.815136407152092,9.913731825777392,9733600
2015-11-25,10.043135643005371,10.081341855235324,10.003697669940104,10.052995371340549,6939200
2015-11-27,10.07518196105957,10.11338724314295,10.007397486128708,10.083808990571162,3146400
2015-11-30,10.020953178405762,10.130640086292454,9.955634114189595,10.124478460395515,8946400
2015-12-01,10.221842765808105,10.221842765808105,10.07518231863033,10.097366243915408,9511200
2015-12-02,10.101062774658203,10.324133774726056,10.064090195018732,10.23663078055427,8437600
2015-12-03,9.753515243530273,10.178706020436122,9.632736833865577,10.147895067319013,13330400
2015-12-04,10.203354835510254,10.239095652167176,9.770768812158229,9.802812465070577,12749600
2015-12-07,10.115852355957031,10.22553927386313,10.018489631246151,10.215679543196687,7359200
2015-12-08,10.119548797607422,10.178705296832467,9.894012411157387,9.90633660347297,9498400
2015-12-09,9.81020736694336,10.134339198237958,9.686963553438353,10.02588404057712,15344000
2015-12-10,9.895246505737305,10.024651953684822,9.792953908591361,9.854575819121342,12808000
2015-12-11,9.444171905517578,9.714076124119403,9.425686088031611,9.669708281601965,16503200
2015-12-14,9.590832710266113,9.590832710266113,9.198917379179772,9.473751473545676,19201600
2015-12-15,9.701752662658691,9.864434450709801,9.673406173253861,9.749817672291362,11954400
2015-12-16,9.974123001098633,10.014793689855775,9.617948414705978,9.82499808259823,16202400
2015-12-17,9.6980562210083,10.075181998599776,9.69189365407319,10.075181998599776,14618400
2015-12-18,9.338181495666504,9.67094029073251,9.327090005968717,9.62287528815778,17049600
2015-12-21,9.530444145202637,9.531675906316089,9.360367083980199,9.494703327123656,13739200
2015-12-22,9.654501914978027,9.679164974081543,9.529951302583859,9.627371985462922,7817600
2015-12-23,9.800017356872559,9.80741608729356,9.718627558899506,9.749456856767692,6625600
2015-12-24,9.79261589050293,9.846874799823453,9.781516857136866,9.791382455498868,3760000
2015-12-28,9.774118423461914,9.779051222791633,9.601474210262824,9.743289133277623,9324000
2015-12-29,10.081177711486816,10.126805398851118,9.88756981019626,9.892502609438502,7607200
2015-12-30,9.907299995422363,10.07377891094196,9.902368137050674,10.062679877517539,5304000
2015-12-31,9.663134574890137,9.866608115844087,9.65573584494705,9.828379149188756,10348000
2016-01-04,9.25988483428955,9.266051068451514,9.012018027010676,9.231522415149097,17903200
2016-01-05,9.21056079864502,9.364707279057017,9.131637875940912,9.332644547697395,13274400
2016-01-06,9.044081687927246,9.142735809988482,8.89610144567083,8.89610144567083,13870400
2016-01-07,8.480520248413086,8.878835068945788,8.465722792099383,8.655631321752061,24348800
2016-01-08,8.332541465759277,8.701259555072806,8.316510571731865,8.611238544313318,21089600
2016-01-11,8.39173412322998,8.499019463193786,8.132767303427492,8.453392710642882,20888000
2016-01-12,8.586576461791992,8.664266901415072,8.339942057067224,8.545882500047453,19463200
2016-01-13,7.988485336303711,8.68646090145047,7.958889481848712,8.645766013552814,25444800
2016-01-14,8.323909759521484,8.465724706554491,7.792412537377957,8.051378901035921,34314400
2016-01-15,7.808443069458008,7.982320728592114,7.596337389167608,7.765282248662945,32507200
2016-01-19,7.841738700866699,8.041512380518224,7.656762949599598,8.021782122950768,19948800
2016-01-20,7.797343730926514,7.95888937491648,7.251048691267508,7.603735833304802,35794400
2016-01-21,7.815842151641846,8.03904639256153,7.64936369446385,7.85283720754218,19747200
2016-01-22,8.261017799377441,8.264717164321967,8.067409860318609,8.108104756379268,15380800
2016-01-25,8.020546913146973,8.291844245308358,7.9995832251091175,8.211687915994958,10869600
2016-01-26,8.162363052368164,8.222788196822755,7.942858659960038,8.076040476597775,10918400
2016-01-27,7.752950191497803,8.13030089351934,7.683892878742929,8.064942945257004,17983200
2016-01-28,7.967520713806152,8.013148395584647,7.7023886672138095,7.999583434537937,21350400
2016-01-29,8.301711082458496,8.305410446684254,7.958889531954474,7.967521695426329,19049600
2016-02-01,8.335005760192871,8.407763368305089,8.158663137978692,8.216621408478181,19194400
2016-02-02,7.982321262359619,8.273348933824971,7.934226697874436,8.268417074691746,20471200
2016-02-03,7.909564018249512,8.084674191775374,7.632100357345056,8.084674191775374,30936000
2016-02-04,7.907097339630127,8.027947640287453,7.718421748201785,7.863936047549122,19220800
2016-02-05,7.352169036865234,7.846671117910895,7.294210290844606,7.846671117910895,34110400
2016-02-08,7.128965854644775,7.190624440402381,6.860134383108199,7.082105197752045,44954400
2016-02-09,7.08087158203125,7.296676626679552,6.915627028015795,6.936590720838293,31328000
2016-02-10,7.141296863555908,7.429859042703333,7.127731900410291,7.254748897704818,26114400
2016-02-11,7.1277313232421875,7.228851350698867,6.915626140742072,6.95385415696496,32244000
2016-02-12,7.3324384689331055,7.346003432259157,7.142529923203685,7.279412050704532,18572000
2016-02-16,7.651829242706299,7.651829242706299,7.4569883857581365,7.543310016446661,19820800
2016-02-17,8.008217811584473,8.031647435552129,7.735686491667222,7.778847786062607,25582400
2016-02-18,7.8306403160095215,8.05877689295454,7.804743823140282,8.05507752837827,18515200
2016-02-19,7.876267910003662,7.920662639107938,7.7171891102670065,7.760349933758019,10954400
2016-02-22,8.129067420959473,8.142632384593162,8.004517759719707,8.020548652725285,12706400
2016-02-23,7.861469268798828,8.07727430755017,7.850370705132053,8.030414123550587,12007200
2016-02-24,8.011917114257812,8.027948008515114,7.580306996156619,7.6801936081355695,23586400
2016-02-25,8.164828300476074,8.164828300476074,7.89969624267063,8.04644395065403,18259200
2016-02-26,8.146331787109375,8.294312952667367,8.10933720134637,8.284447353463102,14330400
2016-02-29,8.00081729888916,8.251151933276931,8.00081729888916,8.131534133106074,11633600
2016-03-01,8.510117530822754,8.515050330155324,8.104403958862829,8.145098847730072,14518400
2016-03-02,8.518747329711914,8.52121325827604,8.388030535772911,8.49161741133146,16791200
2016-03-03,8.489151954650879,8.508883149787499,8.36830167736217,8.50148442202885,13662400
2016-03-04,8.496551513671875,8.603836828129381,8.385565894547597,8.501484312392416,13954400
2016-03-07,8.394198417663574,8.505184041555122,8.26841533780995,8.408996814460846,16637600
2016-03-08,8.247450828552246,8.417629101302945,8.21908841031727,8.269647953657328,15828000
2016-03-09,8.355971336364746,8.357203830609276,8.220322643477733,8.320209245732073,16852800
2016-03-10,8.335005760192871,8.519981486153673,8.120434181512195,8.434893291979638,25547200
2016-03-11,8.619869232177734,8.619869232177734,8.45832312105565,8.515049839695148,17400800
2016-03-14,8.64576530456543,8.690159553025048,8.553277443747088,8.554510878658514,18144000
2016-03-15,8.642065048217773,8.658095937070147,8.533545367263017,8.582872409439263,9132000
2016-03-16,8.794981002807617,8.840608696878006,8.596440273094487,8.596440273094487,13205600
2016-03-17,8.785115242004395,8.82457670018429,8.680295831917363,8.739488489604895,11381600
2016-03-18,8.818410873413086,8.856638894106286,8.723456127978897,8.824576167260362,9958400
2016-03-21,8.882534980773926,8.892400579481578,8.77031685318903,8.782648381155957,9246400
2016-03-22,8.931861877441406,8.973789259963562,8.775249499243296,8.775249499243296,10125600
2016-03-23,8.776480674743652,8.898565321395164,8.74318546073377,8.892399088028277,9857600
2016-03-24,8.781415939331055,8.786348739242806,8.661798128768403,8.68399525795359,15994400
2016-03-28,8.759217262268066,8.833207366198462,8.725922044791714,8.833207366198462,10697600
2016-03-29,9.02804946899414,9.047780666847004,8.693860067252473,8.724689358271098,13254400
2016-03-30,9.129171371459961,9.23645766482958,9.087243978707654,9.141502902220315,10541600
2016-03-31,9.100805282592773,9.177261307042048,9.069975997679974,9.119302100872366,10841600
2016-04-01,9.288249015808105,9.296881179897222,8.962691768968112,8.987354826126923,13524800
2016-04-04,9.21425724029541,9.300578865605264,9.178495155285571,9.283314540543293,7745600
2016-04-05,9.04778003692627,9.143967267674029,9.019416677196306,9.072443091689971,11447200
2016-04-06,9.338808059692383,9.341273988692215,9.05887760603483,9.05887760603483,12223200
2016-04-07,9.057645797729492,9.2611193172404,8.99105535358843,9.233989389194234,12976000
2016-04-08,9.057645797729492,9.224124730588183,8.992287847892095,9.180962968240909,10320000
2016-04-11,8.987354278564453,9.221657070639353,8.984888349332941,9.13533543500741,10918400
2016-04-12,9.141500473022461,9.171097267985058,8.888700866688147,8.994753696549354,11219200
2016-04-13,9.37333869934082,9.399235193091547,9.25495432469376,9.278383948086109,14792000
2016-04-14,9.372102737426758,9.439927541465869,9.32277569274696,9.37703553597825,8912000
2016-04-15,9.322776794433594,9.394300970629663,9.278382543059152,9.35483951838963,6564000
2016-04-18,9.421432495117188,9.426365295089136,9.259886353750892,9.270985388896625,7567200
2016-04-19,9.305514335632324,9.480624506292415,9.20439428516878,9.444862411016409,7663200
2016-04-20,9.316615104675293,9.406636136400197,9.243857465345199,9.304282631651631,8060000
2016-04-21,9.321540832519531,9.388132191529333,9.242617949434207,9.316608975557306,7690400
2016-04-22,9.044081687927246,9.164932940410488,8.902267681112946,9.087243454351183,10485600
2016-04-25,9.04284954071045,9.04284954071045,8.954061015613359,8.983656877033898,10422400
2016-04-26,8.960225105285645,9.108205317782012,8.899799020778493,9.076142593434875,10816800
2016-04-27,8.80608081817627,8.849241645669466,8.66426586426822,8.770318720871773,17830400
2016-04-28,8.601373672485352,8.933097201925252,8.556979410521816,8.828276841778568,14095200
2016-04-29,8.503950119018555,8.628500697624059,8.374467682598603,8.586572379520115,17080000
2016-05-02,8.661796569824219,8.68769305907354,8.479287710114177,8.53724692260156,10071200
2016-05-03,8.5051851272583,8.617403259581417,8.459557436935315,8.53971378335772,8928000
2016-05-04,8.394198417663574,8.462023226940408,8.353503532097474,8.405297450470327,11435200
2016-05-05,8.392966270446777,8.489153512298973,8.357204178326157,8.447226126193284,7238400
2016-05-06,8.479288101196289,8.479288101196289,8.289379563773746,8.315276054217467,9033600
2016-05-09,8.523682594299316,8.601372067824123,8.47065617689294,8.475588976283682,9319200
2016-05-10,8.757983207702637,8.766615370203235,8.555743165544232,8.589039321500213,6284000
2016-05-11,8.602606773376465,8.78388317920852,8.593974608376625,8.73208924837406,7458400
2016-05-12,8.523682594299316,8.65686441450823,8.402831361314334,8.646999756562028,16071200
2016-05-13,8.46448802947998,8.611235720475069,8.428725947605754,8.511348201848758,8296000
2016-05-16,8.669198989868164,8.732090080502191,8.469424799760196,8.484223201528179,8412000
2016-05-17,8.454625129699707,8.703726347497348,8.406531507212756,8.656865219346207,9568000
2016-05-18,8.51381778717041,8.60507223229618,8.380635013742289,8.41886303653105,13278400
2016-05-19,8.427494049072266,8.484220769168672,8.30047752802713,8.44845868077539,10227200
2016-05-20,8.605072021484375,8.676596206295613,8.480521415635199,8.494086379679928,7561600
2016-05-23,8.581640243530273,8.690159940530675,8.570542151338078,8.618635765841358,6484000
2016-05-24,8.931861877441406,8.94912620446056,8.675361960535039,8.675361960535039,9273600
2016-05-25,9.060114860534668,9.110674423445268,8.967626960269245,8.99598938948272,9386400
2016-05-26,9.110671997070312,9.132869124855848,9.032982520238601,9.086008939902085,5504000
2016-05-27,9.20439338684082,9.206860257080018,9.119304239459819,9.121771109699015,5969600
2016-05-31,9.241387367248535,9.267283855414474,9.148899506297962,9.23398769860457,6281600
2016-06-01,9.236456871032715,9.282083625008339,9.171098916867866,9.178497646521121,6713600
2016-06-02,9.280850410461426,9.280850410461426,9.103273385879374,9.20069406237451,4564800
2016-06-03,9.189594268798828,9.24878691904825,9.07244334415832,9.242620684768115,7599200
2016-06-06,9.252486228942871,9.304279209584902,9.193294519876337,9.225356303606022,5915200
2016-06-07,9.215492248535156,9.28454956057314,9.201927284979794,9.266051797467162,4319200
2016-06-08,9.240153312683105,9.278381324911818,9.176028814025091,9.231521150540004,5453600
2016-06-09,9.208093643188477,9.230290773314435,9.131637593404395,9.172331547939132,7800800
2016-06-10,9.002152442932129,9.07737598381797,8.939260429554489,9.041613895459518,9241600
2016-06-13,8.845541000366211,8.997220592294884,8.829509166163675,8.902266785552452,12036800
2016-06-14,8.85417366027832,8.912131943005194,8.720990883688694,8.813478766181147,9992800
2016-06-15,8.799915313720703,8.913366909940596,8.774018815072829,8.893636647519358,7819200
2016-06-16,8.852937698364258,8.862803295481545,8.601370616884203,8.711122797517422,13500800
2016-06-17,8.648233413696289,8.817178287414631,8.602606659658315,8.817178287414631,12040000
2016-06-20,8.748120307922363,8.924463897991677,8.738254708559033,8.848006914178885,8569600
2016-06-21,8.804847717285156,8.838142945234365,8.741955685786085,8.780183714326936,7825600
2016-06-22,8.761659622192383,8.915892465429442,8.748087056678516,8.817183069212696,9144000
2016-06-23,9.008434295654297,9.013369860765248,8.825822152000244,8.896152307446423,8701600
2016-06-24,8.276753425598145,8.63580707757791,8.236035719708472,8.360656149236203,22189600
2016-06-27,7.957183361053467,8.168173851255153,7.869579188492268,8.168173851255153,17194400
2016-06-28,8.291559219360352,8.29526159921041,8.112649455815244,8.115116767685828,12768000
2016-06-29,8.58151626586914,8.614830147717287,8.412476721106936,8.414944032540545,11804000
2016-06-30,8.780167579650879,8.791271892292382,8.553136349344907,8.613595359127931,9833600
2016-07-01,8.867772102355957,8.933166678809554,8.769062703816036,8.777699705586086,8807200
2016-07-05,8.756725311279297,8.794974760639327,8.666652903740511,8.783870446191333,7360000
2016-07-06,8.898619651794434,8.908489839645423,8.622233681987439,8.677758077792392,10820000
2016-07-07,8.955377578735352,8.993627029212844,8.872708986442767,8.914659875177728,11111200
2016-07-08,9.231762886047363,9.240399889353279,9.020772426977612,9.044216125106281,11966400
2016-07-11,9.340341567993164,9.403268838070279,9.288519553276794,9.288519553276794,8333600
2016-07-12,9.429179191589355,9.477299764969583,9.409437876507452,9.451388759408122,6444800
2016-07-13,9.38846206665039,9.482235907759382,9.383527443600716,9.479768596234544,6667200
2016-07-14,9.506915092468262,9.54516454544289,9.464963259631721,9.506915092468262,6843200
2016-07-15,9.479769706726074,9.564905614064592,9.439052001576524,9.552567172269725,5978400
2016-07-18,9.605623245239258,9.636469820170253,9.488406637046582,9.488406637046582,5216000
2016-07-19,9.5340576171875,9.592049320474757,9.501977861577098,9.542694619292243,7730400
2016-07-20,9.758621215820312,9.79317016773514,9.616727735532972,9.641404616966593,7625600
2016-07-21,9.715436935424805,9.806743474613974,9.659913477329917,9.773428646666837,5098400
2016-07-22,9.791935920715332,9.814145490277262,9.66978375880605,9.726541338494835,3936000
2016-07-25,9.796873092651367,9.796873092651367,9.729010246365576,9.76972795413705,3857600
2016-07-26,9.821549415588379,9.886944004795037,9.717905374135436,9.788235528367869,8775200
2016-07-27,9.947402954101562,10.001692281113279,9.867201678011027,9.980716837918692,9524800
2016-07-28,10.023903846740723,10.044880235474812,9.920259795238538,9.983187078715073,8177600
2016-07-29,10.062150955200195,10.116440275277313,10.001691003555989,10.064618266464471,6964800
2016-08-01,10.167028427124023,10.218850432511559,10.053513289219186,10.076956039449264,8932000
2016-08-02,10.012799263000488,10.150991327979845,9.884477387403342,10.139887011913792,11847200
2016-08-03,10.083127975463867,10.083127975463867,9.989354129566074,9.995523820737224,6586400
2016-08-04,10.138651847839355,10.155925854194292,10.026370806532267,10.079426952154641,7121600
2016-08-05,10.331134796142578,10.375552995865776,10.218852816907988,10.244763825647652,9176000
2016-08-08,10.31139087677002,10.347173009180496,10.242294864591205,10.339770133979213,4555200
2016-08-09,10.35827922821045,10.417505064807703,10.311392774369562,10.32126390402956,6140000
2016-08-10,10.305222511291504,10.374319473715483,10.249699057419061,10.364448344603103,5281600
2016-08-11,10.391593933105469,10.434778948156014,10.329900785501055,10.36938436231337,5297600
2016-08-12,10.405163764953613,10.405163764953613,10.331132195566724,10.353341760519038,6061600
2016-08-15,10.49400520324707,10.538424346605623,10.42614236162629,10.428609673429426,5522400
2016-08-16,10.379253387451172,10.454519087577365,10.371849571113122,10.450816708727071,5259200
2016-08-17,10.410100936889648,10.416269686163576,10.265738271712927,10.380487551469352,9655200
2016-08-18,10.419971466064453,10.442181035177452,10.355811011606153,10.39652871187376,6052800
2016-08-19,10.411334991455078,10.45575413193267,10.326199090008613,10.385423983070266,6579200
2016-08-22,10.423672676086426,10.459453866578803,10.343471410988318,10.376785290239429,4874400
2016-08-23,10.459455490112305,10.5433582057771,10.454520866863813,10.500173192132578,5029600
2016-08-24,10.32249641418457,10.475495134505625,10.259569149159242,10.44958412922757,7492800
2016-08-25,10.287946701049805,10.354575398824625,10.247229947989513,10.270672698815131,4716800
2016-08-26,10.320028305053711,10.453285712362751,10.200343463749995,10.300286989913078,10870400
2016-08-29,10.349642753601074,10.405167154751854,10.326199996164899,10.32743318141332,3611200
2016-08-30,10.281779289245605,10.373084875980346,10.211449144899731,10.315093171783063,6297600
2016-08-31,10.254634857177734,10.28054586567002,10.174433578684827,10.248465166000315,6327200
2016-09-01,10.307689666748047,10.334834798235494,10.167029386642708,10.26820609586519,9004000
2016-09-02,10.373085975646973,10.45575456890526,10.300288512099067,10.410102241379537,4556000
2016-09-06,10.503872871398926,10.506341123972563,10.369382288374341,10.408865857289705,5904800
2016-09-07,10.521151542663574,10.553232250818725,10.439717057485671,10.522385669498028,4771200
2016-09-08,10.394058227539062,10.460686920573844,10.343470350697118,10.455751357234698,8559200
2016-09-09,9.867202758789062,10.266974115195906,9.867202758789062,10.218853532543358,14136000
2016-09-12,10.216385841369629,10.250933854159209,9.757388662621793,9.762324227500695,16425600
2016-09-13,10.041173934936523,10.179366891014125,9.946166924819892,10.117673758341311,13831200
2016-09-14,10.142352104187012,10.245997071600874,10.060917646769996,10.063384958234849,13083200
2016-09-15,10.4557523727417,10.477961939243713,10.138649692962277,10.14728669430403,10783200
2016-09-16,10.442183494567871,10.4606916300816,10.342240880701766,10.42861092461533,9953600
2016-09-19,10.348408699035645,10.559399146413696,10.30892512305898,10.491536308940038,10398400
2016-09-20,10.386656761169434,10.470559466583381,10.350874628132042,10.421204767864133,6130400
2016-09-21,10.587777137756348,10.617390524841264,10.353343942191488,10.470560539973919,12076000
2016-09-22,10.760516166687012,10.782725732266487,10.693887469948585,10.71733116177206,7209600
2016-09-23,10.619856834411621,10.729670545743009,10.592711702826318,10.725969108047302,9135200
2016-09-26,10.444649696350098,10.526084158706013,10.413803123674144,10.502641403598918,6590400
2016-09-27,10.647002220153809,10.656873348486387,10.412568099749388,10.437244979218226,9488000
2016-09-28,10.68772029876709,10.697590486088234,10.576672454481066,10.67044629425178,7527200
2016-09-29,10.526082038879395,10.687718687276336,10.438477903085634,10.651936557214798,12728800
2016-09-30,10.677849769592285,10.748179918028352,10.561866354452466,10.585310051052055,10048000
2016-10-03,10.651938438415527,10.679083572315697,10.572971289631031,10.64823700040417,7158400
2016-10-04,10.62355899810791,10.762986103258404,10.540890412712358,10.707461709940565,12668000
2016-10-05,10.693888664245605,10.762985621188804,10.672913222567587,10.675380533968632,5676000
2016-10-06,10.686484336853027,10.723500592378082,10.582839386200362,10.667976209090499,7914400
2016-10-07,10.638365745544434,10.729671333740267,10.53472077563991,10.703760326604801,9304000
2016-10-10,10.765453338623047,10.816042167197294,10.735840893880582,10.735840893880582,5456000
2016-10-11,10.4557523727417,10.754347864904895,10.370616485619433,10.745709922200598,9648000
2016-10-12,10.448349952697754,10.516212781454334,10.384189502988193,10.471793646515952,4968000
2016-10-13,10.373085975646973,10.426142121136854,10.18307096485444,10.305223135591518,8748800
2016-10-14,10.38912582397461,10.553229824802989,10.380488820844839,10.463158355215773,7944000
2016-10-17,10.33607006072998,10.416271344964146,10.31262730357558,10.3841915843607,5604000
2016-10-18,10.51867961883545,10.614920759744617,10.507575306282487,10.57420306432534,6115200
2016-10-19,10.512511253356934,10.545826077938727,10.480431496586705,10.498938686506968,4012000
2016-10-20,10.492769241333008,10.533486939183385,10.370617089144476,10.485366365855702,7340000
2016-10-21,10.571735382080078,10.580372383105663,10.437243861695944,10.50634081126314,5276800
2016-10-24,10.82468032836914,10.834550516764908,10.701294030475951,10.703761342234206,6274400
2016-10-25,10.749414443969727,10.838251786324859,10.719801055155283,10.82961478326133,7937600
2016-10-26,10.6099853515625,10.723501438156696,10.548292215063233,10.612453604185502,8624800
2016-10-27,10.516213417053223,10.711163030662656,10.480431281670047,10.700058716938209,7602400
2016-10-28,10.370617866516113,10.55816460977943,10.313859345726879,10.44094801291019,12780000
2016-10-31,10.350875854492188,10.45205257524079,10.348408542877062,10.447117010647847,6239200
2016-11-01,10.202810287475586,10.39282524357379,10.022666458246437,10.389122864976041,9939200
2016-11-02,10.033773422241211,10.228723993306424,9.986886969263118,10.186772163704788,9121600
2016-11-03,9.841290473937988,10.06832078922353,9.817846778269043,10.002926208002426,6260000
2016-11-04,9.766026496887207,9.920259382367538,9.732711666460272,9.787001943385453,8128000
2016-11-07,10.238593101501465,10.252164725151516,10.05598100765376,10.076956447632286,8536000
2016-11-08,10.370617866516113,10.458222017893812,10.16332886534999,10.20898118936556,9647200
2016-11-09,10.458221435546875,10.492769443590374,10.101635158956642,10.110272160967517,13814400
2016-11-10,10.118908882141113,10.585308860509262,9.84622532180848,10.547059415717325,22816000
2016-11-11,10.130011558532715,10.170729249459038,9.963440299080634,10.030068991133954,12019200
2016-11-14,9.927660942077637,10.150989829377796,9.820314529139267,10.13865138844944,13717600
2016-11-15,10.204046249389648,10.264506211895213,10.046111941952105,10.069555639305802,10283200
2016-11-16,10.321263313293457,10.331134442388482,10.105337306493857,10.111506056156236,5604800
2016-11-17,10.46932601928711,10.471794272132582,10.266972588639753,10.310157599809132,7036800
2016-11-18,10.394058227539062,10.529782924596969,10.373082789369535,10.48413061109417,4620800
2016-11-21,10.603818893432617,10.623560211868496,10.433545197439026,10.440949015544895,6808800
2016-11-22,10.672914505004883,10.722269211219647,10.616156922334858,10.684018819687775,7105600
2016-11-23,10.586544036865234,10.621092047376454,10.487834628522304,10.597648351088404,6660000
2016-11-25,10.651938438415527,10.658107187980232,10.582841477207092,10.603817861542558,2625600
2016-11-28,10.606285095214844,10.698824810269913,10.579139961513997,10.617390350530036,6068800
2016-11-29,10.676614761352539,10.775324162855133,10.561865482184887,10.614921620754073,6333600
2016-11-30,10.410100936889648,10.706227260191605,10.406398557690142,10.692655635243916,9018400
2016-12-01,10.060919761657715,10.41010324250023,10.023903492365363,10.41010324250023,10106400
2016-12-02,10.091764450073242,10.174433035808553,10.01032904941745,10.06955488092736,9037600
2016-12-05,10.247231483459473,10.32866594314491,10.10533706553069,10.199110906972018,6340800
2016-12-06,10.300286293029785,10.333600171921837,10.213915338715601,10.294116602949293,7144000
2016-12-07,10.558164596557617,10.581608292447175,10.194175424535128,10.254634441902091,8999200
2016-12-08,10.593945503234863,10.647001638420324,10.524849491407307,10.56803449879953,8970400
2016-12-09,10.759283065795898,10.76792006760199,10.672913047734989,10.676614485457229,8691200
2016-12-12,10.660576820373535,10.707463276855597,10.574205843027265,10.663044132246153,6335200
2016-12-13,10.930790901184082,11.04677431419185,10.728437462338198,10.730905715283674,12781600
2016-12-14,10.881437301635742,11.027033162631577,10.824679720754341,10.9492991968501,11952000
2016-12-15,10.915986061096191,11.045541110678922,10.862929914687237,10.907349057790675,10389600
2016-12-16,10.84318733215332,10.999888454926664,10.795066752117469,10.964106316193876,7492800
2016-12-19,10.929557800292969,11.059112840048446,10.834549829776266,10.86169496420961,6651200
2016-12-20,11.014693260192871,11.049242210776523,10.971508248666618,10.991250506142991,5680000
2016-12-21,10.991110801696777,11.025682601058355,10.942958401496098,11.015804944097905,2855200
2016-12-22,10.928142547607422,10.994815317218684,10.845418350395091,10.992345432056126,5242400
2016-12-23,10.940489768981934,10.94789754092006,10.871348052265434,10.893572310065057,2336800
2016-12-27,11.06148910522461,11.180019122419099,10.97876583533678,10.988643493767213,3614400
2016-12-28,10.886163711547852,11.11951794992511,10.865174396177151,11.099763577218935,6425600
2016-12-29,10.849123001098633,10.92320354101832,10.784919175712444,10.873816200410138,4475200
2016-12-30,10.633054733276367,10.8898672214997,10.56761596210974,10.886163335619276,8341600
2017-01-03,10.817020416259766,10.898508722512366,10.70096031434003,10.775040849656516,6743200
2017-01-04,10.93061351776123,10.970123209822168,10.835543645047071,10.835543645047071,4872000
2017-01-05,11.05284309387207,11.06765957709976,10.919498512763154,10.919498512763154,4995200
2017-01-06,11.246689796447754,11.30471985623162,11.020744270673168,11.075069502440508,6856000
2017-01-09,11.322004318237305,11.360280001922009,11.25162766370114,11.259036377115857,6412000
2017-01-10,11.371392250061035,11.435596079071114,11.276322391161976,11.32447479192692,5761600
2017-01-11,11.424483299255371,11.426953184478096,11.260270785396967,11.368923127551803,9613600
2017-01-12,11.389911651611328,11.405962136504366,11.182485580601764,11.341759254947068,7616000
2017-01-13,11.47140121459961,11.509675956069946,11.408432331870047,11.410901275003384,6368800
2017-01-17,11.399791717529297,11.444240237997223,11.334353879614113,11.404730546690772,5367200
2017-01-18,11.451645851135254,11.465227393271693,11.37633036910051,11.431890538214915,5724800
2017-01-19,11.433124542236328,11.554123468977808,11.388676033799465,11.470165279928743,6294400
2017-01-20,11.483748435974121,11.59239983744166,11.42571837835462,11.534369779822157,7627200
2017-01-23,11.5010347366333,11.53066676800975,11.35781152467409,11.46399399092377,6013600
2017-01-24,11.657837867736816,11.692408725981979,11.509676777547476,11.54424763579264,6304000
2017-01-25,11.889957427978516,11.896130256894978,11.785008974561636,11.799825459534478,6269600
2017-01-26,11.908477783203125,11.964038899685091,11.873906924228706,11.920825325967067,5894400
2017-01-27,11.954161643981934,11.980089789084051,11.88501992370962,11.957865530141481,4844000
2017-01-30,11.77513313293457,11.877610766809466,11.641787584248007,11.876376766125794,8479200
2017-01-31,11.725744247436523,11.729448132971418,11.589929773241249,11.691173393130649,7472000
2017-02-01,11.88502025604248,11.929468775170506,11.77883778723501,11.881316369779364,9692000
2017-02-02,11.864027976989746,11.930700744328485,11.776365896410613,11.843038663749352,6209600
2017-02-03,11.925761222839355,11.95292430521137,11.86526222972857,11.891190369633193,6600000
2017-02-06,11.957863807678223,11.961567693304247,11.870201727250118,11.88131432611334,4732800
2017-02-07,12.044291496276855,12.093677892332972,11.9874954452391,12.00107698675007,6753600
2017-02-08,12.089974403381348,12.117137487294242,11.966506525221035,12.009720094180114,4648000
2017-02-09,12.173933029174805,12.223320370584304,12.094913659713681,12.110964145328063,7912000
2017-02-10,12.251718521118164,12.285054435262978,12.183810808249767,12.215912721786209,8731200
2017-02-13,12.391239166259766,12.419636257230493,12.315923667968995,12.325801326561148,7068800
2017-02-14,12.470257759094238,12.4727267025928,12.317157828580058,12.396177208328364,7483200
2017-02-15,12.613480567932129,12.625827168998445,12.439390384345673,12.44803309929062,7385600
2017-02-16,12.60977554321289,12.680152204377373,12.545572653477945,12.631999801579846,8063200
2017-02-17,12.719660758972168,12.719660758972168,12.569030734557293,12.57520356345153,5451200
2017-02-21,12.840662956237793,12.85671344581834,12.753000851017113,12.764112511037778,9157600
2017-02-22,12.851774215698242,12.867825646763922,12.776459657717353,12.817203351841995,6984000
2017-02-23,12.759169578552246,12.886342279357448,12.65175313161903,12.88510733686824,9185600
2017-02-24,12.798683166503906,12.798683166503906,12.627061916190847,12.644348289087944,8758400
2017-02-27,12.83448600769043,12.83448600769043,12.709784124608275,12.754232637662275,7205600
2017-02-28,12.752999305725098,12.836957514098934,12.68262264149889,12.82214102721462,7494400
2017-03-01,13.029565811157227,13.076484210535982,12.866588239913344,12.909801811458085,7725600
2017-03-02,12.901159286499023,13.025862116488568,12.869058314014763,13.025862116488568,5904000
2017-03-03,12.945608139038086,12.951781910361245,12.812262591133969,12.873996536424551,6663200
2017-03-06,12.890047073364258,12.929556757937624,12.783864619451116,12.856710217701776,5608000
2017-03-07,12.838191986083984,12.954251165473545,12.798682297826529,12.834487158009775,5203200
2017-03-08,12.88510799407959,12.965362304239449,12.830781825604886,12.850537138499384,4476000
2017-03-09,12.902395248413086,12.939435994341405,12.767815692711768,12.881405931980177,6083200
2017-03-10,13.013513565063477,13.055492188319239,12.904861237606054,13.017217450411328,5686400
2017-03-13,13.05302619934082,13.059199028989134,12.988822365498331,13.001169908765553,3308800
2017-03-14,12.985116958618164,13.006106272537897,12.886343217944907,12.994994615281046,4728800
2017-03-15,13.146862030029297,13.207361035541092,12.962894186067558,13.04314850716664,6906400
2017-03-16,13.136983871459961,13.199952760012469,13.075249925580906,13.198717817339015,5923200
2017-03-17,13.112289428710938,13.190074801614147,13.111055428050902,13.155503943428382,3621600
2017-03-20,13.1406888961792,13.20365779018817,13.075251058594638,13.113525806921002,4237600
2017-03-21,12.750527381896973,13.266623151045618,12.730773011194545,13.239461009077926,8648000
2017-03-22,12.917118072509766,12.941816760674806,12.715828710297435,12.757815066940077,6749600
2017-03-23,12.856608390808105,12.95416609265971,12.80721195488647,12.883776477672939,5584000
2017-03-24,12.893655776977539,13.031964665076465,12.80474238196615,12.92823299900227,6412000
2017-03-27,12.945520401000977,12.987506754635904,12.660256461621156,12.720767536671799,5989600
2017-03-28,13.099884986877441,13.177683737060041,12.888716143102972,12.938111636588571,6320000
2017-03-29,13.222139358520508,13.229548493508448,13.091239615554548,13.119641927780693,4344800
2017-03-30,13.259186744689941,13.29129362399093,13.187561966879633,13.214730051025512,5032800
2017-03-31,13.24560546875,13.314759921266,13.196209027456248,13.224611345242996,5792000
2017-04-03,13.225845336914062,13.328342778588045,13.085066104173832,13.2665974680122,5931200
2017-04-04,13.26289176940918,13.27030090455585,13.14434089626953,13.150514861505558,3192800
2017-04-05,13.161629676818848,13.456772164658535,13.110998073571391,13.303644069306731,8034400
2017-04-06,13.173978805541992,13.241899020447441,13.106058590636545,13.19250258616699,6335200
2017-04-07,13.160393714904785,13.238192456746123,13.065306363765371,13.159158545052481,5002400
2017-04-10,13.17274284362793,13.27400510384345,13.099883837617577,13.185091715915956,4421600
2017-04-11,13.060365676879883,13.177681366037877,12.862780912012402,13.135695015697872,8424000
2017-04-12,12.951695442199707,13.067776922509063,12.919588560455159,13.050488311674728,6034400
2017-04-13,12.841788291931152,13.059132029705117,12.838083724370227,12.913413071971,6980000
2017-04-17,13.051722526550293,13.056662263878431,12.906003572925165,12.914647877709768,4382400
2017-04-18,13.018381118774414,13.088770735485609,12.949226672085151,12.965280113735536,6296000
2017-04-19,13.055427551269531,13.208555645170858,13.015910593418912,13.120877424382252,6863200
2017-04-20,13.26289176940918,13.327106472383687,13.119642208849651,13.159159166562867,6846400
2017-04-21,13.26289176940918,13.301173557211756,13.197441896524031,13.291294082243803,5320800
2017-04-24,13.582732200622559,13.604960548551624,13.51357775913596,13.548154979879259,5744000
2017-04-25,13.780317306518555,13.823539775592387,13.650652725772934,13.6691765064962,4354400
2017-04-26,13.740800857543945,13.850708376007486,13.722278018291508,13.788963066076265,5932800
2017-04-27,13.901337623596191,13.901337623596191,13.790195888614294,13.806250270541913,4571200
2017-04-28,13.95073413848877,14.022358917257009,13.906277444229763,14.012479442497549,4572800
2017-05-01,14.186599731445312,14.233526762236961,14.034706821668406,14.042115956147718,4184000
2017-05-02,14.24464225769043,14.255756902967496,14.160668601769467,14.237233122278134,4087200
2017-05-03,14.152024269104004,14.189071830411264,14.075460690901647,14.185367262712262,4960800
2017-05-04,14.161904335021973,14.19401216001673,14.061877234342864,14.153260029310921,4799200
2017-05-05,14.263165473937988,14.263165473937988,14.1260908212833,14.233527991303042,4261600
2017-05-08,14.324911117553711,14.324911117553711,14.22364885251252,14.271810116241952,3428000
2017-05-09,14.426173210144043,14.485449118264777,14.343434726485986,14.36072333673816,4873600
2017-05-10,14.438523292541504,14.450872166304997,14.339731360274893,14.440993632589407,3888800
2017-05-11,14.415058135986328,14.419996930881165,14.22611672679028,14.364426537808422,6492000
2017-05-12,14.480508804321289,14.486682769360673,14.406414628738757,14.424937466015471,3436000
2017-05-15,14.56942367553711,14.585477116864556,14.470630803260951,14.489154584582563,3643200
2017-05-16,14.695381164550781,14.695381164550781,14.562011092569593,14.637340432735348,3985600
2017-05-17,13.94209098815918,14.507678245833958,13.938386420357249,14.4582818101047,12316800
2017-05-18,14.179190635681152,14.275513152809216,13.901336786046274,13.938384342860994,11397600
2017-05-19,14.306386947631836,14.423703592160997,14.274279125300229,14.280454032649663,6684000
2017-05-22,14.547194480895996,14.560778523598426,14.357018825220578,14.363192790529846,4039200
2017-05-23,14.57065486907959,14.634870505333973,14.505205005243806,14.634870505333973,5100800
2017-05-24,14.708968162536621,14.720081866356576,14.576833233777956,14.66204206503234,5385600
2017-05-25,14.95224380493164,15.028807382812898,14.754659010491695,14.818873715375195,6745600
2017-05-26,15.004108428955078,15.015222131110798,14.921369950156256,14.957182338477809,3961600
2017-05-30,15.032511711120605,15.06585375980977,14.97570520391033,14.983115280853454,2828000
2017-05-31,15.013988494873047,15.132539366663538,14.865799198515997,15.127599629235778,6399200
2017-06-01,15.144887924194336,15.144887924194336,14.95471227689417,15.080673223286055,6546400
2017-06-02,15.473374366760254,15.483252899875264,15.190580746623297,15.24491597631102,4290400
2017-06-05,15.470902442932129,15.526473779037865,15.428916090555749,15.477077349885608,3750400
2017-06-06,15.357291221618652,15.532647648987817,15.309129962582876,15.435089961101404,5996800
2017-06-07,15.46719741821289,15.491895160979373,15.293075222586154,15.423975897292298,6103200
2017-06-08,15.503011703491211,15.546233229705429,15.331359826412884,15.537588924462586,7259200
2017-06-09,14.723786354064941,15.568461703441516,14.311327212477773,15.53141414229681,19503200
2017-06-12,14.56077766418457,14.610173152377667,14.190305849785068,14.478038242928188,20044000
2017-06-13,14.796645164489746,14.836162122836587,14.574361684939632,14.722550985359243,11746400
2017-06-14,14.664509773254395,14.917665897782426,14.431112598341178,14.917665897782426,10808800
2017-06-15,14.527435302734375,14.565717090390288,14.189071294726357,14.368132302581175,13966400
2017-06-16,14.422467231750488,14.529904392515542,14.300211802023707,14.524964655475465,8591200
2017-06-19,14.885557174682617,14.913959485336445,14.642280539688056,14.679328096893979,9156800
2017-06-20,14.657099723815918,14.892966281636696,14.644749909997838,14.855919666658004,6804800
2017-06-21,14.943243026733398,14.949418297431707,14.699952059758784,14.717241687057221,9161600
2017-06-22,14.932129859924316,15.042042903171113,14.856796074029667,14.981528260590757,7942400
2017-06-23,15.042043685913086,15.084032517107351,14.817277559213885,14.900020921071393,5735200
2017-06-26,14.907430648803711,15.266809972055157,14.841976915838394,15.211235354511922,10183200
2017-06-27,14.366510391235352,14.824687469887486,14.362805605129367,14.791342510505284,16194400
2017-06-28,14.766642570495605,14.796281800076708,14.30229024339245,14.46530741940969,12299200
2017-06-29,14.259065628051758,14.650553695696077,13.978725844874901,14.640674581021035,19842400
2017-06-30,14.241776466369629,14.4109689128383,14.178792279404778,14.34304469726698,9932800
2017-07-03,13.96884822845459,14.430730133253729,13.949088111224087,14.391210841006973,7011200
2017-07-05,14.2405424118042,14.315876205463537,13.958967353241386,14.04788599114842,7884000
2017-07-06,13.979962348937988,14.14297954444807,13.8823998339752,14.020716883369067,10531200
2017-07-07,14.271416664123535,14.356630514492284,14.072584974739238,14.072584974739238,6936000
2017-07-10,14.469012260437012,14.53693552998819,14.230661311261795,14.301055066084835,7053600
2017-07-11,14.548052787780762,14.582632048529469,14.32205140789776,14.419614860561147,7692800
2017-07-12,14.900019645690918,14.925954087834695,14.738236779631064,14.795046634476368,6852800
2017-07-13,14.961770057678223,15.027223790792672,14.871616180416897,14.927190798086752,5931200
2017-07-14,15.189005851745605,15.229760383252536,14.997584679704183,15.085268072143416,6615200
2017-07-17,15.205061912536621,15.308799697128944,15.148252991134035,15.21988105764169,3405600
2017-07-18,15.412537574768066,15.412537574768066,15.091442296040857,15.182831416153263,3760000
2017-07-19,15.590373992919922,15.63236376714958,15.489105756760843,15.496516271162644,3878800
2017-07-20,15.629891395568848,15.684230764292215,15.486634344680951,15.6694106794911,4740800
2017-07-21,15.607664108276367,15.610134593891862,15.449586948595712,15.501455839950767,2987200
2017-07-24,15.745981216430664,15.775620446665163,15.570614436073184,15.607663238312771,3465600
2017-07-25,15.679292678833008,15.743512112047826,15.5879045001041,15.644713418893106,3355200
2017-07-26,15.775620460510254,15.787970061267622,15.706461942497683,15.753390802261336,2564400
2017-07-27,15.590373992919922,16.007796538607018,15.212470735923828,15.980626850966798,11048000
2017-07-28,15.548382759094238,15.597782097880652,15.335966261862469,15.385365600648884,4999600
2017-07-31,15.410066604614258,15.669411985864283,15.348317659449293,15.62989269864727,4539200
2017-08-01,15.47675609588623,15.526155442112575,15.395247975494796,15.506395326736373,3287200
2017-08-02,15.5607328414917,15.686700264205783,15.279157826542763,15.68176117816637,5681200
2017-08-03,15.456997871398926,15.60025494781217,15.390308891232442,15.60025494781217,5422800
2017-08-04,15.496515274047852,15.565673789253598,15.373017387058104,15.50145436037903,4428000
2017-08-07,15.684232711791992,15.691642284005566,15.511335469833341,15.54838521532954,3262400
2017-08-08,15.639771461486816,15.884296736460582,15.545912808784882,15.627421861918837,6021200
2017-08-09,15.595312118530273,15.605192175050803,15.30879707493328,15.387835642669412,8533600
2017-08-10,14.918545722961426,15.437236492214165,14.896316064724072,15.424886891463222,12058400
2017-08-11,15.143310546875,15.214938601958952,14.896314784231418,14.965473296263122,7800000
2017-08-14,15.536035537719727,15.58543394185248,15.3804279265019,15.382897469822874,6593600
2017-08-15,15.555793762207031,15.617542705821165,15.476755189758068,15.60519310554116,4816800
2017-08-16,15.61507511138916,15.758332188500889,15.51133638321964,15.6249542275176,5827200
2017-08-17,14.977823257446289,15.536034222133226,14.9728832290085,15.496514936845008,9566800
2017-08-18,14.938305854797363,15.153191936745259,14.829628042111874,14.98770520318684,9664800
2017-08-21,14.921013832092285,15.009932456495285,14.723417412426757,14.953123544729824,5781200
2017-08-22,15.365608215332031,15.39524838919282,15.061803499865343,15.069213072223448,5028400
2017-08-23,15.249519348144531,15.32114740580227,15.185299919909752,15.210000062390089,4717200
2017-08-24,15.170479774475098,15.353257059250959,14.990172975044555,15.321147345260451,5552000
2017-08-25,15.101320266723633,15.350786506199482,15.059331440756546,15.274217483171583,6272000
2017-08-28,15.17789077758789,15.256929351332428,15.091441689782595,15.185300349434529,3409600
2017-08-29,15.303858757019043,15.355727646227567,14.89384578773489,14.92842504720724,3932400
2017-08-30,15.669411659240723,15.708930945633968,15.311268538520604,15.333498196005186,6350400
2017-08-31,15.960868835449219,15.997916696887629,15.73363221574714,15.745981816964669,5297200
2017-09-01,15.958395957946777,16.081893836039892,15.869477334965486,16.03990500975097,3979600
2017-09-05,15.664471626281738,15.923817944267338,15.429826393382932,15.847249856897285,8012400
2017-09-06,15.755861282348633,15.829958886867477,15.533564699935534,15.75339079686952,4470400
2017-09-07,15.832428932189941,15.911467505469663,15.713871072270358,15.817609788583814,3812000
2017-09-08,15.563204765319824,15.800321446689045,15.523685475460653,15.787970903059023,3678000
2017-09-11,15.899117469787598,15.963335009469208,15.792908277265585,15.792908277265585,3691600
2017-09-12,15.98803997039795,16.03249929257603,15.842311459314255,16.005329602110063,5322800
2017-09-13,16.03249740600586,16.034966007082446,15.8818298254888,15.936167315598231,2780400
2017-09-14,15.839838981628418,16.000386618439457,15.822549352090508,15.911467985264983,3909600
2017-09-15,15.941106796264648,16.06460467796695,15.785499201499809,15.84230811401718,3502000
2017-09-18,15.906530380249023,16.081897177446614,15.8102021660761,15.973218419127024,3458000
2017-09-19,15.960868835449219,16.002857668031652,15.852190083420938,15.965807922164888,2396800
2017-09-20,15.867008209228516,15.975686954278896,15.612602860068066,15.950987753429692,5425600
2017-09-21,15.65953254699707,15.839838407871548,15.555793831313135,15.839838407871548,4409600
2017-09-22,15.634834289550781,15.671884037237405,15.531096503570998,15.560735736391761,2846400
2017-09-25,15.30880069732666,15.523686795317593,15.14825398084246,15.503927619815135,6084000
2017-09-26,15.382896423339844,15.516274366738699,15.274218622541202,15.452055880406341,4257600
2017-09-27,15.657064437866211,15.770682285733297,15.461937519433004,15.538506560672609,6299200
2017-09-28,15.642245292663574,15.671884526409476,15.508867327485628,15.585435426513733,4388400
2017-09-29,15.862069129943848,15.88676833080413,15.622482924299824,15.699051954509285,4562800
2017-10-02,15.88430118560791,16.020149645548603,15.753393697535223,15.913941363530052,4429600
2017-10-03,15.963337898254395,15.992978072690674,15.864541085656947,15.926290035744556,3154800
2017-10-04,15.985567092895508,16.054725609396698,15.87194926086809,15.901587548266747,3263600
2017-10-05,16.301721572875977,16.311601630263656,16.067076334310432,16.09671462204521,4122400
2017-10-06,16.336299896240234,16.33877038155278,16.188102812766072,16.188102812766072,3542000
2017-10-09,16.306659698486328,16.41286795361024,16.264670870384077,16.390639239118986,2276000
2017-10-10,16.32889175415039,16.444980076436355,16.18069465770316,16.41040081674628,3044000
2017-10-11,16.427690505981445,16.427690505981445,16.272081952385218,16.314072668813534,2409600
2017-10-12,16.365943908691406,16.49191042278021,16.328894158018215,16.37088299604782,3262800
2017-10-13,16.484498977661133,16.524019209739173,16.457329289214577,16.49437903568064,2468800
2017-10-16,16.598115921020508,16.603056891977367,16.501787716072855,16.561068060985473,2618800
2017-10-17,16.63516616821289,16.64010713931907,16.533898873676275,16.58576776372113,2401200
2017-10-18,16.598115921020508,16.672215409947142,16.551188003500037,16.667276323418566,2048400
2017-10-19,16.474620819091797,16.474620819091797,16.242446024363943,16.417812834465387,4325200
2017-10-20,16.5585994720459,16.63269708503102,16.519079237577703,16.61293885222542,2990400
2017-10-23,16.34370994567871,16.62775546322678,16.29925063089355,16.62528497784199,5167200
2017-10-24,16.405460357666016,16.46474070563757,16.277023372584406,16.393111698493225,5236800
2017-10-25,16.27208137512207,16.44003858159196,16.030026565003507,16.331361719354923,4939200
2017-10-26,16.178224563598633,16.328892149220003,16.16093493333528,16.257263142578008,3920000
2017-10-27,17.09210777282715,17.166207262985463,16.657396542811874,16.694444403462718,6906000
2017-10-30,17.185964584350586,17.31440154405949,16.694441689435735,16.694441689435735,4262000
2017-10-31,17.309463500976562,17.358861899741598,17.193375191007796,17.2897033876993,2955200
2017-11-01,17.30205726623535,17.46507352113948,17.171147903849246,17.43790383125071,4161600
2017-11-02,17.2230167388916,17.269944656144528,16.998249672342997,17.255125512215002,4408800
2017-11-03,17.549049377441406,17.563868519919424,17.23536370918404,17.36133207353146,5003600
2017-11-06,17.672548294067383,17.68736743741539,17.519410236567943,17.531760778976743,2066000
2017-11-07,17.69230842590332,17.739238230788573,17.573751497516287,17.650319592284095,3542400
2017-11-08,17.838035583496094,17.845445155408502,17.642908690613524,17.68489752106935,2450800
2017-11-09,17.64043617248535,17.665135370823418,17.284763570675512,17.549048950191704,5311600
2017-11-10,17.645376205444336,17.6725458875013,17.50458870952549,17.566337644304422,2823200
2017-11-13,17.682424545288086,17.729354340028255,17.5119987620201,17.5119987620201,2232400
2017-11-14,17.561399459838867,17.59597871804581,17.388503168804156,17.549050801581096,3905200
2017-11-15,17.378620147705078,17.479887419632433,17.208192486730553,17.40826031443958,4012000
2017-11-16,17.830623626708984,17.90966219058358,17.566338252088176,17.56880685277663,4705600
2017-11-17,17.694778442382812,17.86026517126744,17.662669667718564,17.838036454444886,2600800
2017-11-20,17.66514015197754,17.746649224539212,17.61821222776236,17.72195001951619,2199200
2017-11-21,18.040571212768555,18.05786084123952,17.815804158217844,17.818274643550318,2906400
2017-11-22,18.0899715423584,18.11961171622503,18.010932963142423,18.080091484402857,2202000
2017-11-24,18.223346710205078,18.225817195423108,18.104789801732807,18.11960894418482,2312400
2017-11-27,18.20358657836914,18.280156544623704,18.119608925324364,18.20358657836914,3507600
2017-11-28,18.294979095458984,18.31226872633213,18.085033039305507,18.28509903718455,5981200
2017-11-29,17.667604446411133,18.24557544043543,17.48482813197824,18.24557544043543,9629600
2017-11-30,17.951650619506836,18.01092906999842,17.72194450387049,17.800983066001923,6940000
2017-12-01,17.798511505126953,17.96646867505774,17.26747219900688,17.719472947772925,8835600
2017-12-04,17.388505935668945,18.04304522918499,17.34898570032783,18.02328511151443,8968000
2017-12-05,17.3934383392334,17.796042573244176,17.237831712335698,17.356388603945046,7404400
2017-12-06,17.5515193939209,17.610799737470632,17.23042601295359,17.265005271143483,5129200
2017-12-07,17.67501449584961,17.776283653456844,17.51446877289639,17.556457596301755,4818400
2017-12-08,17.830623626708984,18.015870437455195,17.77381377559849,17.929420418231228,4471200
2017-12-11,18.10725975036621,18.11220072117006,17.840505744233283,17.842974345206986,3606400
2017-12-12,18.055391311645508,18.15912908796252,17.981293707602617,18.089970570417844,3296400
2017-12-13,18.119609832763672,18.235698146138926,18.0726800334601,18.193709317513715,3593200
2017-12-14,18.09244155883789,18.26780834303789,18.055391813572353,18.188769765871292,3746000
2017-12-15,18.48763084411621,18.541970208665703,18.173947082073166,18.233225532296267,5495200
2017-12-18,18.806255340576172,18.84330507816178,18.677818385964393,18.739567320464428,4697600
2017-12-19,18.593841552734375,18.771678811403554,18.487633294608514,18.739570039199254,4501200
2017-12-20,18.546911239624023,18.727218978683574,18.3987141563087,18.72227989249193,5745600
2017-12-21,18.54938316345215,18.7099308013394,18.504923846566882,18.58890339376274,3192800
2017-12-22,18.504920959472656,18.51480101550884,18.406122283538814,18.485160847400287,3215200
2017-12-26,18.304855346679688,18.346844172291835,18.166538328461762,18.312264917737355,2792800
2017-12-27,18.307327270507812,18.401184985327415,18.265336557167817,18.29003764187188,2474800
2017-12-28,18.344377517700195,18.41600652692823,18.30238868332017,18.408596954323336,3291200
2017-12-29,18.112201690673828,18.37648710997963,18.099851147431334,18.37401662444547,4783600
2018-01-02,18.73956871032715,18.756858337892364,18.213466543333418,18.292505109978418,5320800
2018-01-03,19.105121612548828,19.142171353344146,18.779087285520607,18.786496856794052,5065600
2018-01-04,19.174283981323242,19.290372313104466,19.132295146040644,19.250853963552746,4196000
2018-01-05,19.554651260375977,19.58429142601917,19.28789542287078,19.349644354639878,4784400
2018-01-08,19.70038604736328,19.730024338098964,19.544777483287124,19.56700808576734,4641600
2018-01-09,19.71767234802246,19.823880602219287,19.594174465673973,19.78930134591596,4702000
2018-01-10,19.608999252319336,19.62134979788012,19.354593842968043,19.520080600681975,5364400
2018-01-11,19.88068962097168,19.88068962097168,19.623813786012413,19.68556273044219,5670400
2018-01-12,20.162263870239258,20.2116641545128,19.801650274969134,19.841170502387964,5289600
2018-01-16,20.048648834228516,20.6439096227069,19.939971962553035,20.429022596163755,9671600
2018-01-17,20.48088836669922,20.54757827848066,20.053586748838548,20.23883357245434,6179600
2018-01-18,20.488300323486328,20.584628532227303,20.322813594052178,20.424082773944583,5028000
2018-01-19,20.619205474853516,20.680954410663606,20.419137641417805,20.619205474853516,5112000
2018-01-22,21.0563907623291,21.0563907623291,20.55746010361943,20.59203936291474,4634000
2018-01-23,21.39971351623535,21.444172830532818,21.17000737310314,21.192237972465968,5439200
2018-01-24,21.137903213500977,21.589906026748483,20.883497814564645,21.48863683369614,11407200
2018-01-25,21.110729217529297,21.421944422063852,20.96994170097789,21.39971382238299,6420800
2018-01-26,21.72821617126465,21.73068665637519,21.26139436005641,21.33796243863118,4642800
2018-01-29,21.533092498779297,21.738099451517236,21.446644351368203,21.646710333152203,6906000
2018-01-30,21.187297821044922,21.3577255131802,20.96253263993662,21.140368019575032,7494400
2018-01-31,21.342905044555664,21.496041213441437,21.086029221784646,21.41947312899855,5789600
2018-02-01,20.989704132080078,21.42688587349157,20.85385568689176,21.02428339368648,6230400
2018-02-02,20.140037536621094,20.915604189336747,20.117806934962825,20.831624638357624,15900800
2018-02-05,18.58148956298828,20.42407747927946,18.53949885680007,19.762128848715705,17201200
2018-02-06,19.527482986450195,19.58429283691874,17.84791305198712,18.030689375551503,16358000
2018-02-07,19.028554916381836,19.841171250131655,19.028554916381836,19.418808696923374,10303200
2018-02-08,17.442842483520508,19.166871955000566,17.428021455460943,19.12241263967834,11843600
2018-02-09,18.015871047973633,18.277685946350317,16.667274446171586,17.9220114546476,19297600
2018-02-12,18.67287826538086,18.909993958516374,18.102318687661906,18.391303262005685,10784400
2018-02-13,18.84084129333496,18.92728945549218,18.391308965688832,18.46540846721136,5886800
2018-02-14,19.562063217163086,19.616402585257507,18.62348047042662,18.62841955642244,10198000
2018-02-15,20.26353645324707,20.266006938983963,19.49537933435128,19.900452311491563,11034800
2018-02-16,20.11286735534668,20.532759446668653,20.03135829197753,20.15238570204096,9480800
2018-02-20,20.162263870239258,20.512999293082835,19.932557730544733,19.957258814895585,7059600
2018-02-21,20.043710708618164,20.764938034157648,20.03876973705188,20.352455476512997,9709600
2018-02-22,20.06593894958496,20.438903147961142,19.947382016816306,20.24130574744209,8373600
2018-02-23,20.858797073364258,20.858797073364258,20.206728233430113,20.352456752918677,6792800
2018-02-26,21.407123565673828,21.407123565673828,21.031690813337725,21.0514509277839,6898800
2018-02-27,20.873615264892578,21.498514327781734,20.873615264892578,21.42935580635298,13028000
2018-02-28,20.611797332763672,21.258926962466678,20.59450770333484,21.128019499015785,7608000
2018-03-01,19.959726333618164,20.82174287428035,19.5793526452616,20.641435144207072,15563200
2018-03-02,20.307994842529297,20.37715336456108,19.327421221538238,19.45585820753607,9745600
2018-03-05,20.747644424438477,20.858791765798138,19.974548352255322,20.122745435544253,9304800
2018-03-06,20.920541763305664,21.073679824941717,20.678486954751534,20.952652420664656,9423200
2018-03-07,21.014402389526367,21.05639122181146,20.542639523315604,20.604388471180155,8065200
2018-03-08,21.24905014038086,21.2811608030866,21.02675352500043,21.182362097981013,5634400
2018-03-09,22.056724548339844,22.056724548339844,21.493572570665123,21.562732973993405,7575600
2018-03-12,22.259258270263672,22.409925832591824,22.101181136743655,22.19750933109404,7819200
2018-03-13,21.710927963256836,22.59517324782003,21.58743008165063,22.488964994261565,10475600
2018-03-14,21.693639755249023,21.95792516380899,21.50098334884078,21.918404934582558,8801600
2018-03-15,21.634355545043945,21.90605236134899,21.48862896577843,21.730685615460768,7602800
2018-03-16,21.53061866760254,21.81466415161037,21.50098038419761,21.71092639083714,6328000
2018-03-19,20.616735458374023,21.145306210167913,20.231422693178335,21.145306210167913,11620000
2018-03-20,20.73282814025879,20.824215380600343,20.48336185359317,20.594509210278783,5009600
2018-03-21,20.54016876220703,21.004520122923545,20.37221156630052,20.634026474696967,7901600
2018-03-22,19.517606735229492,20.26353508542738,19.48796844610133,19.989369604421793,13137200
2018-03-23,18.480226516723633,19.59170766701037,18.480226516723633,19.487969878579776,12605200
2018-03-26,19.870807647705078,19.92020792914246,18.648179419657684,19.23602863555213,12255600
2018-03-27,18.559261322021484,20.162263282514626,18.24804613566858,20.157324196445327,12626800
2018-03-28,18.154186248779297,18.72721626996229,17.87261126587899,18.381421869290442,15574400
2018-03-29,18.82107925415039,19.174283324426845,18.010933329596163,18.3567278273623,9184800
2018-04-02,17.73923683166504,18.719810379079398,17.34404396083045,18.546912202544846,12062000
2018-04-03,18.119609832763672,18.275216489424952,17.487301264761822,18.062799976531547,12071600
2018-04-04,18.588905334472656,18.80379048482886,17.381095964825505,17.430494373442713,13554800
2018-04-05,18.89023780822754,19.122412556632433,18.633361974640057,19.053254040748925,12290000
2018-04-06,17.97882080078125,18.85565457931536,17.778754847053246,18.499981982068686,10278000
2018-04-09,18.18876838684082,18.924816611997276,18.144309072778643,18.27027744335951,7984000
2018-04-10,18.98903465270996,19.124883083797943,18.512332727839713,18.76426947559775,8066400
2018-04-11,18.79143714904785,19.191569058797196,18.7469778385837,18.786496178758487,6733600
2018-04-12,19.221210479736328,19.361997991308762,18.993974826747166,19.03102456861952,6992000
2018-04-13,19.04090118408203,19.478084710458287,18.880355456475968,19.431154915628703,6595200
2018-04-16,19.31013298034668,19.460800578939686,19.065607650018904,19.287902376992232,4300400
2018-04-17,20.13262367248535,20.236361432967517,19.643571268968323,19.70779069021213,5094400
2018-04-18,20.226482391357422,20.37467946868193,19.96219700672649,20.169674422523265,4595200
2018-04-19,19.883159637451172,20.12027535233784,19.72014152347573,20.04123678070895,6368400
2018-04-20,19.236034393310547,19.779426345202317,19.09277824533263,19.754727139304652,8081600
2018-04-23,19.132293701171875,19.559597247777543,18.919877170641197,19.411398265972263,6842400
2018-04-24,18.31967544555664,19.366938846389047,18.067740594298176,19.307658505975645,10736800
2018-04-25,18.37648582458496,18.50986376767545,17.85779507996296,18.383895396240845,8538800
2018-04-26,19.117475509643555,19.24591249792443,18.709932058222336,18.83095947392929,6681200
2018-04-27,19.14958381652832,19.688034728708246,18.934698679434764,19.6781546707089,8644800
2018-04-30,18.870479583740234,19.4731480571028,18.781560944576697,19.24097328544549,7897600
2018-05-01,19.285430908203125,19.310130109257972,18.69017017531158,18.78155929208559,7658000
2018-05-02,19.07795524597168,19.48796918240042,19.033495926171316,19.37435133945025,6042800
2018-05-03,19.06560516357422,19.203922199550718,18.460464362320472,18.892706984175312,9470000
2018-05-04,19.78436279296875,19.875751915468406,18.872949591274388,18.907528851803256,6118800
2018-05-07,20.095577239990234,20.24130384877155,19.942439174731174,19.974549832849853,5668000
2018-05-08,20.051118850708008,20.152386147448336,19.77942385123419,20.023949162317788,5584000
2018-05-09,20.51546859741211,20.53769919720449,20.006657900731526,20.154854989777224,5450000
2018-05-10,20.930421829223633,20.957591515725532,20.609328446499386,20.636498133001286,6900400
2018-05-11,20.89090347290039,20.984761190673666,20.703186152925596,20.84891464266721,5722400
2018-05-14,20.952651977539062,21.219407865936436,20.8884325486075,20.979821663455176,5632400
2018-05-15,20.490772247314453,20.64143984272642,20.26847564060593,20.621679725590443,9282400
2018-05-16,20.764936447143555,20.85138459866138,20.52287973846527,20.545110339957496,5031600
2018-05-17,20.589569091796875,20.910664370800394,20.396912678166093,20.6216778659259,5201600
2018-05-18,20.377151489257812,20.57227837813482,20.322812117111276,20.44631000492496,3719600
2018-05-21,20.614269256591797,20.8760842017617,20.436431978956236,20.690837351629394,5595600
2018-05-22,20.554990768432617,20.85879454701857,20.478422673483514,20.797045597045834,3737200
2018-05-23,20.898311614990234,20.898311614990234,20.23636289614127,20.23883338140604,5362800
2018-05-24,20.87855339050293,20.950182394236162,20.461129911116547,20.88349436147945,5422000
2018-05-25,20.923011779785156,21.071208867231352,20.797043407463196,20.871142893400396,4284400
2018-05-29,20.73529624938965,20.96500241425981,20.488300454235855,20.718006619106017,6125200
2018-05-30,21.024280548095703,21.100848633513927,20.789633436750165,20.88349303505965,4106400
2018-05-31,20.997119903564453,21.27375407808555,20.89338020369006,21.006999964715774,6594800
2018-06-01,21.656587600708008,21.67387722796288,21.19470486628781,21.202114437335894,4594800
2018-06-04,22.027082443237305,22.0567226134922,21.738097849857578,21.76279704952259,4190000
2018-06-05,22.170339584350586,22.254317236858107,21.987561368137623,22.130819358868408,4030000
2018-06-06,22.434629440307617,22.434629440307617,21.999916295482155,22.232092955405147,3916800
2018-06-07,22.08388900756836,22.439561575485026,21.851712419573694,22.437091090558226,4679200
2018-06-08,22.061660766601562,22.130819276509932,21.75044558758583,21.829484153827977,4504400
2018-06-11,22.18022346496582,22.288900334923394,22.02214630463808,22.034494963909328,2964000
2018-06-12,22.414867401123047,22.45685623214611,22.20245087609919,22.24197110607027,2641200
2018-06-13,22.395103454589844,22.738427384904593,22.31606489259856,22.48649255744112,5309200
2018-06-14,22.861928939819336,22.923677885213774,22.57788529854754,22.59517492788085,4673600
2018-06-15,22.701385498046875,22.787833653505135,22.474147923720007,22.701385498046875,6151200
2018-06-18,22.67421531677246,22.70385360689906,22.264201382022616,22.409929884715925,5872800
2018-06-19,22.5358943939209,22.538364879355807,21.95545468898204,22.091303121478227,6336400
2018-06-20,22.856990814208984,23.04223765817979,22.701384143667713,22.7384320049192,4806000
2018-06-21,22.451915740966797,23.00271524962433,22.367936199746357,22.963196906553897,5840000
2018-06-22,22.30865478515625,22.619869939946994,22.195036972803926,22.607519399384127,4006800
2018-06-25,21.33796501159668,22.00732334073756,20.947711231905796,21.948044881932688,12742400
2018-06-26,21.518274307250977,21.760329130716265,21.337966548016805,21.49604370583081,7468800
2018-06-27,20.908193588256836,21.88382618575446,20.90078401621142,21.69364026035175,9080000
2018-06-28,21.28856658935547,21.42441313583609,20.787165464338088,20.858792581259234,8293200
2018-06-29,21.35525131225586,21.713396263530957,21.34043217097135,21.491099722123643,5190800
2018-07-02,21.676347732543945,21.688696389492467,20.90324982241531,20.99216844392805,4394800
2018-07-03,21.170007705688477,21.83689743062745,21.137898933246834,21.822076402676657,4212400
2018-07-05,21.696107864379883,21.723277550250028,21.231756488066136,21.454053061354493,5404000
2018-07-06,22.350648880004883,22.397578683899983,21.71093067782478,21.785028285396226,4587200
2018-07-09,22.765602111816406,22.773011684203084,22.42227810542551,22.58529623564596,4941600
2018-07-10,22.80017852783203,22.894038124828263,22.64210138854465,22.82734821281219,4080800
2018-07-11,22.57294273376465,22.723610300642726,22.402515053492827,22.45191533697719,4840800
2018-07-12,23.313932418823242,23.32628296206887,22.73596317595175,22.76560146465593,4757600
2018-07-13,23.360862731933594,23.44484039766689,23.207724660714305,23.321342500227313,3818000
2018-07-16,23.25959014892578,23.454717024467143,23.183022066731255,23.378148942272617,3529600
2018-07-17,23.551048278808594,23.63502782759372,22.760662501922123,22.760662501922123,4098800
2018-07-18,23.447311401367188,23.56587021467744,23.30405338490892,23.53375955459945,4176000
2018-07-19,23.217607498168945,23.42755357206454,23.155858542056794,23.296646086615354,4807600
2018-07-20,23.187959671020508,23.494235749083405,23.143500361909958,23.36085782175175,5156400
2018-07-23,23.33369255065918,23.355921267202955,22.86933926006484,23.044707929020145,3625600
2018-07-24,23.536226272583008,23.98575848185844,23.346038481488726,23.825210860454046,5650400
2018-07-25,24.18088722229004,24.21299599527383,23.53375760074,23.55351771538922,5290800
2018-07-26,23.479413986206055,23.6794818131385,23.392965855767546,23.521404693357255,5950000
2018-07-27,22.83228874206543,23.77087150288827,22.550713725375765,23.756052360250322,9067200
2018-07-30,22.177753448486328,22.83970227802218,21.952986362511265,22.824883132811845,7322400
2018-07-31,22.43215560913086,22.67668089218975,22.096241213376267,22.328417838672927,5764400
2018-08-01,22.669273376464844,22.807590416285706,22.42474807123058,22.614934000984267,4694400
2018-08-02,23.28676414489746,23.338633037706916,22.328421101908,22.348181218529252,6013200
2018-08-03,23.420137405395508,23.427546976534384,23.17314165048333,23.34850841033961,4283600
2018-08-06,23.71159553527832,23.71159553527832,23.33369228294335,23.40778988833411,5071600
2018-08-07,23.852380752563477,23.956118520739114,23.726412385819845,23.82027198177429,3604400
2018-08-08,23.894371032714844,24.010459349867013,23.669605854669182,23.79804283006267,3407200
2018-08-09,23.874610900878906,24.069735891631634,23.82521061856397,23.896839614599564,3316400
2018-08-10,23.518939971923828,23.70665730432659,23.348512269845767,23.56339929053426,6049600
2018-08-13,23.476945877075195,23.901776967612665,23.444835224791653,23.59303229213523,4998800
2018-08-14,23.7609920501709,23.81533142046181,23.397909855317213,23.647374223393616,3390400
2018-08-15,23.19043731689453,23.528822267636013,22.886633514519733,23.402853872187936,6827600
2018-08-16,23.31887435913086,23.62267813754616,23.232424321674866,23.52882041203455,4048800
2018-08-17,23.331218719482422,23.447307025484225,22.918736262162525,23.192901700124388,4578800
2018-08-20,23.296640396118164,23.4497784482647,23.10892308774953,23.44483747770261,4886400
2018-08-21,23.45718765258789,23.736292183277904,23.400377798581694,23.43495705426265,5022000
2018-08-22,23.63008689880371,23.68689675994492,23.296642957471132,23.346041361954352,2958400
2018-08-23,23.560928344726562,23.884492227809503,23.48929933922951,23.55598925805671,4815200
2018-08-24,23.9931697845459,24.03515861464879,23.706655661247552,23.706655661247552,3278800
2018-08-27,24.477279663085938,24.477279663085938,24.166064474998393,24.250044014069434,4469200
2018-08-28,24.553850173950195,24.657587944131443,24.450110519340793,24.61559911588115,3021600
2018-08-29,25.1219425201416,25.144173121980902,24.618070863448825,24.625480435919123,3313200
2018-08-30,25.015729904174805,25.31953551366469,24.857652770848905,25.018200389378418,4399200
2018-08-31,25.075010299682617,25.22320927252561,24.902114010603416,24.951512411932267,2772800
2018-09-04,24.872474670410156,25.000913533242866,24.598309199687257,24.93669410182651,3074000
2018-09-05,24.22780990600586,24.781081690111577,24.059854621049443,24.781081690111577,5756000
2018-09-06,23.79063606262207,24.294507735197822,23.459662585659785,24.240168356131544,7111200
2018-09-07,23.642438888549805,24.005523025442297,23.42261277162265,23.44731197537532,6531600
2018-09-10,23.751115798950195,23.891903322260895,23.49670855524363,23.859792663894464,3967600
2018-09-11,24.11172866821289,24.193235843265615,23.442370332037285,23.55104719358367,4271600
2018-09-12,23.98328971862793,24.079617921501377,23.56586813431907,24.020339462293464,5580400
2018-09-13,24.45258140563965,24.568669719882003,24.25251543351962,24.25251543351962,4353600
2018-09-14,24.324142456054688,24.58595734983423,24.14136424301233,24.511857870554568,5106400
2018-09-17,23.637495040893555,24.27721508148779,23.585626153995896,24.245106308959205,4828800
2018-09-18,24.015399932861328,24.24510607803639,23.652315843607695,23.667134987029247,3432000
2018-09-19,23.985759735107422,24.13148633706699,23.6720740472241,24.015399906346005,2644400
2018-09-20,24.484691619873047,24.566200681622654,24.1907679155591,24.29944478013028,4699600
2018-09-21,24.2352294921875,24.704520022416908,24.17594914115409,24.650182527278997,3866000
2018-09-24,24.353782653808594,24.38095233938411,23.684424340252537,23.884490311828444,4062800
2018-09-25,24.43035125732422,24.46739911337411,24.175944044403796,24.33155257752566,2446800
2018-09-26,24.447643280029297,24.9169337572985,24.368604705332856,24.45752145299162,3592000
2018-09-27,24.862594604492188,25.040429972337265,24.63288846771064,24.647707610590697,3519600
2018-09-28,24.867538452148438,24.986097271174316,24.647712330005156,24.71440037016262,2506400
2018-10-01,24.94904136657715,25.31706450837613,24.832953061957085,25.136756780777898,4398400
2018-10-02,24.832956314086914,25.220739619036916,24.726748051741204,24.88976428904608,2554800
2018-10-03,24.904584884643555,25.163929322309524,24.818136738754898,25.052781975371,2885600
2018-10-04,23.93882942199707,24.706986412505223,23.58315679689838,24.679816727225916,7392400
2018-10-05,23.365800857543945,24.079618524627964,22.89403988863312,23.921541373161986,8912400
2018-10-08,23.064462661743164,23.469535544591675,22.511192704462182,23.133623055277823,7698800
2018-10-09,23.19290542602539,23.55598954459714,22.982959378078593,23.091636245992355,6101200
2018-10-10,21.172475814819336,22.94096439015832,21.105785907596186,22.916265192250048,18748800
2018-10-11,20.641437530517578,21.562732631174782,20.186966193869928,20.984761518475697,18836800
2018-10-12,21.78749656677246,21.906055365092083,20.962531602481537,21.71586756760013,12679200
2018-10-15,21.234228134155273,21.698579535851533,21.090970125268832,21.629421016921057,10352400
2018-10-16,22.469207763671875,22.58776468994457,21.60966156826717,21.676351488170383,7290400
2018-10-17,22.496376037597656,22.728550788797502,22.036963737208758,22.713731645052132,7579600
2018-10-18,21.491104125976562,22.330890185362453,21.263866567958036,22.31359867108332,9979200
2018-10-19,21.409595489501953,22.157992443471013,21.251518332168544,21.76032906455868,10509600
2018-10-22,21.634355545043945,21.948041184076896,21.29597259380061,21.659056626110157,7311200
2018-10-23,21.493574142456055,21.67388190942658,20.35492521399397,20.848916824465228,15082400
2018-10-24,19.497848510742188,21.47875394229748,19.426219504610277,21.4244145663058,12428000
2018-10-25,20.814332962036133,21.07614976283328,19.920209469789796,20.10792678491397,10664400
2018-10-26,19.81647300720215,20.559928976301098,19.174282447397996,19.431158294433992,18126400
2018-10-29,19.05325698852539,20.513003157416424,18.2060612690242,20.342575442316036,12907600
2018-10-30,19.554651260375977,19.59664008171628,18.667937504697065,18.84577472970053,12913200
2018-10-31,20.45372200012207,20.831625280098883,20.19684613690257,20.199316622591457,10119200
2018-11-01,21.044036865234375,21.07120654812583,20.243771173559917,20.554986342044206,7900800
2018-11-02,20.409259796142578,21.150247106122126,20.09557599739963,20.903251336128942,11541200
2018-11-05,20.26847267150879,20.431490787357596,19.81400135052705,20.42161073023692,5640800
2018-11-06,20.577219009399414,20.799515601039314,20.206725318142365,20.253655122052,4554000
2018-11-07,21.84925079345703,21.84925079345703,20.977355819144368,21.05886489492594,8038000
2018-11-08,21.58249282836914,21.785029313710083,21.370076284666634,21.661531410833206,4833200
2018-11-09,20.848913192749023,21.26386426421237,20.510528320125943,21.170006552966345,7156800
2018-11-12,19.61640739440918,20.61921169593502,19.54230977973765,20.545112196834953,8924000
2018-11-13,19.623815536499023,20.322814102059073,19.502788122260657,19.764603066980342,8274000
2018-11-14,19.295310974121094,20.13015603048828,19.092774510295765,19.994307597983624,7842400
2018-11-15,19.98196029663086,20.083227593206416,18.9025879884556,19.221212791799257,9463600
2018-11-16,19.84857940673828,20.03629671181155,19.43856554097669,19.60405413219517,6726800
2018-11-19,18.54197120666504,19.690501841463213,18.430823870960854,19.658391187358582,8938000
2018-11-20,17.892372131347656,18.383893129679365,17.413199789443883,17.69230429916431,12362400
2018-11-21,18.14678382873535,18.5049270264336,18.092444444934817,18.34191075946062,6021600
2018-11-23,17.882497787475586,18.252991518357973,17.850387124764833,17.86026718371979,2414000
2018-11-26,18.70745849609375,18.72474812406573,18.230756599805535,18.366605022748335,6465200
2018-11-27,18.84084129333496,18.924820854022403,18.317211348594906,18.504926819442403,4694000
2018-11-28,20.02641487121582,20.036294926858247,18.89023485432755,19.105119940159597,8064800
2018-11-29,19.907859802246094,20.17214521559937,19.591705500413568,19.87575102873845,5581600
2018-11-30,20.214136123657227,20.216606609389597,19.784363943219997,19.95232116888018,4326800
2018-12-03,20.885961532592773,21.128018214306177,20.589567364855856,21.083558900702826,7287200
2018-12-04,19.285430908203125,20.787165699248146,19.24591067897277,20.668606895985327,9184400
2018-12-06,19.562063217163086,19.562063217163086,18.369075142010082,18.524681790657496,14172000
2018-12-07,18.252988815307617,19.60899514188876,18.144310067325673,19.374349900849506,11285200
2018-12-10,18.64324188232422,18.801319027198375,17.82074550124487,18.19370964825805,12666400
2018-12-11,18.759326934814453,19.26566898893592,18.445643153501926,19.233560219015136,8357200
2018-12-12,19.0927734375,19.68062268132158,19.0730133239863,19.3224795749194,7578000
2018-12-13,19.110065460205078,19.50031738664441,18.853189605624877,19.312601938027957,6037600
2018-12-14,18.12207794189453,18.79390476509094,18.08255771936231,18.65805824009927,6602400
2018-12-17,17.361331939697266,18.290036511198384,17.059996815446556,18.01340058569667,12505200
2018-12-18,17.5515193939209,17.894843374826415,17.25265472846356,17.610799737470632,8068400
2018-12-19,16.721616744995117,18.075154706983305,16.432632079480186,17.514475008477536,13529600
2018-12-20,16.220211029052734,16.973548847206676,15.790438936356237,16.612935265469602,16336000
2018-12-21,15.175421714782715,16.570947428832216,15.032164639771404,16.348652714881105,20039600
2018-12-24,14.454194068908691,15.348318584995615,14.43443395300153,14.965475290329147,10410000
2018-12-26,16.233779907226562,16.233779907226562,14.553059893967816,14.74584808599243,17642400
2018-12-27,16.369722366333008,16.37466483166087,15.086936699109929,15.80865732289171,14849200
2018-12-28,16.349946975708008,16.8887661529488,16.0657071641224,16.5550941505297,11781600
2018-12-31,16.606998443603516,16.76271154118988,16.27579673218025,16.653958458973705,9122000
2019-01-02,16.73058319091797,16.920899226209908,15.875393348468508,15.902579737180957,8810800
2019-01-03,15.608453750610352,16.382078710056966,15.563964021860611,16.24860952380775,10945600
2019-01-04,17.007408142089844,17.12852024367088,16.03605046791253,16.13244458257979,12872400
2019-01-07,17.35096549987793,17.536339070969433,16.94561544194857,17.049426074905096,8046000
2019-01-08,17.69699478149414,17.810690334160206,17.17794921124739,17.69699478149414,7432800
2019-01-09,17.96146011352539,18.124589737172805,17.674750013092787,17.81316165566596,8104000
2019-01-10,18.052915573120117,18.08999066688501,17.494322648023832,17.69205522429153,6815200
2019-01-11,17.94415855407715,17.97134682452728,17.73901138094148,17.862593742726748,4496400
2019-01-14,17.617902755737305,17.77114557679,17.464661820401965,17.622847106648525,5510000
2019-01-15,18.312435150146484,18.351982414702974,17.75878664637718,17.768673462516304,8597600
2019-01-16,18.307491302490234,18.618919387345084,18.285247382144927,18.364340019568054,6385200
2019-01-17,18.567018508911133,18.735090630724766,18.117178695486054,18.174025537526173,7224800
2019-01-18,18.927873611450195,19.118189605087213,18.621388018724662,18.843836630955433,9174400
2019-01-22,18.20615577697754,18.680711628422753,17.91202913095389,18.65846582109893,10974400
2019-01-23,18.2283992767334,18.529940556314127,17.818104909902626,18.36928310079946,10380800
2019-01-24,18.448375701904297,18.51016688576269,18.206155317181075,18.332207974535756,5733200
2019-01-25,18.91304588317871,19.00696969525086,18.626335753101504,18.735088846777717,7080400
2019-01-28,18.428600311279297,18.428600311279297,18.122116596599845,18.416243207117613,5636000
2019-01-29,18.06774139404297,18.455789944890103,17.949103379590866,18.445903129399554,4312000
2019-01-30,19.021799087524414,19.128080006312498,18.371756468626423,18.48297985273882,9121200
2019-01-31,19.568035125732422,19.741051602682926,19.172571855973235,19.209646950013887,9042800
2019-02-01,19.38759994506836,19.659480741762316,19.28626151149389,19.372768780571462,6768000
2019-02-04,19.864627838134766,19.864627838134766,19.36288190756867,19.395014525783875,5478400
2019-02-05,20.223018646240234,20.262565909187845,19.9165349012654,19.92147736627521,5452800
2019-02-06,20.089550018310547,20.299639672811047,19.9165354524201,20.227961671022907,5134400
2019-02-07,19.54825782775879,19.83249764785127,19.254133077777535,19.74104790350063,12860800
2019-02-08,19.610044479370117,19.617461003648724,19.162677019452254,19.20222427273752,6821600
2019-02-11,19.58533477783203,19.859687808415256,19.493885024782585,19.760821528667865,4122000
2019-02-12,20.171113967895508,20.220546160103,19.805309334121386,19.85721370165443,4122800
2019-02-13,20.183473587036133,20.460296889162095,20.14886878855307,20.334242343676983,5624800
2019-02-14,20.21807861328125,20.37626391266537,19.906650480117356,20.027760687457615,8160800
2019-02-15,20.40839385986328,20.541863054601084,20.213133476027465,20.541863054601084,6538400
2019-02-19,20.475128173828125,20.603654907293297,20.269982852560737,20.269982852560737,5046000
2019-02-20,20.47265625,20.665444449094032,20.252679778139644,20.512201628567247,6632800
2019-02-21,20.304582595825195,20.465240044692838,20.10190759615566,20.356486961942334,5465600
2019-02-22,20.61353874206543,20.64072701306839,20.376260828899156,20.398504749328545,4014000
2019-02-25,20.7618350982666,21.033715895029065,20.73464683001865,20.91754818264547,4532000
2019-02-26,20.798913955688477,20.92991097063001,20.601181402675014,20.63825649207971,4602400
2019-02-27,20.76430892944336,20.821155759792546,20.33671312848038,20.623425112611336,4689600
2019-02-28,20.66791343688965,20.816211883649835,20.556688187531712,20.633310528836173,3152000
2019-03-01,20.969451904296875,21.016413799968102,20.67285502337234,20.966981615053008,3732800
2019-03-04,20.959571838378906,21.288299527189356,20.494900895221495,21.191905424240193,7152400
2019-03-05,20.989229202270508,21.11528374727524,20.781611726467244,20.97687209673973,3393200
2019-03-06,20.742061614990234,21.028773578265643,20.680270438668853,21.013942413660917,4942000
2019-03-07,20.23784828186035,20.653085121505057,20.087077639234057,20.630841199994943,8423600
2019-03-08,20.16617202758789,20.185945661121217,19.736105869684213,19.778123426654417,6374400
2019-03-11,21.00899887084961,21.03371496296604,20.326823791277747,20.326823791277747,4472400
2019-03-12,21.246280670166016,21.345146942593107,21.021361738968753,21.10786902019847,5449200
2019-03-13,21.55523681640625,21.777685460244165,21.401993998269614,21.451428077854327,4983600
2019-03-14,21.473670959472656,21.626913770188192,21.463784144034502,21.570065052848115,2777600
2019-03-15,21.841949462890625,22.000134750776933,21.61950081251382,21.641744734692814,4603200
2019-03-18,21.955642700195312,22.106413331420246,21.767796983539842,21.854304259066318,4653200
2019-03-19,22.113826751708984,22.353576820457295,21.93586786003118,22.148429660011104,5278400
2019-03-20,22.29513168334961,22.55483832263707,21.92164935921656,22.11952126410666,6993600
2019-03-21,22.980260848999023,23.042095581383098,22.146727977125064,22.151673925415427,6063600
2019-03-22,21.951324462890625,22.90357872415334,21.924117036536337,22.77743537351489,10747200
2019-03-25,21.894437789916992,22.03542088223366,21.57537228128926,21.81034347280171,8925200
2019-03-26,22.092309951782227,22.48310585746186,21.86475862203687,22.211033451284067,5527600
2019-03-27,21.83013153076172,22.243187034974564,21.48138278095778,22.13683123401088,6178000
2019-03-28,21.899385452270508,22.052736242743396,21.637206833859864,21.901859369532673,5666000
2019-03-29,22.24319076538086,22.26297833330803,21.968644393291967,22.21103738278396,5655600
2019-04-01,22.839275360107422,22.86401076217011,22.497948323969435,22.65871900214572,5166800
2019-04-02,22.980260848999023,23.022308014129088,22.742813816043462,22.856591384230878,4280400
2019-04-03,23.244911193847656,23.526877395453067,23.096506340753358,23.237489441556065,5664400
2019-04-04,23.225126266479492,23.418050332959695,22.945632063512672,23.244913834079078,5354800
2019-04-05,23.452674865722656,23.4798822962005,23.29190420027523,23.361158791656624,4132400
2019-04-08,23.573867797851562,23.60354914247194,23.195439617409683,23.373523911040184,5416800
2019-04-09,23.408157348632812,23.563980202947278,23.304275445756502,23.39826356449511,4471200
2019-04-10,23.66044044494629,23.662912475311284,23.408153706306827,23.467514514850077,3422400
2019-04-11,23.544191360473633,23.724747707366127,23.44772933689082,23.71485392455685,3294000
2019-04-12,23.737112045288086,23.76431947239815,23.544188025450065,23.74205799246907,3737600
2019-04-15,23.739587783813477,23.789054807602106,23.422992415609855,23.734639949207015,3551200
2019-04-16,23.900358200073242,24.004241976454857,23.759375096819046,23.90283211754679,3869200
2019-04-17,24.061126708984375,24.256524656838405,23.92261753563811,24.20952966429051,3919600
2019-04-18,24.113067626953125,24.14274897280561,23.83852131071699,24.137801138307218,3490000
2019-04-22,24.256528854370117,24.268896555721643,23.868206808715357,23.900360190364527,2879200
2019-04-23,24.867454528808594,24.92186939157266,24.308468057295226,24.36040900255743,4524400
2019-04-24,24.709157943725586,24.968862671804516,24.69431632565953,24.892188212140187,3529200
2019-04-25,24.877344131469727,25.092527741819286,24.637425124350294,25.07768801339403,4328400
2019-04-26,24.95154571533203,24.95154571533203,24.407400930219083,24.82787627443855,4688800
2019-04-29,25.0257511138916,25.112319355413423,24.862506526696624,24.936708954884548,2942800
2019-04-30,24.654739379882812,24.72399396364199,24.303518626792187,24.63989965109038,5399600
2019-05-01,24.464292526245117,25.1073733156866,24.451924825910304,24.963916294805756,6744800
2019-05-02,24.27878761291504,24.719050558121904,23.944878584384238,24.46923773783576,8538800
2019-05-03,25.04058837890625,25.07274364190948,24.587959650078947,24.669580048592948,5741200
2019-05-06,24.748729705810547,24.795724700619072,23.89788517383847,23.977033546278804,6414400
2019-05-07,23.754426956176758,24.397507685569956,23.311690121586523,24.179850144142613,13150000
2019-05-08,23.610973358154297,23.994349443541925,23.447730650272767,23.60602740999568,8481200
2019-05-09,23.3933162689209,23.539245330694808,22.70076651553099,23.123715856070117,12962800
2019-05-10,23.440309524536133,23.660442907931195,22.43364015669009,23.202864378599678,9905200
2019-05-13,21.795507431030273,22.473215578322773,21.671837964667965,22.24319029540702,14303600
2019-05-14,22.275341033935547,22.54246750246966,21.874653218180455,22.032949965375614,7444400
2019-05-15,22.883792877197266,23.019830019165703,21.97111367205446,21.99090123580368,10032000
2019-05-16,23.34879493713379,23.648074810447422,22.866482900335463,22.913477900020215,9594000
2019-05-17,22.871427536010742,23.516982192013433,22.841746189775844,22.88874118288627,9938000
2019-05-20,22.117048263549805,22.411382215342087,21.9538055392352,22.248137603981064,9003600
2019-05-21,22.559778213500977,22.683447649088883,22.347066633326104,22.483103767291137,4885200
2019-05-22,22.359437942504883,22.6067768536232,22.297603214725303,22.30502308013147,3689200
2019-05-23,21.664413452148438,21.859811410558404,21.394814955599866,21.854865462834255,9128000
2019-05-24,21.63473129272461,22.05520661752621,21.592684137653613,21.916697453976663,5302000
2019-05-28,21.47148895263672,22.005741873647718,21.47148895263672,21.75098311275759,5218000
2019-05-29,21.127685546875,21.355236851415345,20.892714378258788,21.221675523958123,8652800
2019-05-30,21.308244705200195,21.412126581011126,21.05348596292992,21.241462151431826,6784800
2019-05-31,20.59590721130371,20.93476214807984,20.593435181236288,20.79625298247014,8088400
2019-06-03,19.730220794677734,20.60332858935084,19.500195570503042,20.506866581185243,15009600
2019-06-04,20.808622360229492,20.81851614333238,19.98993115068876,20.133388175111385,7370400
2019-06-05,21.115324020385742,21.20931212949469,20.68248091570218,21.20189226391322,8428400
2019-06-06,21.439332962036133,21.55063469682268,20.999070082859784,21.182100315170512,6279200
2019-06-07,22.260501861572266,22.453425909111846,21.61989499156027,21.664414183719135,7161600
2019-06-10,22.770017623901367,23.215228381000454,22.562253861952446,22.562253861952446,7489200
2019-06-11,22.849166870117188,23.351266421520684,22.703237825107152,23.272116162069214,6101200
2019-06-12,22.59688377380371,22.814541343023333,22.507841612067004,22.7180793156496,3545600
2019-06-13,22.85906219482422,22.953052190741214,22.683451790671644,22.774967869052357,3937200
2019-06-14,22.631505966186523,22.765069178661967,22.475683161821387,22.596878676327602,4168800
2019-06-17,22.918426513671875,23.04704192895862,22.700767044199416,22.740342179393068,3494000
2019-06-18,23.58623504638672,23.907776335643497,23.34384212089449,23.447725881560213,6927200
2019-06-19,23.759370803833008,23.870674425478132,23.366102913672623,23.667856631354468,6290400
2019-06-20,24.192216873168945,24.429661987465092,23.84347001021855,24.41729617486241,7325200
2019-06-21,24.132856369018555,24.432136211219596,24.02402664929234,24.125436503954685,5512800
2019-06-24,24.12543487548828,24.25899809876056,24.095753530190244,24.212003107133484,2642400
2019-06-25,23.289325714111328,24.108361083910044,23.227464991006542,24.088565199435045,6925200
2019-06-26,23.497177124023438,23.890612309442563,23.432841442615132,23.59615465976557,4219600
2019-06-27,23.68523406982422,23.789159632021306,23.554089638312735,23.670388100321624,3212800
2019-06-28,23.756996154785156,23.846075760300703,23.56646404216145,23.79163801383679,5045200
2019-07-01,24.373126983642578,24.70469958162252,24.152902941619576,24.642838853237638,5584400
2019-07-02,24.571081161499023,24.571081161499023,24.219710802500934,24.355805155053666,3536800
2019-07-03,24.919973373413086,24.919973373413086,24.630465643474537,24.672530481942985,2301200
2019-07-05,24.838315963745117,24.915024541353603,24.395392975781526,24.590873080268654,3799200
2019-07-08,24.472105026245117,24.511694911543103,24.274149936236235,24.511694911543103,2272400
2019-07-09,24.719545364379883,24.776456172524792,24.19744070962727,24.22960760606398,3252000
2019-07-10,25.202058792114258,25.34557612608347,24.924923954479357,25.01647661855253,4412800
2019-07-11,25.1624698638916,25.402489786183807,25.00905458164309,25.29113934512229,4593200
2019-07-12,25.45197868347168,25.45197868347168,25.164943992575658,25.2144337088541,2536800
2019-07-15,25.593019485473633,25.620238355780458,25.427233193851713,25.563325657546315,2414800
2019-07-16,25.338153839111328,25.588071701653266,25.187213516096456,25.526210975428793,3344800
2019-07-17,25.095661163330078,25.42970873668065,25.088238177586245,25.353002033541404,2345600
2019-07-18,25.174842834472656,25.239178524011333,24.689854924669675,24.85811619034334,4144400
2019-07-19,24.74676513671875,25.513837754703125,24.71954626649457,25.513837754703125,4896800
2019-07-22,25.172365188598633,25.261442889207643,24.890278566619184,24.902651465841213,2810000
2019-07-23,25.489091873168945,25.489091873168945,25.100606622879383,25.437129094347465,3087600
2019-07-24,25.842933654785156,25.842933654785156,25.283712246311488,25.301033171502123,3314400
2019-07-25,25.343103408813477,25.667254917686822,25.256498764396802,25.657356974347824,4179200
2019-07-26,25.85283660888672,25.93201826623144,25.64003555080285,25.66725442250006,2632800
2019-07-29,25.69447135925293,25.8305657174895,25.36289875967965,25.8305657174895,3015600
2019-07-30,25.45692253112793,25.66230057232098,25.25401944730232,25.298559240719616,2334800
2019-07-31,24.781410217285156,25.625189640535442,24.291472377323228,25.60044572470378,7787200
2019-08-01,24.501794815063477,25.74643417198514,24.27414780304643,24.850690205779603,10283200
2019-08-02,23.789159774780273,24.199915886651983,23.484806071113887,24.15290113249235,9231200
2019-08-05,22.064485549926758,22.79691639402527,21.703219099733285,22.789493408201526,13031200
2019-08-06,22.712785720825195,22.836507180103354,22.178308110580517,22.507407645341935,7178000
2019-08-07,22.908266067504883,23.009716683386188,21.878902610510117,22.225323077300263,10686000
2019-08-08,23.942577362060547,23.952475305357595,23.02951238718411,23.185400746473398,5572000
2019-08-09,23.487281799316406,23.86586916947201,23.118592372622086,23.70750584977084,7664000
2019-08-12,22.952804565429688,23.333866868476747,22.735053599208765,23.197772514588667,5311600
2019-08-13,23.98216438293457,24.256826141142675,22.868671380849634,22.930532103187684,8889600
2019-08-14,22.490083694458008,23.328914924619045,22.438120915084422,23.165603601993407,9829200
2019-08-15,22.46039390563965,22.71031179331434,22.118923342163143,22.58906528631641,7629600
2019-08-16,23.17055320739746,23.28932663108448,22.843928652057553,22.843928652057553,4451200
2019-08-19,23.87824058532715,24.01185998198268,23.682760461766623,23.818854816093435,4008800
2019-08-20,23.556564331054688,23.962370553361055,23.541718360529202,23.804007241623914,4148400
2019-08-21,23.9648494720459,24.108366836978544,23.799063147644343,23.96979938826559,2906400
2019-08-22,23.808958053588867,24.157851588953022,23.427895730422012,24.046503030139704,4436400
2019-08-23,22.30945587158203,23.905462043320036,22.163463558609905,23.487282880076904,9402400
2019-08-26,22.960229873657227,22.96270483157094,22.52720474290549,22.796916632467777,4524800
2019-08-27,22.881046295166016,23.348713246193363,22.680618141251323,23.26953159014216,5402000
2019-08-28,23.014663696289062,23.09384534546812,22.49255904806984,22.707833153860708,3785200
2019-08-29,23.719877243041992,23.84854672417902,23.415521636436207,23.583782888901283,4687600
2019-08-30,23.613473892211914,23.979690181822907,23.346235131239514,23.967317282803332,4368000
2019-09-03,23.145809173583984,23.5293445372232,22.98744586805665,23.299224451743378,5037600
2019-09-04,23.813907623291016,23.843601455222423,23.465014065335954,23.583785617382016,3216800
2019-09-05,24.68985366821289,24.811100167533525,24.308791353937004,24.323639212514767,3684400
2019-09-06,24.63294219970703,24.771509623814943,24.531489701456906,24.74429075295952,3061200
2019-09-09,24.516643524169922,24.793778370046464,24.266725661079498,24.778932399828665,3458400
2019-09-10,24.40034294128418,24.40034294128418,23.93267604157017,24.251877588458036,3958400
2019-09-11,24.838315963745117,24.850688863054692,24.35580309610177,24.462203611510223,3119200
2019-09-12,25.023900985717773,25.412386281652662,24.964515215492714,25.13772449858231,5789600
2019-09-13,24.86058807373047,25.07091415785188,24.788829407319263,24.957090652184288,2682800
2019-09-16,24.61067008972168,24.726968552329417,24.477050699991906,24.521590496568496,3526800
2019-09-17,24.84574317932129,24.858114191958236,24.531489630477804,24.620569227957883,1767600
2019-09-18,24.8432674407959,24.855638453044005,24.222185235620138,24.75913587344707,3752800
2019-09-19,24.91502571105957,25.219379414834304,24.82099620270683,24.922448695858055,2410400
2019-09-20,24.387971878051758,25.02884997751236,24.212287643732783,24.991733164551555,4387200
2019-09-23,24.402820587158203,24.54386297105747,24.19991747544628,24.36570377290269,3052000
2019-09-24,23.739673614501953,24.72202227856652,23.554091430243094,24.630467721376558,7688000
2019-09-25,24.27662467956543,24.405294165446826,23.311596928016268,23.70008223125923,4661200
2019-09-26,24.098464965820312,24.25435332022223,23.742146569656395,24.23455932208836,4558000
2019-09-27,23.52191925048828,24.20486211864449,23.175500733446093,24.17516829382402,5573600
2019-09-30,23.93515396118164,24.014335618344273,23.60110451618216,23.67039011805913,4276000
2019-10-01,23.541715621948242,24.387969824569712,23.479854901502122,24.110835005188292,5256400
2019-10-02,22.73257827758789,23.239835053623025,22.49255837969135,23.239835053623025,6080800
2019-10-03,23.239835739135742,23.262106580877187,22.1832554311483,22.7400019327719,6736000
2019-10-04,23.925256729125977,23.982167543988236,23.435318912981288,23.465012743239644,4067200
2019-10-07,23.764413833618164,24.145476085928344,23.68028227482379,23.771836817780162,3497200
2019-10-08,23.02703857421875,23.662966831912787,23.017140630429612,23.460063703834837,5774400
2019-10-09,23.51944923400879,23.70997944311458,23.299225196227994,23.422946650614488,3432800
2019-10-10,23.84607696533203,24.03908215775575,23.482335539068952,23.499656469470057,3214400
2019-10-11,24.449832916259766,24.85316606090255,24.37312621957585,24.39787013258619,6975200
2019-10-14,24.472105026245117,24.60819749876653,24.353331594671857,24.387973452247465,2127600
2019-10-15,25.07586097717285,25.19215943479423,24.588400081112944,24.60572100749234,3250000
2019-10-16,24.949665069580078,25.065963520694705,24.79872476764483,24.929869186871358,2704000
2019-10-17,25.08823585510254,25.328255773745738,24.907603592591776,25.254022147499963,2672000
2019-10-18,24.603248596191406,25.11050731640206,24.348382701159366,25.026375745395995,3911600
2019-10-21,25.036273956298828,25.06596778541401,24.73934321650541,24.84821681424854,2143200
2019-10-22,24.635417938232422,25.30104003570091,24.62304692421956,25.209485470374833,2556800
2019-10-23,24.72696876525879,24.7294437228231,24.45230699864455,24.51416772287587,1984400
2019-10-24,25.19463539123535,25.226802287832722,24.8556379468376,25.078336929002568,2961200
2019-10-25,25.58312225341797,25.62271402508741,24.929873123588813,24.939771066506175,3304800
2019-10-28,26.100276947021484,26.17203372404045,25.83551312943193,25.83551312943193,2914000
2019-10-29,25.709318161010742,26.08543054528755,25.689522275564713,26.01119880662426,3053200
2019-10-30,25.914697647094727,26.026046205120334,25.501466539048486,25.803347201229474,3168400
2019-10-31,25.954280853271484,26.11016917195912,25.66972119307477,26.080477237640995,3943600
2019-11-01,26.439273834228516,26.439273834228516,26.10770125004234,26.184407945939835,3205600
2019-11-04,26.743627548217773,26.8722970181742,26.661970942828813,26.793115370238077,3672400
2019-11-05,26.753528594970703,26.87230013673878,26.607536293741237,26.825287266715407,2107200
2019-11-06,26.657024383544922,26.72383313573488,26.39968354162303,26.72383313573488,2744400
2019-11-07,26.835182189941406,27.176654605758586,26.679293840007176,26.929211701700705,3295200
2019-11-08,27.047983169555664,27.047983169555664,26.595164091041312,26.73620647048143,2352400
2019-11-11,26.97127914428711,26.988600073728566,26.69909230113289,26.790644976249286,1745200
2019-11-12,27.112316131591797,27.302846317456776,26.93168199957179,27.015813559968848,2306800
2019-11-13,27.0752010345459,27.18160155458223,26.90199176371441,26.934158660343268,3070000
2019-11-14,27.090051651000977,27.122218550905973,26.77332312833176,26.92921337579669,2264000
2019-11-15,27.426572799682617,27.456266630195394,27.24099060661708,27.40677880051379,2244000
2019-11-18,27.535444259643555,27.61462590824701,27.179125897008298,27.401824873655332,2883600
2019-11-19,27.597309112548828,27.730928518538043,27.399355905329017,27.730928518538043,2410400
2019-11-20,27.26325798034668,27.624524376977632,26.852501872495388,27.466161076751447,5398000
2019-11-21,27.139535903930664,27.240986505857848,26.971274665367094,27.201396625640225,2403600
2019-11-22,27.179128646850586,27.305325061025037,26.89457080728646,27.263260218913423,2104800
2019-11-25,27.817529678344727,27.824952663107197,27.38945452910032,27.38945452910032,2494000
2019-11-26,27.921459197998047,27.988269846008247,27.787841677657102,27.847227452013048,1894400
2019-11-27,28.30746841430664,28.30746841430664,27.998164786282835,28.069923454525103,3240000
2019-11-29,28.040231704711914,28.245609782022054,28.01548779020411,28.171376150658975,1429600
2019-12-02,27.421621322631836,28.057549482032837,27.151909475465242,28.047651539773586,5478400
2019-12-03,27.02324104309082,27.05045991529425,26.444225516958845,26.733733280024833,5794000
2019-12-04,27.297901153564453,27.436468575999342,27.233565469788452,27.315222081368816,2322400
2019-12-05,27.401826858520508,27.4983294407512,27.149435925264747,27.4983294407512,3260000
2019-12-06,27.973424911499023,28.03281068805671,27.770521777740456,27.787842707896438,3135200
2019-12-09,27.73834800720215,28.151577186614578,27.7210270801561,27.88681336585961,2240400
2019-12-10,27.691335678100586,27.946201561508655,27.567614228847,27.75319640272738,2850000
2019-12-11,27.98826789855957,28.035282655899884,27.728452086090964,27.802685714750453,2412800
2019-12-12,28.40644645690918,28.60439964965334,27.847224958923793,27.916508670776224,8191600
2019-12-13,28.577178955078125,28.772659065523108,28.248081344782108,28.371802790291127,7860000
2019-12-16,29.12403106689453,29.215585627350723,28.938448876014984,28.938448876014984,3174800
2019-12-17,29.156198501586914,29.262599028266223,29.084439831236722,29.225482214245147,2567200
2019-12-18,29.198261260986328,29.381368472502555,29.173517349349993,29.230428157329623,1878400
2019-12-19,29.584272384643555,29.596645284722793,29.247749891154843,29.250224848738593,2876800
2019-12-20,29.829242706298828,29.920795372174688,29.703046297196973,29.863884561685296,3709600
2019-12-23,29.965335845947266,30.06678834460936,29.923271004577916,30.037094515962988,2564000
2019-12-24,29.980188369750977,30.047024718339348,29.856415814971598,30.024746565016326,1649600
2019-12-26,30.52726173400879,30.52726173400879,30.084155777248785,30.084155777248785,1973600
2019-12-27,30.452999114990234,30.74262833392734,30.31437445540963,30.74262833392734,3035200
2019-12-30,30.04207420349121,30.46290012807879,29.767298984849212,30.428243964341895,4788800
2019-12-31,30.17327308654785,30.21040523050065,29.782151362334375,29.87869380344008,2512800
2020-01-02,31.163454055786133,31.16840601566204,30.56439533691529,30.67331579075338,3738800
2020-01-03,30.611431121826172,30.970370798306018,30.344081933052806,30.344081933052806,5462000
2020-01-06,30.975318908691406,31.00007493056631,30.039598695847026,30.10148497329567,3339600
2020-01-07,30.960466384887695,31.153551265719223,30.7921356369747,31.014926610480032,2579200
2020-01-08,31.428329467773438,31.730332939833225,30.86887694534498,30.953043271599267,4555200
2020-01-09,31.98530387878418,32.08679449859366,31.60160822018628,31.955595898405246,3583600
2020-01-10,31.81697654724121,32.2254245174126,31.698155937648657,32.2254245174126,4464800
2020-01-13,32.529903411865234,32.54722960518823,31.975401012473817,32.049665300008876,2709600
2020-01-14,32.28977966308594,32.609111142666364,32.173433177545945,32.48039042536776,3854800
2020-01-15,32.294734954833984,32.596736497536995,32.09422025376724,32.30958705626743,3408800
2020-01-16,32.90369415283203,32.91607216324741,32.48039414819065,32.60416669786753,2469600
2020-01-17,33.237884521484375,33.282440830279825,32.87151502205187,33.198276395507,2881200
2020-01-21,33.20817184448242,33.369078417057175,33.029939080015836,33.04726904914593,3295600
2020-01-22,33.37651443481445,33.7577323199001,33.2898721177662,33.52999122556798,2960000
2020-01-23,33.57454299926758,33.601773111257806,33.02994075946301,33.331946082540654,2883600
2020-01-24,33.0002326965332,33.96318286830368,32.71060541773333,33.91862656875202,6752800
2020-01-27,31.641216278076172,31.990253905434002,31.31445680435808,31.542197855121135,7428800
2020-01-28,32.59673309326172,32.75268769650243,31.923413976087755,32.079364802090446,2964800
2020-01-29,32.698238372802734,33.044803853553724,32.430889154134015,32.977965604576724,4158400
2020-01-30,32.93587112426758,32.970527281720976,32.09916760930109,32.28730049587128,4670000
2020-01-31,31.868961334228516,33.23045954658927,31.656070483132186,33.200751562524395,7231600
2020-02-03,32.817054748535156,32.99528374019935,32.168484037213744,32.19076218901698,4182800
2020-02-04,34.32707977294922,34.47065638927552,33.52751012941007,33.74039907399891,3651600
2020-02-05,34.589481353759766,35.19844406013064,34.168655371217476,35.19844406013064,6629200
2020-02-06,35.163780212402344,35.193484413998206,34.510261336625554,34.75532855426795,2511600
2020-02-07,34.846923828125,35.245471579274934,34.66621319047358,34.85930183823294,2938800
2020-02-10,35.710853576660156,35.710853576660156,34.621656683836854,34.63898287609572,2935600
2020-02-11,35.710853576660156,36.33219417439582,35.5301467173063,36.09950118378871,6735600
2020-02-12,36.411415100097656,36.43864521760731,35.9683109448834,36.119313637029784,4262400
2020-02-13,36.29011154174805,36.606968953344506,35.81977360651953,35.89898984803779,4292000
2020-02-14,36.48320007324219,36.58469069917844,36.17871686371742,36.418835926234344,2586800
2020-02-18,36.54508972167969,36.67381047308798,36.079703656197154,36.13168979686364,3693200
2020-02-19,37.23078536987305,37.38921409912719,36.90155367687899,36.958487998125634,2325600
2020-02-20,36.50795364379883,37.218410714579775,35.62916770263055,37.072356221462755,5396800
2020-02-21,35.148921966552734,36.2901047642871,34.8444388444746,36.19108448088209,5538400
2020-02-24,32.41850662231445,33.282436568287174,32.06698927082742,32.4358328144366,16057600
2020-02-25,30.668363571166992,33.171044787976236,30.467852636135166,32.94577783101316,16344400
2020-02-26,30.933237075805664,32.03728805250747,30.50745917951488,31.007501365110084,14175200
2020-02-27,27.83644676208496,30.336653874821934,27.83149669089559,29.393505724915638,22422800
2020-02-28,28.116172790527344,28.262223492362914,25.83133069634684,26.014513540746798,26304400
2020-03-02,30.76243019104004,30.789660304408685,27.92061336717548,28.707806897697832,13606800
2020-03-03,28.799400329589844,31.66844944925764,28.26470381579753,30.96294618659163,18471600
2020-03-04,31.163454055786133,31.203062180316103,29.304389732440697,29.886122257603837,9938800
2020-03-05,29.287059783935547,30.638655785177868,28.856331844524508,29.576688982402565,11961200
2020-03-06,28.299358367919922,28.591461688419987,26.87844989161188,27.338883971190274,12546000
2020-03-09,24.402999877929688,26.410591075215237,24.259423246264745,24.383195813847728,9031200
2020-03-10,27.019548416137695,27.05420457952711,24.383192686979054,26.25463306448446,13974400
2020-03-11,24.662919998168945,26.113534574366412,23.992072939471797,25.749642940291636,14648000
2020-03-12,20.098186492919922,23.504405576846242,20.038774311421125,21.355714116737904,18197600
2020-03-13,23.927709579467773,24.036628136051856,20.316025692998704,22.32361654693809,16180400
2020-03-16,18.117826461791992,21.590883910395764,17.82324718862189,18.939676117722566,11962400
2020-03-17,20.561094284057617,21.056184457147328,17.944542794823253,19.132759965686216,15951200
2020-03-18,19.273862838745117,19.880347616109553,17.112793150017783,18.216844138217056,15437600
2020-03-19,19.53873634338379,20.78883995139187,18.21932040414552,19.078302270361124,17857600
2020-03-20,17.976726531982422,20.665066572270298,17.862856008245537,20.41504548285926,18353600
2020-03-23,18.068315505981445,18.801048742328277,16.84049209194466,18.100497576247545,16527600
2020-03-24,20.818544387817383,20.833398379402386,19.608048892016367,19.942234429078226,15978000
2020-03-25,20.446937561035156,22.12299835271536,19.95922309508056,20.951983852278367,14198400
2020-03-26,22.647851943969727,22.813724471037734,20.761355576628347,20.825724724752313,11440000
2020-03-27,20.986642837524414,22.298773019071714,20.91979933935579,21.471884815724316,8956800
2020-03-30,22.5933837890625,22.69736340334653,21.315913480471288,21.459505455713803,8461200
2020-03-31,22.177461624145508,23.338570999394186,21.9249375658001,22.499303530840265,10144800
2020-04-01,20.325626373291016,21.55853367477743,19.99140511751173,20.89999236427225,7864800
2020-04-02,21.132713317871094,21.174800039323724,20.013688554486944,20.125096915111687,8940800
2020-04-03,20.558347702026367,21.375332920716968,20.063204458399976,21.016354824616464,5967200
2020-04-06,23.482168197631836,23.714886129001215,21.843245252875946,22.105670570328837,8311600
2020-04-07,23.39056396484375,24.913127687409066,23.348475360280098,24.824001766530348,11768400
2020-04-08,24.408082962036133,24.55910178805704,23.43512839429367,23.84609626515445,9232400
2020-04-09,24.4699764251709,25.07405174316726,24.05158169893865,24.82895638415293,10139200
2020-04-13,25.031963348388672,25.12851611635072,23.98968719229022,24.28182174091986,6898800
2020-04-14,27.19573974609375,27.336855481834466,25.85637837898573,26.034630232304828,11735200
2020-04-15,26.5743350982666,27.04967401401507,25.995018450853305,26.346569675633415,7038000
2020-04-16,27.581953048706055,27.817145314764133,26.648607052669583,27.16355643746064,11846800
2020-04-17,28.0374813079834,28.381605651518733,27.235349921287202,28.240489927110872,8738800
2020-04-20,27.388845443725586,28.23058926197242,27.37646799701134,27.542340515789288,7417200
2020-04-21,25.35133171081543,26.995206950837257,25.06414775392395,26.859041818031574,12101600
2020-04-22,26.918460845947266,27.205642919193266,26.23268645756092,26.448074429111475,7283600
2020-04-23,26.789724349975586,27.75773027550503,26.663462296901848,27.096712625051833,8200000
2020-04-24,27.671079635620117,27.71316824728396,26.517396847790085,26.8739005914458,6488400
2020-04-27,28.007774353027344,28.329618187694102,27.78248517981774,28.213259233794254,6672400
2020-04-28,27.010061264038086,28.520247650847537,26.935790917105997,28.520247650847537,9242400
2020-04-29,28.851991653442383,29.15650363375762,27.926074489364225,28.20830593450474,8242800
2020-04-30,28.960926055908203,29.176312135022854,28.473209710844085,29.1738358901993,7374000
2020-05-01,27.210596084594727,28.285055946519687,26.97540192592598,27.713166141870687,7937200
2020-05-04,27.891416549682617,27.93597762311524,26.826857945182763,26.953119986372595,5598400
2020-05-05,28.512819290161133,29.149078194731047,28.30238381846845,28.438548947175,5884000
2020-05-06,28.859418869018555,29.394174385932196,28.631653469809226,28.960924122974316,5655200
2020-05-07,29.624418258666992,29.839804339611277,29.248108372788206,29.589756497306947,5226800
2020-05-08,30.401796340942383,30.44140681880129,29.802671572240072,30.060146289198585,5575600
2020-05-11,30.906837463378906,31.23610814284245,29.97349336771449,30.042813113112835,4851600
2020-05-12,29.673931121826172,31.288097068060793,29.65660118596612,31.109847108709445,5412000
2020-05-13,28.933691024780273,30.31761524031137,28.213256825569868,29.817521483418854,9281200
2020-05-14,29.565000534057617,29.577379869801977,28.030057342829174,28.582140962713062,8350800
2020-05-15,29.946260452270508,29.971017234459044,28.651462044478095,28.75791790782807,6766800
2020-05-18,31.092514038085938,31.34998870970435,30.55280980326542,30.758292780565757,7672800
2020-05-19,30.891983032226562,31.723823734732427,30.882079941860855,31.137078380108413,7248400
2020-05-20,32.14965057373047,32.238776507618766,31.627274306871332,31.627274306871332,5425600
2020-05-21,31.441593170166016,32.34522799825145,31.3079042796343,32.17440676763351,7224400
2020-05-22,31.637176513671875,31.7114468639544,31.067761050731658,31.317808907638952,3961200
2020-05-26,31.51091194152832,32.7215368758397,31.426738506845226,32.6645964673944,6090800
2020-05-27,31.81047821044922,31.85751364413694,30.07995125951804,31.340089874784503,10708400
2020-05-28,31.686689376831055,32.69678387316343,31.483680735119478,31.486156980053686,8429200
2020-05-29,32.548240661621094,32.72649252737384,31.39455602428889,31.877319920017968,11545200
2020-06-01,32.894832611083984,32.971579191760775,32.29570987749484,32.39226263667569,4650400
2020-06-02,33.3033332824707,33.3033332824707,32.29076254944049,32.974062595293226,5438400
2020-06-03,33.5954704284668,33.810860321730594,33.226591106555375,33.46921025338645,3686000
2020-06-04,33.11517333984375,33.90740542176149,32.75124281328502,33.47910386640248,7121600
2020-06-05,34.412452697753906,34.60803260128332,33.29838048811439,33.40731259747978,6280400
2020-06-08,34.97938919067383,34.99672101568911,33.93464052937242,34.37779202473369,6281600
2020-06-09,35.45720672607422,35.734485723866676,34.69221134832273,34.70953939686325,5685200
2020-06-10,36.33856201171875,36.79409288501103,35.83351757005001,35.97215707256131,7748400
2020-06-11,32.74629592895508,35.548804420029214,32.71163605676019,35.152692134608024,10452800
2020-06-12,33.20430374145508,34.50405471811091,32.09023147575009,34.159930324921085,12198800
2020-06-15,34.033668518066406,34.24410589137333,31.99367715230538,32.24867560082015,8127600
2020-06-16,35.25667190551758,35.86569591641396,33.98167591907904,35.49433852228206,8626000
2020-06-17,35.427494049072266,35.987004451077055,35.214582342531955,35.662686290826194,5237200
2020-06-18,35.647830963134766,35.70724572097509,35.115549832414075,35.345793351972176,5772400
2020-06-19,35.603271484375,36.42768537247204,35.105653924234055,36.36826682803197,6436800
2020-06-22,36.48710250854492,36.51928424677028,35.49186364903545,35.60574824373903,4323600
2020-06-23,37.06888961791992,37.75961640437464,36.79408502782417,36.95748316845241,4109200
2020-06-24,35.58346176147461,37.23476372939289,35.10812478619022,36.843603961431626,8475600
2020-06-25,36.266761779785156,36.301421649559906,34.833320229321146,35.58593994106208,5638400
2020-06-26,34.4941520690918,36.16278604147646,34.36293942106738,36.15535541791844,7553200
2020-06-29,35.222015380859375,35.269054593009784,33.68211960462106,34.449589358852435,6371600
2020-06-30,36.563846588134766,36.80646567437238,35.19725043370526,35.24181528166704,4574400
2020-07-01,37.494720458984375,37.79923248869134,36.4920546594229,36.65050034243595,4643200
2020-07-02,38.00224304199219,38.63602577429568,37.866077897713765,38.23743532157688,4683200
2020-07-06,39.88130569458008,40.03232451243568,38.994998967550465,39.00985643586039,4286400
2020-07-07,39.31684112548828,40.638872426131506,39.242568897640844,39.784751249992006,5047200
2020-07-08,40.33683395385742,40.37149760007982,39.289607273949564,39.75256867712017,4038000
2020-07-09,41.007755279541016,41.26027934222692,39.6362104246439,40.945862386171896,6123200
2020-07-10,41.61925506591797,41.6737211112812,40.1263988626489,40.94090763216637,4558800
2020-07-13,39.886260986328125,43.41910880788554,39.61888320260294,42.505568991235194,8268000
2020-07-14,40.468055725097656,40.569557210909124,38.10374617046822,39.10888627016573,10743600
2020-07-15,40.55717849731445,41.16124998597404,39.55451283169935,40.86416484221763,7305600
2020-07-16,39.99024200439453,40.24276610523949,38.96529568642733,39.68325184694295,5644400
2020-07-17,40.11897659301758,40.40863489767555,39.45300841684008,40.237809897523825,4705600
2020-07-20,42.42387390136719,42.59965141765418,39.940730799545484,40.35417496085795,3868400
2020-07-21,41.53013610839844,42.93634099018623,41.25533147991376,42.93139227806423,5806800
2020-07-22,41.822265625,42.10450085563101,41.0671753203709,41.668772452671604,3993600
2020-07-23,39.61641311645508,41.88169200995497,39.178210275538326,41.68115959495807,8162000
2020-07-24,38.853885650634766,39.29951526485567,37.58136783858557,38.42806221678397,7745200
2020-07-27,40.25514602661133,40.37645370001832,39.15592745386704,39.39607222213068,5023200
2020-07-28,39.25495529174805,40.17344766010926,39.143548818762056,40.010049484986816,3670000
2020-07-29,40.163536071777344,40.41110764996582,39.57431828448565,39.700578429410484,3464800
2020-07-30,40.567081451416016,40.73047960971758,39.15839848034626,39.522329024907584,4448400
2020-07-31,42.00795364379883,42.04261729959149,40.4804370935204,42.015384268356826,5911600
2020-08-03,43.119544982910156,43.369590938171406,42.661539790937994,42.718480201018714,3741200
2020-08-04,43.453765869140625,43.461192714515484,42.72343044535265,42.93386402704471,3707200
2020-08-05,43.68153762817383,43.805323439281715,43.25571413575125,43.604791029709844,3098400
2020-08-06,44.79312515258789,44.92929028014549,43.38939471607797,43.58993087355876,3844800
2020-08-07,43.78551483154297,44.889685867644296,43.052701208201206,44.619829943363705,5650800
2020-08-10,43.394351959228516,43.96376742380157,42.25057231773281,43.87959398214237,5162000
2020-08-11,41.775238037109375,43.4512952455241,41.579654334720566,43.01309618210042,5966400
2020-08-12,43.87711715698242,44.16677549907926,42.43872664913574,42.43872664913574,4694000
2020-08-13,44.0504150390625,44.81046169994906,43.76570919677748,44.104881095826364,4498000
2020-08-14,43.968719482421875,44.332650051626025,43.48842995421269,44.221239804922035,2952000
2020-08-17,44.94414520263672,45.08031033392619,44.46880819875204,44.51337304973892,2510400
2020-08-18,45.82054901123047,45.99880085310957,44.8401638808954,45.32540584548686,2124000
2020-08-19,45.221431732177734,46.172105819357526,45.0629860509811,45.83045578460981,3121800
2020-08-20,46.47413635253906,46.6325820094038,44.82530875671256,44.944142054950504,2139800
2020-08-21,47.09307098388672,47.26141786194154,46.3156962956461,46.56822039037122,2402600
2020-08-24,47.70209503173828,48.47947349787128,46.91977163105174,48.20219073151127,2574200
2020-08-25,48.44480895996094,48.46956763106163,47.2861756831911,47.41986268526345,2477200
2020-08-26,50.49966049194336,50.56403153402432,48.8310301081601,48.86073749518619,3168800
2020-08-27,50.162960052490234,51.16315150513253,49.39053781283455,50.88092001159349,4669800
2020-08-28,50.687808990478516,50.91557440128216,50.158005935912016,50.6135367575193,2885000
2020-08-31,51.574119567871094,52.16333743041005,50.74227880782017,50.910625689219025,3390600
2020-09-01,53.27741241455078,53.32197727098199,51.84644873849523,52.480231487768435,3699600
2020-09-02,54.272647857666016,54.48060710040943,52.20294907703927,54.455852206354976,5335600
2020-09-03,48.707237243652344,52.78226360558277,47.69714467685803,52.65847780736252,10667200
2020-09-04,47.4149169921875,49.2617991335525,43.47852602803631,48.212097898559975,11185600
2020-09-08,42.89425277709961,45.65220016776204,42.79522565110936,43.701338586726685,7298400
2020-09-09,45.39472961425781,46.10278455520109,43.87464011165632,44.65696728957966,7893800
2020-09-10,43.532989501953125,46.82074006772418,43.00318642583877,46.424627771902365,7611400
2020-09-11,42.98337936401367,44.49852010298642,41.85940597836643,44.255897218578376,7660800
2020-09-14,44.47871780395508,45.137259214579586,43.80532270067098,44.22124120571187,5110200
2020-09-15,45.746280670166016,46.21171649438175,45.17686522562094,45.69676710491055,4727600
2020-09-16,44.236087799072266,46.162198153751234,44.181625527275266,45.97404133654482,5573400
2020-09-17,42.91901779174805,43.55280055811449,41.72572072566493,41.993098538533886,6285800
2020-09-18,41.78513717651367,43.42406007069645,40.45815315951172,43.3002742623106,8365600
2020-09-21,42.14659118652344,42.14659118652344,39.799609662838236,40.56213065578086,7596400
2020-09-22,43.65677261352539,43.8548306380577,41.809890695544944,42.919010344226216,4918600
2020-09-23,40.97309875488281,43.61716156217109,40.72057467158405,43.58250169016089,5876800
2020-09-24,41.38407516479492,42.40902157643617,40.09175093564162,40.1957305684002,7470200
2020-09-25,43.34483337402344,43.562697576758836,41.05232186645283,41.53756005554567,4983400
2020-09-28,45.08279037475586,45.112497758242064,44.042986621024134,44.909487230705324,3840200
2020-09-29,44.67677307128906,45.27094340652418,44.5133749069244,44.96395325932175,3985400
2020-09-30,45.3798828125,46.35531568808753,44.68172896758542,44.73124254054224,5541600
2020-10-01,46.756378173828125,46.99899731338901,45.97405091671294,46.5979324817985,5386200
2020-10-02,44.12221145629883,45.9245324266817,43.8251262877734,44.68667440979001,7540200
2020-10-05,46.03346633911133,46.0879323961987,44.736189726660285,44.75599590902324,4291000
2020-10-06,44.32521438598633,46.32559322217343,44.028129243068804,45.71656924583888,5523000
2020-10-07,45.94929504394531,46.13249562848608,45.04318199113438,45.21152888261976,2693200
2020-10-08,46.365211486816406,46.7019090323747,46.003759046487126,46.6722016475923,3125000
2020-10-09,47.771419525146484,47.79122192961958,46.78608179749751,46.89006142037466,4102200
2020-10-12,50.70761489868164,51.69294876956167,49.01917484089349,49.38557973650972,5947600
2020-10-13,50.67295455932617,51.58402003479659,50.23227740236612,51.35625461033971,5227600
2020-10-14,49.86587142944336,51.33644734408167,49.256847406349266,51.01460350719282,4830000
2020-10-15,49.16276550292969,49.405384597010794,47.97937363605484,48.18733285955293,4821000
2020-10-16,48.64781951904297,50.26693612484216,48.57354728333266,49.776745413382635,5481600
2020-10-19,47.00889587402344,49.638105015631666,46.701905734923,49.31130869552706,4763200
2020-10-20,47.301029205322266,48.31607427452843,46.77617862312505,47.320835386603285,5173400
2020-10-21,47.182193756103516,48.22199367153575,47.013843111669026,47.32578573064855,3986600
2020-10-22,47.19704818725586,47.76151111527663,46.07307482079841,47.479279651266246,4818000
2020-10-23,47.40996170043945,47.40996170043945,46.38501542105003,47.40996170043945,3054800
2020-10-26,45.90967559814453,47.5337446009198,44.711430026297236,46.55335945636308,6710000
2020-10-27,46.617733001708984,46.91977065570129,45.86511322277501,46.25132809171479,4949600
2020-10-28,43.00813674926758,45.31550199469402,42.92891202750809,45.1471551274191,8365800
2020-10-29,44.43910217285156,45.48385462642474,43.290370100659054,43.46862195476158,5965400
2020-10-30,42.334747314453125,44.11726223532252,41.49795402418713,43.84493571801427,7095600
2020-11-02,42.45357894897461,43.53794381789391,41.49300366364278,42.978433334976394,4297400
2020-11-03,43.874637603759766,44.562886323658184,42.71600059497046,42.998232057247925,4325400
2020-11-04,47.801124572753906,48.38539369486578,46.196861676205764,46.736565946324276,6328200
2020-11-05,50.31645584106445,50.62344222260821,49.499468764990326,50.00946568187768,5088000
2020-11-06,50.4006233215332,50.60858254462343,48.741894470926304,50.0342184364253,3789200
2020-11-09,48.26655960083008,51.881102604579596,48.17743367593528,51.30178598158479,7076200
2020-11-10,46.6127815246582,47.66248649065345,45.647253775439225,47.1821969721445,5742800
2020-11-11,48.67752456665039,48.811215340042835,47.26636726643521,47.37034688038342,3615200
2020-11-12,48.217041015625,49.43014406081154,47.81102376328059,48.93994959771907,3144400
2020-11-13,49.10334777832031,49.246939752446515,48.01898679342112,48.75674906673475,2271000
2020-11-16,49.75694274902344,49.91043972104591,48.741901381378376,48.93500694128891,2863200
2020-11-17,49.43509292602539,49.984702154124385,49.251892368420826,49.870821339014945,2110000
2020-11-18,48.736942291259766,49.85101442186371,48.72704109003936,49.286551511235785,2629800
2020-11-19,49.474708557128906,49.6183005411155,48.325976462879034,48.55869437562824,2390400
2020-11-20,48.84092330932617,49.73713126245215,48.821117128672654,49.509365851400794,1953600
2020-11-23,48.83597183227539,49.62325147459387,48.06850214866384,49.18257433443399,3276400
2020-11-24,50.23228073120117,50.37587272567414,48.583456595145215,49.19743316165747,2669400
2020-11-25,50.861106872558594,51.04430742721168,50.25703160256797,50.54421554693115,2511800
2020-11-27,51.76226806640625,52.14847913921903,51.40081188580505,51.47508411772503,1663200
2020-11-30,51.895957946777344,52.0692610901059,50.296647515051326,51.8612980736402,2574000
2020-12-01,53.37643814086914,53.87158133780617,52.38119925728572,52.73770296350323,2304000
2020-12-02,53.41604995727539,53.549740744016624,52.197998072435546,52.846638268462755,2407600
2020-12-03,53.539833068847656,54.129054688035275,53.31702013901919,53.48536701441975,2570200
2020-12-04,54.04487609863281,54.0498285879204,53.33682123620655,53.589345302878954,1700600
2020-12-07,54.61429977416992,54.73808558165658,54.01022442921215,54.06963919911419,1814000
2020-12-08,54.950992584228516,55.084679582625796,53.79235556166694,54.445944417743846,1940800
2020-12-09,52.539649963378906,54.99060751200291,52.09897277809211,54.93119274036893,4241800
2020-12-10,52.88130569458008,53.31207794579891,51.37606961656333,51.757328293551026,3670000
2020-12-11,52.68818664550781,52.71294153747513,51.494889789990545,52.2970230870552,3133600
2020-12-14,53.37643814086914,54.13400662775995,53.04964181762216,53.04964181762216,2759600
2020-12-15,54.56477355957031,54.56477355957031,53.465558940986035,54.25778722459551,1931800
2020-12-16,55.168853759765625,55.46593892058817,54.361771713629864,54.73312910906874,2658600
2020-12-17,55.886810302734375,55.97593622339532,55.322347397762535,55.77292571280661,2194200
2020-12-18,55.50060272216797,56.228463873179244,54.67866692644935,56.15419541094792,3786600
2020-12-21,55.35700988769531,55.54021044942576,53.4309031900398,54.46575063891059,3682600
2020-12-22,55.624385833740234,55.98088954574584,54.6043920403353,55.678851888499025,3178800
2020-12-23,55.069828033447266,55.77788296987491,55.02031446832396,55.6540971682452,2316400
2020-12-24,55.55011749267578,55.70856316749774,55.1589539065997,55.173807598357556,1306200
2020-12-28,56.67904281616211,56.84738969121356,55.847202087475175,56.50079096161185,2255400
2020-12-29,56.78302001953125,57.396996504840196,56.4463225061084,57.174183584952104,2396600
2020-12-30,56.7335090637207,57.31777819392715,56.54040351690731,57.198941105393644,1607400
2020-12-31,56.99593734741211,57.208849086819775,56.352249639162984,56.74836573310753,2326000
2021-01-04,55.39167022705078,57.59505591952092,53.95080172563298,57.54554235586908,5090000
2021-01-05,56.29283142089844,56.40176352894211,55.04506844576174,55.05992213728719,4471400
2021-01-06,54.78264236450195,56.33739168244129,54.20827822716444,54.60934300313472,4983000
2021-01-07,57.456417083740234,57.71884237395824,55.74322207393031,55.74322207393031,3212200
2021-01-08,58.9022331237793,59.011165229437516,57.45641592310755,58.278351649873045,4540600
2021-01-11,57.14942932128906,58.19913430351741,56.921663894300856,57.7535046517392,4071400
2021-01-12,57.01079177856445,57.60001343708996,56.01555281842418,57.20884982810306,3418600
2021-01-13,57.7485466003418,58.05058423647911,56.882046052193694,57.099910256002275,2434200
2021-01-14,57.11477279663086,58.29321614240346,56.97118080165675,57.90700123645077,2728200
2021-01-15,56.228458404541016,57.41185030447819,55.80758745637654,57.07515279041808,2694600
2021-01-19,57.89214324951172,58.04564021352276,56.69389758705712,57.085061176564444,3342600
2021-01-20,60.54115676879883,60.902612963182165,59.08543834481742,59.19437045210124,2792200
2021-01-21,61.561153411865234,61.79882002639827,60.546108366377815,60.93231944822603,3387600
2021-01-22,61.174949645996094,61.55620828382421,60.902619349230875,61.174949645996094,2788400
2021-01-25,62.259307861328125,62.98716900425133,59.66475842808743,62.48212457847525,7134200
2021-01-26,62.34843063354492,62.79406026761669,61.848338723082584,62.467267721059265,4666600
2021-01-27,58.991363525390625,61.46212716044674,58.10505669930691,61.45717844809962,6065400
2021-01-28,59.58058166503906,61.432416159833224,59.10524465032604,59.30825139625633,4635600
2021-01-29,57.124671936035156,59.32805764924407,56.38195714133874,58.90223419807337,5643600
2021-02-01,59.932132720947266,60.27378273402846,57.649522291887074,58.367478412919056,4548200
2021-02-02,61.897850036621094,62.289013602435745,60.97688341890917,61.0511556514942,3495800
2021-02-03,61.363094329833984,62.7940578150552,61.34328814935517,62.635612148867324,3770200
2021-02-04,62.8287239074707,62.833676397491445,61.38785907816414,61.92756338349075,2412200
2021-02-05,63.26939010620117,63.625893773009686,62.551434061064626,63.205022857666115,3716600
2021-02-08,64.06163787841797,64.13095763312799,63.27435812472088,63.90318840748843,2524600
2021-02-09,64.04183197021484,64.5419315336125,63.7100868691569,63.7100868691569,1746200
2021-02-10,63.729888916015625,64.7647364608903,62.492027054469006,64.581528326878,2629400
2021-02-11,64.43793487548828,64.6013330359157,63.50706325436925,64.36861513063594,2151000
2021-02-12,65.15093994140625,65.22520839561997,63.7051227755254,64.12598994154527,1690800
2021-02-16,64.81424713134766,65.83424855277767,64.34386256413303,65.46783983506283,2309400
2021-02-17,64.18540954589844,64.28443666575745,62.724734973301906,63.620946651888616,3145800
2021-02-18,63.60114669799805,63.88833067945723,62.04639725029564,62.75445222381436,2665200
2021-02-19,63.06639099121094,64.18045941793595,62.680176120476766,64.14580332254862,2244800
2021-02-22,59.79844284057617,61.82853299079535,59.73407558427061,61.328437299058784,4364400
2021-02-23,59.42708969116211,60.06582492073148,55.56002221587635,57.753506908685374,8701600
2021-02-24,60.39756393432617,60.53125092451209,57.382140144755525,58.40708632832254,4828600
2021-02-25,56.11953353881836,60.35300979189384,55.59468290830285,59.35777081234597,8148400
2021-02-26,56.71370315551758,58.43679939348316,55.50060003664977,57.26331241529355,9623200
2021-03-01,60.06582260131836,60.18465969360971,58.02088246975241,58.540784360008935,4464000
2021-03-02,58.119911193847656,60.32824955455285,58.04069024112708,60.29854216948801,3830000
2021-03-03,54.77273941040039,58.065438503956926,54.733127049743054,57.718839792311805,5715600
2021-03-04,52.935760498046875,55.76302767254832,51.53945306932972,54.58953694693493,13226800
2021-03-05,54.55983352661133,54.85691870801583,50.70266732544596,53.90129212644194,8601800
2021-03-08,51.455284118652344,55.020317680292706,51.30179092451662,54.33701759771568,5807000
2021-03-09,55.52535629272461,56.173992654231775,53.846821202954274,54.01516807206743,4376800
2021-03-10,55.19361877441406,57.28807260994366,54.94604714899919,57.07516086098115,7108600
2021-03-11,57.753509521484375,58.357584902869824,56.589923616470465,56.931573674582005,4129800
2021-03-12,56.78797912597656,56.83254020408935,55.327304308553344,56.18885626183163,4678200
2021-03-15,58.015926361083984,58.05553872271028,56.29283018441012,56.89195298784762,2513600
2021-03-16,58.649715423583984,59.937090873136796,58.090204920841174,58.80321239719127,3575200
2021-03-17,59.11514663696289,59.818249077791776,56.832536171508366,57.48117255785755,4021000
2021-03-18,55.47089385986328,57.61486489084249,55.317400671815975,57.263313660952974,6188800
2021-03-19,55.970985412597656,56.43146872021549,54.634096562589754,55.4312773830641,4958400
2021-03-22,57.981266021728516,58.699225904257965,56.708748191471706,56.708748191471706,4236000
2021-03-23,57.382144927978516,58.84776834109819,57.149427020439006,58.337771451456874,4800200
2021-03-24,55.48080062866211,57.97631919235699,55.470895648546986,57.97631919235699,4357400
2021-03-25,55.32234573364258,55.85709746388017,53.91118473601876,54.817297605875076,5429000
2021-03-26,56.97117614746094,57.08010825734519,54.73808300540532,55.233226212048,4398200
2021-03-29,56.921661376953125,57.31777744493627,55.698657078021164,56.778069396750304,4043200
2021-03-30,56.36709976196289,56.570110286104985,55.35701096389334,56.208654089947785,3206200
2021-03-31,58.025840759277344,58.63981735357693,56.88700973233988,57.020700530119115,3196800
2021-04-01,60.060874938964844,60.105436016120855,59.42708843526059,59.531071837244006,3203000
2021-04-05,62.46726608276367,62.73464007855165,60.90756429323933,61.00659141926134,3624200
2021-04-06,62.33357620239258,63.10599837385654,62.09095709580452,62.318722511040235,2562000
2021-04-07,62.64057159423828,62.96736416432036,61.81863201248816,62.18503694792657,2254200
2021-04-08,63.9576530456543,64.02697279882196,63.447656099788,63.77940117246797,1752800
2021-04-09,64.73998260498047,64.79444866693609,63.16047436355419,63.422899692443984,2988800
2021-04-12,64.55181884765625,64.72512199589526,63.814060288965685,64.31415221873677,1973600
2021-04-13,66.05705261230469,66.23530445703655,65.09152493470931,65.15093969785818,2285000
2021-04-14,64.46764373779297,66.16103259115152,64.14580367686769,66.16103259115152,2873800
2021-04-15,66.40365600585938,66.55714919167573,65.55695779484928,65.59657015817056,3013400
2021-04-16,66.5819091796875,66.65122892804895,65.83919435212078,66.62152154379204,2228800
2021-04-19,65.35395050048828,66.4036516156013,64.58647706686203,65.96297449130525,3181800
2021-04-20,64.35871887207031,65.60648200377325,63.60610655605977,65.06677766319967,3173800
2021-04-21,65.4975357055664,65.56685544480798,63.48725571227595,63.89822543609559,2780600
2021-04-22,63.922996520996094,65.73026635922946,63.457560657704505,65.32424526817547,3601800
2021-04-23,65.5272445678711,66.02734399933148,64.16560086567875,64.16560086567875,2382200
2021-04-26,66.37394714355469,66.46306929257783,65.32423842713992,65.62132736778828,2026400
2021-04-27,65.76492309570312,66.53734527468983,65.40346312184772,66.46802552927527,2005400
2021-04-28,65.24502563476562,66.05706023102597,65.091532442071,65.66094413534836,2808200
2021-04-29,65.78966522216797,66.79480517098456,64.53695370851409,66.62150960876922,3281600
2021-04-30,64.8984146118164,65.80451990413682,64.59142072919441,64.81918989660527,2410000
2021-05-03,64.23492431640625,65.6906465127625,64.07152615607183,65.39851384214286,2963600
2021-05-04,61.9127082824707,63.3436718768224,60.41737365224302,63.219886072621435,4904800
2021-05-05,61.467079162597656,63.036682266785355,61.214555062107074,62.709889705247235,3422000
2021-05-06,62.42765426635742,62.48212031943789,60.54115614473243,61.40765672674001,3603600
2021-05-07,63.40803909301758,64.36366942956413,63.01687549868472,63.49221253318412,2837400
2021-05-10,60.18465805053711,62.95250675191841,60.159899379241594,62.8930882073949,4005600
2021-05-11,60.07076644897461,60.35795038089767,57.73369019047682,57.961455584802636,4495000
2021-05-12,56.961273193359375,59.05077806554107,56.6344768737589,58.164471299596364,4545600
2021-05-13,57.84263610839844,58.91709608759801,56.946428006940394,58.03574167967787,4693400
2021-05-14,60.36785888671875,60.7194101103478,58.818062008865105,59.02602124915674,4236600
2021-05-17,59.63999557495117,59.97174438242811,58.56058327235109,59.694461627926074,3402400
2021-05-18,58.81806182861328,60.45203214000952,58.73883710247285,60.01135498937127,3204400
2021-05-19,58.95670700073242,59.07554032374684,56.67409630152782,56.80283460508532,6531600
2021-05-20,61.23931121826172,61.56610376637389,59.45184396138961,59.51126250542947,4921400
2021-05-21,60.54610824584961,61.99192544391601,60.417369959608905,61.843384754539244,5329200
2021-05-24,62.600955963134766,63.02182693457151,61.293778195712754,61.442318891585366,3234000
2021-05-25,62.76435089111328,63.4575521023591,62.308816292062055,63.19017433040817,2730800
2021-05-26,63.180267333984375,63.378325356251175,62.75444390828566,63.031726650516205,2076600
2021-05-27,62.72474670410156,63.34862825329078,62.66532815448819,63.011930694101395,1747200
2021-05-28,63.07134246826172,63.734836352323676,63.00202271916252,63.19017956184007,2976200
2021-06-01,62.68512725830078,63.81405690759914,62.180082865375866,63.63580505653323,2272200
2021-06-02,62.92279815673828,63.249590701217265,62.259304310752924,62.8534784116172,1863900
2021-06-03,61.56610107421875,62.318720821908556,60.971930770373255,61.81367266376149,2331900
2021-06-04,63.73483657836914,63.87347607705925,62.26921308449176,62.308821671515354,3203400
2021-06-07,64.06163787841797,64.10125024615036,63.22979326661111,63.447657511495926,2074300
2021-06-08,64.11113739013672,65.1014237587746,63.4872596977976,64.77463499914101,2144200
2021-06-09,64.17056274414062,64.98259730260916,64.10124299726962,64.68550835585584,1826500
2021-06-10,65.51736450195312,65.54707189084392,64.15076417067952,64.30921365181325,1765800
2021-06-11,65.8342514038086,65.84414882923683,65.2499784262194,65.50745503779869,1324800
2021-06-14,67.09190368652344,67.10180866601618,65.55695674242968,66.02239255987561,1714300
2021-06-15,66.20065307617188,67.09191246499294,65.94317646267098,66.95327295509708,1516000
2021-06-16,65.7253189086914,66.8245375479125,64.35871867869407,66.39871404303148,3153200
2021-06-17,67.38899230957031,67.79500580342072,65.30938483251805,65.32919479140965,2676900
2021-06-18,66.33927917480469,67.20083100237336,66.04219780878057,66.75520517569463,2951100
2021-06-21,67.14142608642578,67.28006558862535,65.52725429536667,66.41851363471123,3670100
2021-06-22,68.3990707397461,68.58722754426168,66.95325372657051,67.08198821870594,1867900
2021-06-23,68.44859313964844,68.93383132083639,68.1515042216154,68.38917082287081,2352400
2021-06-24,69.30025482177734,69.9340375977255,69.04277820802133,69.28044486018022,1822400
2021-06-25,69.15171813964844,69.64686146147558,68.90414647873486,69.5379293262506,1653700
2021-06-28,70.81539154052734,70.87480631435433,69.64685313844795,69.7161728930083,1289200
2021-06-29,71.3204345703125,71.34024453242965,70.41927773143988,70.73616912773277,1085200
2021-06-30,71.11247253417969,71.4194664927616,70.86490090435143,71.26101702313396,1258200
2021-07-01,71.16197967529297,71.35013650466627,70.40935991308521,70.94411546344713,1555000
2021-07-02,72.76625061035156,72.90489010690914,71.85518134760558,71.93440607572018,1483300
2021-07-06,73.38021850585938,73.51885799323638,71.90469393004096,73.01381738434246,1481200
2021-07-07,73.6376953125,74.42992743314109,72.90488551184252,74.3110903484593,1825100
2021-07-08,72.845458984375,73.17225528191042,71.0332407681836,71.56798873015155,3150300
2021-07-09,73.72683715820312,73.92489901892515,72.3305369277283,72.56820360530727,1807100
2021-07-12,74.2912826538086,74.48934446764684,73.63769755635654,74.30118763332192,1756600
2021-07-13,74.2615737915039,75.54894911231233,73.93478502692929,74.14274426085332,2779100
2021-07-14,74.51905822753906,75.53905210140907,74.21207183392787,75.29148047939066,2439500
2021-07-15,73.46934509277344,74.56856352128764,72.65731060601642,74.50914120401316,2751700
2021-07-16,72.29090881347656,74.26157667798034,72.16217429850614,73.87536557778327,2427600
2021-07-19,71.1025619506836,71.3204185981756,70.04295587331882,70.83518040898973,6831300
2021-07-20,72.75633239746094,73.36040761771405,70.80546726536004,71.51847457813646,3830400
2021-07-21,73.82585144042969,73.87536122544647,72.48895880512525,72.5978909095617,2398400
2021-07-22,74.85574340820312,74.85574340820312,73.98429411870555,73.98429411870555,2076900
2021-07-23,76.55905151367188,76.7075960086861,74.89536979114361,75.43012544002272,2422800
2021-07-26,76.7273941040039,76.88583600030373,75.93516195664773,76.31146807123478,2391000
2021-07-27,75.04391479492188,76.61847436428853,73.2415935462379,76.59866440199933,4270100
2021-07-28,75.57867431640625,76.26197449991116,74.54877532796671,75.49944957376768,3262300
2021-07-29,75.8757553100586,76.35108860511322,75.36080209258182,75.38061205379289,1909600
2021-07-30,75.0636978149414,75.30136439009875,74.15262875881722,74.1922411138908,2435300
2021-08-02,75.0538101196289,76.0044841944496,74.8260409143295,75.76681756456591,4722600
2021-08-03,75.96487426757812,76.00448663304401,73.99420630618845,75.38060887635007,2855700
2021-08-04,76.21244049072266,76.59865158257018,75.49943307337777,75.9549639110624,1731500
2021-08-05,77.17302703857422,77.24234679117535,76.24215531339918,76.52933930425715,1549600
2021-08-06,76.46992492675781,77.01457796992436,76.00448906176825,76.59865945217105,1722400
2021-08-09,76.7471923828125,76.97496156840315,76.20253186636874,76.6679676612779,1302400
2021-08-10,75.97476959228516,77.0838854632302,75.44991903831506,76.95515095829128,1672000
2021-08-11,75.72720336914062,76.70758480457852,75.12312805152592,76.4996255640484,1428300
2021-08-12,76.26197052001953,76.39070505362345,74.91518018659809,75.46973824555272,1474600
2021-08-13,76.7571029663086,76.90564744121075,76.20253743035964,76.39069426892141,1127200
2021-08-16,76.81651306152344,76.84622044363964,74.63788607976731,76.28175751757557,2484600
2021-08-17,75.4697265625,76.06389689872641,74.43982778724086,75.6479784188965,2368600
2021-08-18,74.00410461425781,75.83613290898653,73.87536254927933,75.26176499444462,2494100
2021-08-19,74.7369155883789,75.43011304414559,73.08313911870297,73.18216624734312,5092600
2021-08-20,76.29166412353516,76.43030361322403,75.05380614039488,75.14292828864393,2774800
2021-08-23,78.54952239990234,78.84661136264508,76.71749394375193,76.71749394375193,1905000
2021-08-24,79.03474426269531,79.2922208066539,78.59902344440148,78.8267850540196,1379500
2021-08-25,79.1238784790039,79.46057220126686,78.81688458221028,79.15358585975828,1613200
2021-08-26,78.20291137695312,79.13378292922734,78.03456451694586,78.85649641503983,1932200
2021-08-27,79.73785400390625,79.90620842632298,78.27223442903166,78.48019365700905,1871100
2021-08-30,81.53028106689453,81.70853292097833,80.04485146795807,80.04485146795807,1987900
2021-08-31,81.3619155883789,81.60948713159289,80.68852068862552,81.60948713159289,1876600
2021-09-01,81.64910125732422,82.5403604257674,81.55007413978271,81.83725806935244,1836100
2021-09-02,81.55007934570312,82.36211384983712,81.01532381049998,82.2234743653717,1590200
2021-09-03,82.06503295898438,82.22347484703646,81.02522926411731,81.02522926411731,1405900
2021-09-07,82.26309967041016,82.56018864403295,81.57979956424963,82.0749428167633,1520900
2021-09-08,81.72832489013672,82.19376064722559,80.69842625973008,82.19376064722559,2407300
2021-09-09,81.08464813232422,82.2729963516543,81.0252333657077,81.77785314908819,1906100
2021-09-10,79.87649536132812,82.17395923993394,79.74775330891732,81.94619007009659,2824900
2021-09-13,79.767578125,81.08465338716424,78.87631879156416,80.89650409559002,3096800
2021-09-14,79.30213928222656,80.73805158641076,78.90602319839736,80.41125525060524,2848300
2021-09-15,80.47067260742188,80.64892445637892,78.51980724808242,79.52989602198204,1682000
2021-09-16,80.61921691894531,80.84697855283322,79.07436504586227,79.93591690671079,1853600
2021-09-17,78.70795440673828,80.41124040883669,78.23261368282128,80.41124040883669,2966700
2021-09-20,75.43011474609375,76.92544935474217,73.41983452372634,76.15302715652078,7216200
2021-09-21,75.57867431640625,76.69769547384871,75.1429457871814,76.19265473892423,3503500
2021-09-22,77.02447509765625,77.6384553864718,75.54895047494276,76.01438629248037,3499400
2021-09-23,78.4306869506836,78.8862253845311,77.23244120495576,77.48991780772037,3420600
2021-09-24,78.55941772460938,78.76737695085528,77.32155979079901,77.44038931706226,1995300
2021-09-27,77.34136199951172,77.69786568797812,76.22234115005533,77.24233487611221,3073400
2021-09-28,72.92469024658203,75.64797785983927,72.73653341197466,75.38060385486335,6174200
2021-09-29,72.74644470214844,74.35071153702876,72.44936328810223,73.48915957019345,3704500
2021-09-30,72.06314086914062,74.07342868751618,72.02353606021717,73.40003360652837,4377200
2021-10-01,73.03362274169922,73.4693511798157,70.71635616870313,72.38003008452449,4782300
2021-10-04,70.00333404541016,72.50875692792316,69.052660198011,72.36021248654863,6211000
2021-10-05,71.875,72.77615683661219,70.34005281710498,70.37966518595309,4108100
2021-10-06,72.77615356445312,72.89499066565429,70.16179778031946,70.53811148981323,4254100
2021-10-07,74.11302947998047,75.20235054848962,73.84565548016447,74.0338123111407,2628100
2021-10-08,73.36042022705078,74.64778804725289,73.15246098429395,74.57846829966728,2292500
2021-10-11,72.24139404296875,74.18236214806414,72.20178923332574,72.74644225170715,2166500
2021-10-12,71.75615692138672,73.00391999275018,71.46897293760462,72.84547053054509,2466200
2021-10-13,72.88507843017578,73.1425550128395,71.86508463440913,72.66721421063616,2286700
2021-10-14,75.55884552001953,75.6479676578972,74.103123492407,74.37049746132466,2764000
2021-10-15,76.509521484375,76.54913384292163,75.64796968537668,76.0737930956469,1899500
2021-10-18,78.05436706542969,78.12368680528547,75.71729075702778,75.96486233583913,2288900
2021-10-19,79.19319152832031,79.24270130696627,78.22270769238976,78.50989160756018,1981800
2021-10-20,79.00504302978516,79.66853306459747,78.37126037633979,79.43086645837676,1901100
2021-10-21,79.97552490234375,80.04484464217148,78.51980281067634,78.66834726896005,1533300
2021-10-22,78.60893249511719,79.82698810357587,77.89593262645496,79.41106962470148,2451200
2021-10-25,80.21319580078125,80.6192168381617,78.40096993423585,79.2328144120294,2402300
2021-10-26,80.65882873535156,82.2531905322793,80.22310783275843,81.20348930770056,2715300
2021-10-27,81.07474517822266,82.43143262533555,80.81726861496996,80.93610569538316,1995800
2021-10-28,82.90676879882812,82.99589093773696,81.60949618614565,81.92638749440721,1797900
2021-10-29,83.71882629394531,83.77824106957311,81.371844437918,81.52038893227436,2191200
2021-11-01,84.28327941894531,84.31298680326647,82.97610162181273,83.9168707166505,2152300
2021-11-02,84.99628448486328,85.19433874498503,83.9861881144995,83.9960930940913,1620200
2021-11-03,86.78870391845703,86.95705080177544,84.72890628812323,85.1745397240253,2401700
2021-11-04,88.98715209960938,89.43277803557197,87.09570111767651,87.35317774226823,2529400
2021-11-05,89.16539001464844,90.2447985841101,88.53160731132887,89.80907769763151,2694000
2021-11-08,88.92772674560547,89.61101926245648,88.62073280673832,89.14558341942318,1932900
2021-11-09,87.67005920410156,89.57140739640003,87.06598385832662,89.42287047144399,2931500
2021-11-10,85.1151123046875,87.68986296613161,84.2337580209096,86.39258265601723,3791100
2021-11-11,85.5904541015625,86.52132573794407,85.41220224683595,86.45200599195516,2064500
2021-11-12,87.38286590576172,87.61063509188334,85.3725858126681,86.0756882185348,1792200
2021-11-15,87.35316467285156,88.046369703763,86.2143337726502,87.90772265335204,2496800
2021-11-16,88.58110809326172,88.78907486862275,86.94714171333803,87.00655647470688,2578200
2021-11-17,88.66034698486328,89.58131370972802,88.24442847822404,88.71976175572998,1791900
2021-11-18,90.48246002197266,90.71022163515764,88.57120720150587,89.59120085991579,3302500
2021-11-19,91.48265838623047,92.0768362930234,90.84887567058487,91.23508677682872,2037800
2021-11-22,89.39315032958984,93.62167750396645,89.32383058354854,92.20556764459208,4330800
2021-11-23,88.55140686035156,89.76946243997303,86.51141932201904,88.83859081904744,4266600
2021-11-24,89.17528533935547,89.22479512174098,86.34306588510135,87.40267193579888,2702400
2021-11-26,85.6102523803711,88.5216966821955,85.10521177905139,87.87800904029268,4685200
2021-11-29,89.41295623779297,89.85858207711445,87.46209090221808,87.77898223480533,3385700
2021-11-30,86.75899505615234,90.0863580776259,85.87764073463025,88.99704451167244,6849200
2021-12-01,83.81783294677734,89.71993846695261,83.65939106540985,88.77916949150469,5423100
2021-12-02,85.05570220947266,85.80832202362033,82.62950343982963,83.283088565187,6479900
2021-12-03,82.09474182128906,86.06579229194426,80.23299860492645,85.6003564878536,6593100
2021-12-06,83.4415283203125,83.98618126889622,80.45085937135384,82.28288757165382,4638700
2021-12-07,88.46228790283203,88.67024714484666,86.30346320036035,86.30346320036035,4076400
2021-12-08,89.20500183105469,89.27432157770255,87.68986482911873,88.55140917241563,3346200
2021-12-09,86.57083129882812,89.45256821701687,86.47180417443323,88.65043113226207,3808100
2021-12-10,88.44246673583984,88.5415014097324,86.40247938243846,87.81858908885486,3287800
2021-12-13,85.87764739990234,88.54152053085441,85.71919793168391,88.4226834296906,3456900
2021-12-14,84.154541015625,84.91705821403764,82.1541582704685,83.66929524316774,4806400
2021-12-15,87.91763305664062,88.06617754066278,82.21358077930867,83.9663920912547,5984100
2021-12-16,83.4217300415039,88.5415168287684,82.66911776479395,88.3731623870039,6138500
2021-12-17,82.57008361816406,84.39221466207293,81.19358602146063,81.83727374167766,6737600
2021-12-20,80.9063949584961,81.27280364232577,79.54970744096042,80.42115674337019,5779900
2021-12-21,84.53085327148438,84.68929517716306,80.72814931647602,82.35222607022095,4332900
2021-12-22,86.61044311523438,86.6797628574036,84.1248222655344,84.40210878949658,3696300
2021-12-23,87.93743896484375,88.58111910713271,86.68967593396009,86.74909070271637,3579300
2021-12-27,90.759765625,90.77956803206794,88.47219851137424,88.53162084315198,3628400
2021-12-28,90.01703643798828,91.35392158426178,89.5615055947173,91.205377111279,4493700
2021-12-29,89.93782043457031,90.5914131569708,88.83860180528693,90.03684757440135,3335900
2021-12-30,89.31393432617188,90.81916635499937,89.11587250969077,89.8288799384512,2885600
2021-12-31,88.15528869628906,89.67043317788423,88.04636414723845,89.05645291301654,5252600
2022-01-03,89.98731994628906,90.07644208788669,87.82849548259948,88.77916943606576,6160900
2022-01-04,87.63043212890625,90.2150799632742,86.18461504484314,90.19527756169957,6040200
2022-01-05,82.18386840820312,87.35316476265226,82.13435862005659,86.8481165697282,9708000
2022-01-06,82.12445068359375,83.53065554513003,80.431061862118,81.39164086995008,10540400
2022-01-07,80.3122329711914,82.83746654731007,79.54971569685733,82.08484669808749,7428200
2022-01-10,80.50037384033203,80.63901331723189,75.8658336767637,78.20290993776818,13221700
2022-01-11,82.86715698242188,82.88695938388055,79.18329077775432,80.06464497071906,10806500
2022-01-12,83.520751953125,84.67939279151639,82.48095575878106,84.00599773243788,8201800
2022-01-13,79.292236328125,84.38230811385984,78.89612023417612,84.05551176970556,10788100
2022-01-14,80.29241180419922,80.41124132006168,78.15338985525992,78.20290719039234,11835700
2022-01-18,76.35108184814453,78.65845103141235,75.94506834268729,77.73748435405102,9511400
2022-01-19,74.58837890625,77.96525949907603,74.4893517672695,76.88584328491521,10766800
2022-01-20,72.61770629882812,77.5889408923737,72.41964447809197,75.90545697018901,9052500
2022-01-21,68.5278091430664,72.81575064817338,68.49810176282304,71.74623962770276,15073900
2022-01-24,69.35967254638672,69.49831206231735,61.764172559783376,66.36900286208433,20020500
2022-01-25,65.8936538696289,68.33966233454001,64.67559834896313,66.57695386087691,22615500
2022-01-26,66.00259399414062,70.49849542400375,64.34881742111148,68.97345337072352,13075600
2022-01-27,64.46764373779297,68.35946962875987,64.07152766299481,67.65636718475385,15726900
2022-01-28,68.59713745117188,68.59713745117188,63.289205377435565,65.20045470547903,17271300
2022-01-31,72.99400329589844,73.12273779681159,68.40898038213224,69.03285804002907,7577400
2022-02-01,73.86546325683594,74.1427498114455,71.30062495780767,73.41983737296407,7106800
2022-02-02,75.10333251953125,75.70740795318817,73.37033096025355,75.62819076678232,7433300
2022-02-03,68.9437484741211,72.37013883881097,68.53772738479665,70.99364121573657,10128100
2022-02-04,70.70645141601562,72.01362917927402,68.34956491713413,69.17150445338753,6084300
2022-02-07,69.59734344482422,71.88490315220307,69.05269032917029,70.88471909143793,6503200
2022-02-08,71.16197967529297,71.54819075800677,68.64665137038415,69.10218219729568,5341400
2022-02-09,74.18235778808594,74.18235778808594,72.3107095427988,72.91478485071312,5218500
2022-02-10,70.80547332763672,74.01399895455607,70.00334380972818,71.18177941702778,10459500
2022-02-11,66.33927917480469,71.39964292885213,65.77481626854524,70.76586028165855,10483500
2022-02-14,66.51752471923828,67.75538251536204,65.05190531958701,66.02238160078878,10726800
2022-02-15,69.77558135986328,69.81519372392961,68.09209744111693,68.5080159308845,6157400
2022-02-16,69.70626068115234,70.09247178153662,67.59695332095473,68.82490636947688,6580500
2022-02-17,65.56684875488281,68.66644185797625,65.37869195816019,68.3594555519839,6021200
2022-02-18,64.05171966552734,66.04219728997849,63.16046046388616,65.87384287307371,8675200
2022-02-22,62.754451751708984,64.98260005864444,61.36805297784619,62.89309125133096,9192000
2022-02-23,59.56572341918945,64.25967844160738,59.42708016172805,63.942787122694874,10344500
2022-02-24,63.556583404541016,63.69522290037253,55.57487341565879,55.69371050720832,15662300
2022-02-25,65.51736450195312,65.55696931694946,62.35834785825498,63.82396778230652,8906000
2022-02-28,66.02239990234375,66.52744813864237,63.81406521286297,64.25969112088225,7985600
2022-03-01,63.85367202758789,66.35909547474795,62.912895390382594,65.47774116065494,7683300
2022-03-02,65.95307159423828,66.4680247443386,63.38823348890273,64.45773704048513,6543900
2022-03-03,64.071533203125,67.07210762935652,63.37833567875318,67.06220264892653,6630700
2022-03-04,62.26920700073242,63.7249253723966,61.34824038924965,63.17036743181697,6028600
2022-03-07,57.64456558227539,62.66531690519321,57.56534464132201,62.239493486846584,7738500
2022-03-08,57.08010482788086,60.595620628297475,55.881859246432384,57.34748259672057,14677000
2022-03-09,61.25911331176758,61.6948379393887,59.13990115845166,60.09057513379369,7732500
2022-03-10,59.88262176513672,60.28863905124084,58.17932789287406,59.65485633904347,7403200
2022-03-11,57.34748458862305,61.0511573425936,57.17913771590032,60.942225235470524,5921300
2022-03-14,55.17875671386719,58.11990460899543,54.891572765300864,56.91175782897465,8520300
2022-03-15,58.58534240722656,58.872526365617354,55.51545612364489,56.08982026278371,8883900
2022-03-16,62.972312927246094,62.98221412917761,58.704177142618384,60.04106606194493,10753700
2022-03-17,64.43793487548828,64.43793487548828,61.7344534933187,62.24940286768092,6823800
2022-03-18,67.12161254882812,67.2206396800809,63.38823605806934,63.823956946638695,7320100
2022-03-21,66.74531555175781,67.63657496543581,65.01231407443991,66.77502293966593,6932000
2022-03-22,69.33984375,69.67654502243954,66.78491082518192,66.9334477267002,6545500
2022-03-23,67.34938049316406,69.61713726636056,67.33947551363795,68.23073478884618,6329500
2022-03-24,70.34993743896484,70.3598424171321,67.2701465387151,68.11188835609963,7481700
2022-03-25,70.25092315673828,70.72625642161604,68.51792186982918,70.2905355213591,6746000
2022-03-28,72.4196548461914,72.4196548461914,69.71617671484613,70.21132000464576,6723900
2022-03-29,74.85574340820312,75.12312496022899,72.8454632771821,73.99419909792866,6554700
2022-03-30,73.26138305664062,74.78641729455077,72.61769545710023,74.1229272935362,5080900
2022-03-31,71.22138977050781,73.41982659275696,71.08275029120246,73.28118711345161,9025200
2022-04-01,71.17188262939453,71.82546769104921,69.8547999718291,71.51848134052089,6871100
2022-04-04,74.0338134765625,74.04371090076981,71.3501382356776,71.4590703442433,5137800
2022-04-05,70.79557037353516,73.73672209703147,70.26081482787352,73.44953814351214,7526700
2022-04-06,67.6365737915039,69.04277886685198,66.62647728843827,68.59714539010417,9252500
2022-04-07,68.00296783447266,68.85461477495286,65.91346284739747,67.28996039078821,11922100
2022-04-08,66.0718994140625,67.60683855922045,65.8639402094392,67.32955961972273,8071500
2022-04-11,62.9624137878418,64.79444219425802,62.83367549265768,64.4280334908604,6325900
2022-04-12,62.46726608276367,65.45792759822685,61.912704355169346,64.77463513997516,8633500
2022-04-13,64.94298553466797,65.34899903998115,62.27911263496119,62.53658922082189,4822300
2022-04-14,61.96221160888672,65.18064198624118,61.91269805091742,64.96277779800549,6524200
2022-04-18,62.160282135009766,62.932704372264354,61.01154998165853,61.56610798680825,5079300
2022-04-19,64.79443359375,65.051910149942,61.44726480675135,61.82357466245524,5298700
2022-04-20,62.902992248535156,65.32919467122814,62.49697497778887,65.18065020095688,5556300
2022-04-21,60.387664794921875,65.39851538668849,60.00145369965937,64.42803138110212,7759100
2022-04-22,57.159332275390625,60.853100097856796,57.03059398551878,60.3975692600245,8847700
2022-04-25,58.66456985473633,58.75369578466263,56.129435230554826,56.5552586982424,10126300
2022-04-26,54.13895797729492,57.95156304603307,54.10925059287715,57.9020494794558,8575900
2022-04-27,54.07954025268555,56.15914015641239,53.47546495158736,54.21817974258163,11185600
2022-04-28,57.882240295410156,58.545730363950355,54.33701320322329,55.81254158761749,10804300
2022-04-29,52.6832389831543,57.63467114740484,52.49508214322129,56.38690812653365,10679900
2022-05-02,54.45585250854492,54.52517225651073,51.48499321523439,52.54459939430371,20958500
2022-05-03,54.62419509887695,55.35700866250794,53.6042013637871,54.44594325306516,7886700
2022-05-04,58.28826141357422,58.48631946033338,52.88129826961448,54.75293906732031,13096800
2022-05-05,52.49508285522461,56.713705231864296,51.18790504834434,56.65428668513592,10504300
2022-05-06,51.17800521850586,53.0694522305217,49.74208907736139,51.683049657490535,11967600
2022-05-09,47.11783218383789,50.03917425615761,46.64249135262098,49.23704463097065,10267900
2022-05-10,48.27646255493164,49.82131071664089,46.92967243102761,49.44500082257526,15863600
2022-05-11,45.37491989135742,49.31625907947208,45.11744710458241,47.50403703786127,14614700
2022-05-12,45.17686462402344,46.59297448180088,43.23590418177003,43.99842516500733,13020100
2022-05-13,48.47452163696289,48.83102535716342,46.058220323445056,46.58307470158159,6787700
2022-05-16,47.38520050048828,48.59335106051648,46.959377066302686,47.91995603797381,6117400
2022-05-17,49.831207275390625,49.95004057594389,48.048692656521595,49.26674437570947,6323100
2022-05-18,44.87977981567383,48.54384028956461,44.513374901577606,48.28636370738889,5871100
2022-05-19,44.43415451049805,45.90968306806278,43.810276731003135,44.29551500394362,8996200
2022-05-20,44.127166748046875,45.72152480182023,41.55241964283785,45.52347052865601,8083800
2022-05-23,45.602691650390625,45.72152497025555,43.72114960489731,44.48366687020345,6665800
2022-05-24,43.65182876586914,44.15687319594364,42.11688173793505,43.92910776452628,7080000
2022-05-25,44.89957809448242,45.53336068114395,43.13686980312478,43.186383359399805,6810400
2022-05-26,47.36540603637695,47.85064431540483,44.5430871894887,44.63221312734082,4328200
2022-05-27,50.504600524902344,50.504600524902344,48.34577612182258,48.38538847984883,6654600
2022-05-31,50.17780303955078,51.18789547924787,48.88053045512633,50.464986961920424,5983100
2022-06-01,49.445003509521484,51.61372950835245,48.702288660623374,50.91062702469658,5546800
2022-06-02,52.16828918457031,52.18809536639254,48.593354584982,49.06869161578658,5735300
2022-06-03,49.37568283081055,50.83140511612622,48.98947172106794,50.356064297442856,5174300
2022-06-06,49.751991271972656,51.39586657373884,49.237041881611304,50.89081838538854,4302900
2022-06-07,50.63335037231445,50.851210835967784,48.2566612345218,48.6230661859034,3910700
2022-06-08,49.87082290649414,51.197806812261796,49.58363894847781,50.31645253485693,2646100
2022-06-09,47.14753341674805,50.30654549244715,47.13762843783354,49.26674558733838,3649200
2022-06-10,43.790462493896484,45.74132398506225,43.711237774639734,45.35511292279193,8409000
2022-06-13,39.76000213623047,41.829700950016445,39.48271936382058,41.067179936764454,9947800
2022-06-14,39.94815444946289,40.68096806454556,39.146021086991134,40.42349147912074,6262100
2022-06-15,41.899017333984375,43.047749362738706,40.096696457449866,40.91863217349277,9515400
2022-06-16,38.54194641113281,39.859029188904366,37.868555107720745,39.73029089403247,14454900
2022-06-17,39.43320846557617,40.126409777042824,38.24486389986809,38.72020097062268,8058500
2022-06-21,41.42367935180664,42.08716938531851,40.72057318047884,40.740379360565505,7202300
2022-06-22,41.28504180908203,42.61202583753256,40.48291218151295,40.61164670344187,5698500
2022-06-23,42.51300048828125,42.76057211759682,41.18601640404406,42.03766341331255,5272700
2022-06-24,45.503665924072266,45.52347210760427,43.31513364196929,43.37454841492207,4194600
2022-06-27,44.731239318847656,46.01861478886461,44.38464055546967,45.8403629169436,3519300
2022-06-28,41.98814010620117,45.711614885494704,41.94852774806215,44.919386610926125,5014900
2022-06-29,42.10697555541992,42.52289400421365,41.205815138724276,41.92872371232473,5065400
2022-06-30,41.007755279541016,42.07726629022784,39.6807714946013,41.156299734683884,5645400
2022-07-01,41.54251480102539,41.661348110042496,40.06698641829546,40.58193579422662,6475300
2022-07-05,42.96852493286133,42.98833111355217,39.94815226389767,40.423489267549805,4550700
2022-07-06,43.493377685546875,44.14697034826843,42.55260861012306,43.077459203061764,4774400
2022-07-07,45.34521484375,45.57298026083113,43.77065932771714,43.77065932771714,2805700
2022-07-08,45.49374771118164,45.89976491138558,44.196475177127205,44.44404673280381,3367200
2022-07-11,43.493377685546875,44.78075305166073,43.255711060596205,44.711433304579884,3468400
2022-07-12,42.671443939208984,44.493571186395236,42.18620190906807,43.899400818295774,3660700
2022-07-13,42.51300048828125,43.21610300890309,40.82951265340672,40.98795834506295,5835500
2022-07-14,42.8001823425293,43.03784897929545,40.740384676459556,41.69105877881032,4531200
2022-07-15,44.32521438598633,44.35492554462787,43.20619355507555,43.711237920271095,3603000
2022-07-18,43.58250045776367,45.63239667094194,43.23590174746253,45.186767059381445,3689000
2022-07-19,46.2364616394043,46.335492526677825,44.196474470916776,44.71142375181285,4099500
2022-07-20,47.70209503173828,48.088309908706556,46.147345654758084,46.38501605768911,4635900
2022-07-21,49.06869125366211,49.07859623332158,47.018798670726724,47.83083323123046,3745500
2022-07-22,47.34558868408203,49.46480073127272,46.75141464601619,48.801306955412215,4411600
2022-07-25,46.84054183959961,47.48422945397232,46.167146844688695,47.33568499599631,4661400
2022-07-26,44.9490966796875,46.32559409740421,44.70152509297176,46.26617933428371,2454700
2022-07-27,48.751800537109375,49.28655611639918,46.2166659141985,46.36521038988221,6164200
2022-07-28,49.67276382446289,49.890628033201395,47.45452070884569,48.67257625984488,5981300
2022-07-29,51.51470184326172,51.7919808418205,49.74208818214833,50.19761904482147,4355300
2022-08-01,51.455284118652344,52.584210090996706,50.55412358128596,50.92052851775983,2950700
2022-08-02,51.108680725097656,52.49507939183781,50.3164523758686,50.653149896496295,3238200
2022-08-03,53.89138412475586,54.178568087656714,51.67314470217677,51.69295088351229,3360400
2022-08-04,54.35681915283203,54.49545864252498,53.18828091450181,53.901288321657276,2757400
2022-08-05,53.49527359008789,54.19837605122676,52.36634766033974,52.64362665286933,5275600
2022-08-08,53.1486701965332,55.059923283893085,52.66343196759729,53.812164060415,3451700
2022-08-09,51.93061828613281,52.58420716947438,51.39586649259362,52.48518003894861,2925200
2022-08-10,54.822261810302734,54.921288950267616,53.56459748900384,54.416244492217515,5651000
2022-08-11,54.1983757019043,56.307686849368814,53.95080409512912,55.62438679697785,3425700
2022-08-12,56.3373908996582,56.35719708034537,54.535070011195906,54.901474909801706,2541800
2022-08-15,57.18904113769531,57.36729299669957,55.95118310441187,55.95118310441187,2333800
2022-08-16,56.921661376953125,57.65447496942911,55.8521540376271,56.82263424877873,3176100
2022-08-17,55.60458755493164,56.614676443691195,54.901481280696665,55.79274062682938,4061700
2022-08-18,55.89175796508789,56.268067820551295,55.02030873236761,55.545159267715334,2417200
2022-08-19,53.693328857421875,55.010407781513265,53.416046101579404,54.81234974952372,3276600
2022-08-22,50.8512077331543,52.28712384221954,50.554122553468424,52.20790289053672,6863400
2022-08-23,50.762081146240234,51.683047835728594,50.49470713232436,50.75217994402382,3306000
2022-08-24,51.04926300048828,51.64343710516534,50.39567412969349,50.58383096278049,2665900
2022-08-25,52.821876525878906,52.83177772767834,51.267127186013205,51.6137259136357,3793600
2022-08-26,48.484413146972656,53.11895302783762,48.47451194678767,52.732742000705905,5883600
2022-08-29,47.533748626708984,48.39529676282807,47.16734370545146,47.533748626708984,4782500
2022-08-30,46.46424102783203,48.22695357653478,45.65220639548035,48.05860290621429,4143100
2022-08-31,45.919578552246094,47.642678521964996,45.889871169582186,47.36539954338786,8669000
2022-09-01,45.94929504394531,46.038420979920865,43.948915863549814,45.107549253588815,5381400
2022-09-02,44.632205963134766,47.26636753081807,44.13706278291127,46.850449072698815,6527700
2022-09-06,43.988521575927734,45.0580327376955,43.32503147855336,44.75104258326743,5361300
2022-09-07,45.7512321472168,46.058218511590844,44.04793834110479,44.0974519052642,5658200
2022-09-08,46.21666717529297,46.622688249554955,44.67182271871505,45.06793503527524,5603600
2022-09-09,48.217041015625,48.375486680499826,46.899962134660974,46.919768314975656,3204400
2022-09-12,49.35587692260742,49.47471023911658,48.573549718832524,48.65277444826731,3783700
2022-09-13,43.91919708251953,46.89996104166712,43.661724299714265,46.48403882003703,6452900
2022-09-14,44.64211654663086,44.889688167822975,43.74095221895414,44.29551401037601,3966700
2022-09-15,43.09726333618164,44.76094474232716,42.63182753278298,43.988518803846425,4936200
2022-09-16,42.57241439819336,42.70114891150018,41.49300206094498,42.1069785769742,4404300
2022-09-19,43.255706787109375,43.285414167882514,41.76037232748588,41.78017850721548,4083000
2022-09-20,42.532798767089844,43.2359011570379,41.8594037582926,42.473380227145654,4680700
2022-09-21,40.99785614013672,44.08754847473323,40.97804995994566,42.819983163645965,7901000
2022-09-22,40.00757598876953,40.84931800013937,39.64116726498639,40.52252164286952,5791200
2022-09-23,38.70038986206055,39.35397865957826,37.700198597929834,39.28465514414175,6914300
2022-09-26,38.314178466796875,39.79960802844387,38.14583159641205,38.52214147643593,5462100
2022-09-27,38.413211822509766,39.9877674094557,37.720010560636425,39.31437232965222,6509100
2022-09-28,39.908538818359375,40.27494370707946,37.95767729384222,38.38349694537807,4888400
2022-09-29,37.66059112548828,38.83903437614994,36.72972325603467,38.730102266158404,6546700
2022-09-30,36.303897857666016,38.4924298097166,36.2741904756698,37.37340894124201,6182700
2022-10-03,38.017093658447266,38.45282208488213,36.393024593917076,36.77923567906233,6336800
2022-10-04,40.403682708740234,40.59183953472103,39.51242725184932,39.53222965471214,6057600
2022-10-05,40.3343620300293,40.86911755834304,38.50233381866573,39.26485475104439,5186900
2022-10-06,39.69068145751953,40.94834188439635,39.591650549106824,40.0471813948766,5929600
2022-10-07,36.65049743652344,38.363696206423974,36.28409253191502,38.343890025412335,6074900
2022-10-10,35.86817932128906,36.80894850256538,35.17497799484073,36.69011517671928,4264900
2022-10-11,34.9769172668457,36.22468031485729,34.46196785724571,35.4423531092548,7187700
2022-10-12,34.91749572753906,35.62060192091531,34.70953649657157,35.105652555441495,4789500
2022-10-13,36.50196075439453,36.86836569924504,32.65964810192059,32.88741354210567,11138400
2022-10-14,34.283714294433594,37.323893256554136,34.154979781644855,37.155546380918324,7828800
2022-10-17,36.61089324951172,36.80894752813107,35.89788575802376,35.89788575802376,6477900
2022-10-18,37.18524932861328,38.69048493846553,36.402922255095696,38.512233104559186,8565700
2022-10-19,36.86836242675781,37.72000933998713,36.18506616685289,36.70001555107626,4555900
2022-10-20,36.45244216918945,38.017092649221574,36.135550837090726,36.60098285618673,6110200
2022-10-21,38.19534683227539,38.3141801446712,35.82856289815992,36.145454249644,6389900
2022-10-24,39.027183532714844,39.27475511152619,37.20505656155764,38.244856437036795,5796100
2022-10-25,40.62154769897461,40.72057482576651,39.27475761980545,39.27475761980545,4275300
2022-10-26,38.79941940307617,40.54232171277462,38.6805860990983,38.95786506759421,6383000
2022-10-27,37.36350631713867,38.888548316444634,37.24467300402115,38.47262605406896,4760400
2022-10-28,39.67087936401367,39.78971268871208,37.17535687948738,37.18525808252755,5421200
2022-10-31,38.70038986206055,39.23514158538058,38.185440540131076,38.98757001393232,4941300
2022-11-01,37.91807174682617,39.86893362188295,37.82894580894538,39.72039291051048,5054900
2022-11-02,35.323509216308594,38.76970873864132,35.30370681535791,37.92796314782997,8117600
2022-11-03,33.94701385498047,34.98681751353023,33.828180554270574,34.58079649562326,6333300
2022-11-04,35.02642822265625,35.5215714129361,33.57070981203057,35.24429243522506,6678300
2022-11-07,35.7889518737793,35.92759137303511,34.72934566930351,35.31361482876948,2762000
2022-11-08,36.284095764160156,37.175355100864905,35.22448954032401,36.18506862792323,4522200
2022-11-09,34.5807991027832,35.9870077481653,34.51147935733931,35.77904851183362,3739500
2022-11-10,39.69068145751953,39.77980360862663,37.37341108766264,37.95768022554749,8295100
2022-11-11,41.15630340576172,41.35435766009511,39.27475776845246,39.66096885310243,5258800
2022-11-14,40.41358947753906,41.52270919146528,40.15611289720799,40.56213017144437,9880100
2022-11-15,41.55241394042969,42.63182620267218,40.58193378006418,42.35454723617992,6668500
2022-11-16,40.39378356933594,41.04737244881083,40.15611316878013,40.96814772274461,3162100
2022-11-17,40.18582534790039,40.621550019374205,39.01728705232115,39.0568956387148,6841500
2022-11-18,40.19572448730469,41.116691126856956,39.5025232628099,41.06717756317364,4441000
2022-11-21,39.35397720336914,40.12639926886034,39.126208041739545,39.789701793043776,2388000
2022-11-22,40.482906341552734,40.53241990266294,38.947963281281105,39.561939749861246,4417400
2022-11-23,41.28504180908203,41.453392474313624,40.41359243043027,40.48291218151295,4171200
2022-11-25,40.720577239990234,41.00776121341301,40.591842723056956,40.809703170444095,1389800
2022-11-28,39.51243209838867,40.73048401656066,39.26486047816729,40.156116044378365,2027400
2022-11-29,38.928165435791016,39.69068652859935,38.52214810353134,39.571849423320884,2445200
2022-11-30,42.48329162597656,42.48329162597656,38.759812334923055,38.987577772664885,7264400
2022-12-01,42.56250762939453,43.117069355244425,41.730666929441036,42.55260642788056,3915500
2022-12-02,42.22580337524414,42.45356875014762,40.997850590752165,41.05726534564049,3851800
2022-12-05,40.76018524169922,41.938624615893616,40.35416799700682,41.5623185299346,3303300
2022-12-06,39.076698303222656,40.760185846808874,38.680586031441706,40.720573486338,4780200
2022-12-07,38.74000930786133,39.31437732798215,38.28447839526834,38.72020312327336,5564300
2022-12-08,39.6807746887207,39.92834628212557,38.55184882721734,39.12621295954242,2979300
2022-12-09,39.16582489013672,40.14621005139453,39.01728420231399,39.37378411967415,3547700
2022-12-12,40.11650085449219,40.126405834083926,38.908354001657166,39.185632987940146,2635100
2022-12-13,40.987953186035156,43.295322294103585,40.20562602923269,43.24580495235845,8336100
2022-12-14,40.35416793823242,41.760372713241054,39.44310632811008,40.77999136224604,6044100
2022-12-15,37.64079284667969,39.344087045665354,37.28429283591764,39.136127761643245,6916600
2022-12-16,36.8980712890625,37.85865034983227,36.462346613089686,37.42292567385945,10383400
2022-12-19,35.89787673950195,36.97728890842991,35.52156690490665,36.95748273001518,3937600
2022-12-20,35.798851013183594,36.264283002229064,35.11555105312821,35.5314732606805,4273900
2022-12-21,36.84856033325195,37.18525789961061,35.848372614810714,36.07613806004697,3780900
2022-12-22,35.020084381103516,36.00334995023908,33.83818267082193,35.98348557837617,6067000
2022-12-23,35.18893051147461,35.318047037382634,34.14607558988921,34.65260382423356,3989800
2022-12-27,34.1262092590332,35.01015293982593,34.00702682051118,34.990288568615355,3586600
2022-12-28,33.2224006652832,34.63273689956328,33.1528772615506,34.02688684811515,3661000
2022-12-29,34.83137512207031,35.06974377235112,33.76865595824826,33.92756712885508,3915100
2022-12-30,34.80158233642578,34.811512627549426,33.738863115351954,34.07654984467625,3244100
2023-01-03,34.31491470336914,35.784844057184834,33.68920027810755,35.39749829493668,5372200
2023-01-04,34.64267349243164,35.069748025622175,33.7984547178436,34.871108091087244,5351600
2023-01-05,33.510433197021484,34.195737042193635,33.44090599451177,34.1758726684397,4385400
2023-01-06,35.357765197753906,35.65572693700435,33.19259828131515,33.9474291305963,4534200
2023-01-09,35.824581146240234,37.066076206170216,35.645805554510936,35.894104566496935,5222800
2023-01-10,36.430423736572266,36.430423736572266,35.3974991530428,35.53654596452918,3629700
2023-01-11,37.661983489990234,37.69178194078736,36.48008183396831,36.69858612568751,3273800
2023-01-12,38.01953887939453,38.3175006885368,36.609202481419416,37.791104270796104,6563200
2023-01-13,38.54593276977539,38.63532054890878,37.24484482655414,37.33423260568753,3559100
2023-01-17,38.67504119873047,39.07232101481939,38.17844332298988,38.48633536989585,2786500
2023-01-18,37.681854248046875,39.56892813209372,37.6421292881529,39.151783848899974,3661700
2023-01-19,36.92702102661133,37.53287108523981,36.59926458620914,37.21504872476936,4190900
2023-01-20,38.99286651611328,39.04252933847569,37.0958626373564,37.364025965399485,3496100
2023-01-23,40.701168060302734,41.01899044936505,38.982939585452804,39.16171515289307,7704400
2023-01-24,40.51245880126953,40.83028116366252,40.04565554893046,40.19463643887654,5606200
2023-01-25,40.29395294189453,40.492592857863116,38.47640661432398,39.21136937804408,6217600
2023-01-26,41.853271484375,41.90293051790647,40.5124586353183,41.26728579572429,4576200
2023-01-27,42.6776237487793,43.26360940874098,41.4460593182909,41.465923688479236,5517700
2023-01-30,40.91967010498047,42.1413005556008,40.86007698955697,41.714226033586186,4705400
2023-01-31,42.1810302734375,42.19096056520001,40.92960134183142,40.94946571409805,5309400
2023-02-01,44.00851058959961,44.673950007320215,41.50565652970023,42.111506619709495,8334300
2023-02-02,47.107276916503906,47.68332850815002,45.1109512444621,45.88564654183623,7573600
2023-02-03,45.408912658691406,47.295982383433504,44.94210942573956,45.051361568663715,8871600
2023-02-06,44.65407943725586,45.31952255135564,44.2369390462085,44.624284777535635,6635800
2023-02-07,46.5113639831543,46.81925227522952,44.26673921589205,44.60442596013763,8848300
2023-02-08,44.81299591064453,46.35244872793641,44.6242900621672,46.074355100971594,4173000
2023-02-09,43.988643646240234,46.15381083049859,43.57149943293564,46.104148008653226,4940300
2023-02-10,43.43245315551758,43.95884573258724,42.697490363617455,43.35299945932849,4759700
2023-02-13,44.832855224609375,44.97190202240533,43.49204248730141,43.8396594817913,3960700
2023-02-14,45.4387092590332,45.74660133052767,43.74034529766564,44.32633098938644,6351900
2023-02-15,46.17367172241211,46.183602012788135,44.70373868984842,44.90237859603874,4630700
2023-02-16,44.366050720214844,45.91543739780709,44.3362560611957,44.68387683429664,5546300
2023-02-17,43.730403900146484,43.958838448356666,42.866324732787845,43.740337978487375,3823200
2023-02-21,41.654624938964844,43.02523602122424,41.62483028133121,42.60809565939009,3551400
2023-02-22,41.71422576904297,42.3101417645327,41.24742250637307,41.83340821039262,4778800
2023-02-23,42.43926239013672,42.78688324507328,41.207701536696796,42.75708479029811,6106800
2023-02-24,40.9792594909668,41.31694623470561,40.47273126972934,40.9792594909668,6150500
2023-02-27,41.58510971069336,42.28034757233655,41.416268232629115,41.90293208366027,4287600
2023-02-28,41.44605255126953,42.18101897327297,41.287141404449955,41.386459450434465,3380300
2023-03-01,40.78062438964844,41.54538567551492,40.502526965588686,41.356676032627654,4282600
2023-03-02,41.47584915161133,41.66455875206502,39.976125369994136,40.035718473622794,4436100
2023-03-03,43.16429138183594,43.213950417335596,41.79368381608593,41.932730630981595,4851900
2023-03-06,43.223880767822266,44.3759877202083,43.18415202735418,43.521838743850495,4203600
2023-03-07,42.16116714477539,43.51191418881522,41.98239157784413,43.25368113047375,5139000
2023-03-08,42.598167419433594,42.73721422576911,41.73408813096197,42.26048069458679,4020600
2023-03-09,41.03885269165039,43.44238864648366,40.84021276161385,42.69749175040277,5127900
2023-03-10,39.896671295166016,41.545379870591084,39.59871332913707,41.098441027177124,15410400
2023-03-13,40.50252151489258,41.545380084474345,38.97300293773881,39.42987207391798,15153900
2023-03-14,42.36973571777344,42.51871661396389,41.2672876944405,41.50565637059691,6515500
2023-03-15,42.7868766784668,42.896125033402896,41.18783084189697,41.604971257311036,9313100
2023-03-16,45.021568298339844,45.130816655897945,42.28034571593226,42.47898563750028,8295100
2023-03-17,44.57462692260742,45.70686948669418,44.01843593115201,45.011631694560215,6321700
2023-03-20,44.902381896972656,44.991769671892456,43.750274902862635,44.415718069208125,4088400
2023-03-21,46.153812408447266,46.31272359305788,45.0315000359677,45.46850484646152,3620400
2023-03-22,44.892452239990234,47.63367106168268,44.872587868756206,46.15381139779069,12373900
2023-03-23,45.984962463378906,47.2463215204216,45.170542251546784,45.99489654257309,6398600
2023-03-24,46.29285430908203,46.32264896905318,45.12088302616291,45.816120805838146,3876000
2023-03-27,45.627410888671875,46.819246533297374,45.389046032991416,46.49149390955148,3413800
2023-03-28,45.17054748535156,45.488369859050835,44.46537933050265,45.488369859050835,3931100
2023-03-29,46.82918167114258,46.98809284143606,46.01476144979585,46.25312631086549,3363900
2023-03-30,47.65353012084961,47.84223594342525,47.12713760242109,47.53434769547242,4151600
2023-03-31,49.23271560668945,49.29230871876195,47.64360383883593,47.713127241883186,3616900
2023-04-03,48.98441696166992,49.06387444492881,48.15013233115826,48.557342461006726,4094000
2023-04-04,48.65665817260742,49.42141551435303,48.26930867373179,49.113527277446344,3262000
2023-04-05,47.64360427856445,48.37856705720208,47.07748296924526,48.318977733320914,4165700
2023-04-06,48.32890319824219,48.42822125395376,46.71992720552076,47.127137295923745,4401700
2023-04-10,48.21965789794922,48.22959197817293,46.80932160550311,47.36550885830259,3298500
2023-04-11,47.60387420654297,48.209724240680245,47.44496303273166,48.209724240680245,2669300
2023-04-12,46.73979568481445,48.348771819032876,46.61067917004184,48.18986064267478,4435100
2023-04-13,48.56727600097656,48.68645843579889,47.206595030851595,47.256257851707076,3579600
2023-04-14,48.358699798583984,48.90496049315035,47.46482589507208,48.04087746105871,3261600
2023-04-17,48.40836715698242,48.53747988895093,47.593943078362265,48.23952189317068,3331700
2023-04-18,48.43816375732422,49.20292504328467,48.05081796844305,49.073808517410406,3360300
2023-04-19,48.378570556640625,48.696392936134195,47.65353801662456,47.693266761246655,3559300
2023-04-20,47.6336669921875,48.51761059850607,47.216526598134685,47.43502708555903,5024600
2023-04-21,47.69326400756836,47.941562964007964,46.948367138249544,47.47475971350426,4026800
2023-04-24,47.48469161987305,48.03094854128731,46.8391128471845,47.623738422915814,2716100
2023-04-25,45.706871032714844,47.1867306485538,45.66714229153683,46.97816044048113,5003600
2023-04-26,46.223331451416016,47.147003808751876,46.094214942126825,46.680200590450205,3824900
2023-04-27,48.736122131347656,48.885103030687134,47.16687459168231,47.355580447269546,6533700
2023-04-28,49.40156173706055,49.411492028210965,48.29911377103652,48.63680050127143,3577400
2023-05-01,49.27244567871094,49.69952018824404,48.93475894532991,49.26251159872659,3442000
2023-05-02,48.38850402832031,49.34197115480407,47.85217734889511,49.25258337489987,3989700
2023-05-03,47.792579650878906,49.32210205427611,47.73299032914993,48.51761211226405,5063900
2023-05-04,47.42509841918945,48.011084080002384,47.08741170297961,47.68332765453052,3681000
2023-05-05,49.411495208740234,49.66972447142804,47.9713604197824,48.070682281386645,3345500
2023-05-08,49.639923095703125,49.74917523432545,48.91489065335812,49.242647069225086,2783300
2023-05-09,49.01421356201172,49.38169875350595,48.90496520132202,49.11353542001346,2549600
2023-05-10,50.07693099975586,50.33516403245402,48.99435120235804,49.769042722969814,4756900
2023-05-11,50.3748893737793,50.533800541350736,49.71938033395449,50.1961138366688,3549200
2023-05-12,50.007408142089844,50.66291723332087,49.351899050858826,50.50400605328733,3734600
2023-05-15,50.54373550415039,50.603328618276535,49.6597918160238,50.136525362808655,3573300
2023-05-16,50.63312530517578,51.16945198752801,50.28550826406318,50.28550826406318,2990300
2023-05-17,51.87461853027344,52.03352971392553,50.59339498091135,50.94101579991006,3844700
2023-05-18,53.74182891845703,53.821282617595855,51.9540771173056,51.96400740891987,5006400
2023-05-19,53.503456115722656,54.03978275131252,53.15583910491882,53.81134817439268,3887100
2023-05-22,53.8212776184082,54.168898412483784,53.404137212006944,53.41406750269884,3458900
2023-05-23,52.47053909301758,53.65244080225938,52.36128694223846,53.304819978076594,2703700
2023-05-24,51.914344787597656,52.32155491300436,51.26876600375569,51.84482138487514,3936600
2023-05-25,54.40726089477539,54.81447099265877,53.453793902961785,54.23841943921594,4619400
2023-05-26,57.198143005371094,57.45637223157026,54.71515364724375,54.76481267665808,4786400
2023-05-30,57.684814453125,58.98589853919888,57.227941501162924,58.608483070618504,4644200
2023-05-31,56.92998123168945,57.823858940160626,56.5525657782526,57.13855143408566,4268000
2023-06-01,58.3403205871582,58.74753069705299,56.56249926813951,56.90018597796015,3310700
2023-06-02,59.19446563720703,59.571881085940916,58.310522019145445,58.90644174694755,4404600
2023-06-05,59.26398849487305,60.11813744478845,58.90644120795272,59.11501140584152,3038500
2023-06-06,59.2441291809082,59.55201744473543,58.578686045032256,59.03555518981802,2735100
2023-06-07,57.20808410644531,59.96917137079319,56.98958357798371,59.31366220792477,4121800
2023-06-08,58.588626861572266,58.737603970920595,57.19815110853813,57.277604809108915,3015900
2023-06-09,59.015689849853516,60.07841279165895,58.558820712576384,59.08521703823503,4254800
2023-06-12,61.031883239746094,61.041813530792986,59.25406183178623,59.591748558500726,2649800
2023-06-13,61.92576217651367,62.223723974268864,60.86304287816231,61.9754250019673,3266800
2023-06-14,62.82956314086914,62.928884991742564,60.97228810006,61.935689215455575,4581600
2023-06-15,64.27963256835938,64.81595920281518,62.15419418967294,62.37269468654137,6277200
2023-06-16,63.445350646972656,65.17351305728528,63.32616441954322,65.12385023481897,3394400
2023-06-20,63.29636764526367,63.76316709319323,62.2336484462932,62.93881655238739,2875700
2023-06-21,61.56821060180664,62.99841121988999,61.220589791262796,62.84943033126529,3394800
2023-06-22,62.98847961425781,63.008343986104165,60.93256448742956,61.071615090354015,2382900
2023-06-23,61.71718978881836,62.511745714623544,61.12127379164985,61.56821268389699,2877500
2023-06-26,60.05854797363281,62.472013939536836,60.018819234494536,61.51854314392383,3285800
2023-06-27,62.10453414916992,62.332968735831685,60.3068521184321,60.58494573893488,5378600
2023-06-28,62.31310272216797,62.988472343275966,61.42915532637937,61.42915532637937,4984300
2023-06-29,62.035003662109375,62.392554726932765,61.46888240571935,62.20384890438309,3470900
2023-06-30,63.94194030761719,64.2895648856395,63.18711319698407,63.28643504623919,3142400
2023-07-03,64.24984741210938,64.43854948693001,63.763175948533494,64.14059525314202,1720300
2023-07-05,64.2001724243164,64.7960883565042,63.63405115211567,63.63405115211567,2029000
2023-07-06,63.20698165893555,63.33609817695579,62.16412680105858,62.829566184814055,3540100
2023-07-07,62.7501106262207,64.21010965715207,62.68058722367552,63.077863268399234,3554900
2023-07-10,62.82956314086914,63.018272763158045,61.7767780427993,62.62099293714676,4990400
2023-07-11,63.40562057495117,63.54466738196177,62.18399018497633,62.91895296167274,5457900
2023-07-12,65.01460266113281,65.4615453623233,64.12072483623517,64.80603243157059,5537200
2023-07-13,67.14997100830078,67.44793278978395,65.87868155194059,66.07731768794079,3084000
2023-07-14,67.12017822265625,68.46099112186046,66.80235584967835,67.30888028388861,3701100
2023-07-17,68.341796875,68.66955328985982,67.19962782879271,67.34860112874517,4663400
2023-07-18,69.48397064208984,69.96070791478488,67.40819525494724,68.12328979776696,6250600
2023-07-19,69.30520629882812,70.25867342063901,68.9377286780941,69.85146705597748,4918000
2023-07-20,66.16669464111328,68.81852511624787,65.80914361328826,68.26233799628947,5064600
2023-07-21,65.75949096679688,67.28901336060142,65.6303782446997,67.03078033892471,4060000
2023-07-24,65.96806335449219,66.44480067357524,65.32248456765409,66.10711016058254,5142000
2023-07-25,66.88179779052734,67.43799256007776,66.19649787958105,66.21635846037684,5165300
2023-07-26,66.41500854492188,67.00099045329681,65.58072009907815,66.47459787052397,3491100
2023-07-27,66.04752349853516,68.87813013297578,65.58072024035877,68.31200880608766,8118200
2023-07-28,68.44113159179688,68.79867513660082,67.29895481657312,67.46779629724115,4141300
2023-07-31,68.56029510498047,68.917846148297,68.02396854000568,68.54043452589912,2872400
2023-08-01,68.1729507446289,68.43118374265266,67.41811990751113,68.00410929793254,2604400
2023-08-02,65.15364074707031,66.90166741727326,64.71663976263133,66.90166741727326,6666900
2023-08-03,64.915283203125,65.6502460312725,64.22004911940212,64.26970436682049,3892100
2023-08-04,64.28956604003906,66.40507031915398,64.13065107837735,65.60058416381833,7067200
2023-08-07,65.38208770751953,65.40194829136365,64.09093001063526,64.94507908811562,3057400
2023-08-08,64.23991394042969,64.47827884521786,63.13746583674434,64.4683523415693,5444300
2023-08-09,62.8097038269043,64.38888529461737,62.561404877822,64.32928839414946,3518900
2023-08-10,63.01826858520508,64.98479563722857,62.48194199226931,63.81282439580937,6825900
2023-08-11,62.19392013549805,62.799770181648285,61.67745786318541,62.10453236166045,4441200
2023-08-14,63.6042594909668,63.61419357059159,61.677457227814514,61.9356902556813,2816700
2023-08-15,62.223716735839844,63.50493640442914,61.98534808311323,63.21691250950853,2707400
2023-08-16,60.87297439575195,62.55147401389194,60.863040315582836,62.03501171860083,3187000
2023-08-17,59.51228713989258,61.44901959772511,59.39310471150413,61.339767459726914,4800700
2023-08-18,59.3533821105957,59.79039070778253,58.241003823535706,58.38998471598421,3750000
2023-08-21,61.28017807006836,61.498678557074676,59.70099668794191,59.84997377607243,4128500
2023-08-22,61.09147262573242,62.13433125756142,60.84317367315244,62.124397177763065,3812500
2023-08-23,62.9984130859375,63.36589448969102,61.39936716079878,61.45896027576212,4058100
2023-08-24,60.22739791870117,64.20018146256,60.20753354633288,64.18032087893334,5265200
2023-08-25,61.21065902709961,61.76684625768566,59.383178579299695,60.53528557103825,7493300
2023-08-28,62.134334564208984,62.40249790191537,61.26032114376687,62.19392389120493,2925600
2023-08-29,64.79609680175781,64.92521711517367,61.935695407954256,62.025083188306965,4092000
2023-08-30,65.51119995117188,65.70984367552865,64.47827531696653,64.8457605239141,3696700
2023-08-31,65.82901763916016,66.45473585441721,65.48140061817443,65.4913346980548,2694000
2023-09-01,65.73963165283203,66.83214550447319,65.18343685869203,66.71295928198265,2960200
2023-09-05,65.85881042480469,66.2858849176993,65.08411892082898,65.41187535019795,2206800
2023-09-06,64.69676971435547,65.68003137247854,63.98166757118155,65.55091865453741,3438600
2023-09-07,63.72344970703125,63.99160925384359,62.72031977158074,63.08780117715831,3109800
2023-09-08,63.8724250793457,64.66698482007797,63.55460648729108,63.67378893290427,3263600
2023-09-11,65.38208770751953,65.57078977523031,64.26970557516564,64.9351450074519,3691100
2023-09-12,63.9320182800293,65.25296297452653,63.82276613257333,64.78616729969438,3984900
2023-09-13,64.39879608154297,64.94505666721298,63.59431010762961,64.00152392194376,3658100
2023-09-14,65.42181396484375,65.74956283944977,64.24984254804167,64.96494477896945,3914700
2023-09-15,63.12752914428711,65.0642617958627,62.83950144052253,64.91528090391786,5378000
2023-09-18,63.28643798828125,63.65391558701434,62.72031668180344,62.799770376160005,2573300
2023-09-19,63.008338928222656,63.24670758250273,61.94561974657067,62.78983843293559,3187600
2023-09-20,61.3510627746582,63.64177113676279,61.3112273086742,63.542172973599165,5392200
2023-09-21,59.030479431152344,60.30530549880234,59.00060188246722,60.02643824632425,4289200
2023-09-22,59.08028030395508,60.335190617088024,58.95080458609307,59.638018643045456,3779600
2023-09-25,59.60813903808594,59.6380203887944,58.40302967297226,58.7217362191299,2896500
2023-09-26,57.79549789428711,58.90101296042078,57.47679132738324,58.72174004162711,3440600
2023-09-27,58.104248046875,58.70182192546423,56.869257218699964,58.16400695444675,4776000
2023-09-28,59.0205192565918,59.70773328854554,57.45686417988307,57.71581560618726,4515800
2023-09-29,59.11016082763672,60.62401885335628,58.6719402672765,60.14595902406828,5669200
2023-10-02,60.05631637573242,60.52441823915963,58.96076318816227,59.14999399713343,4711600
2023-10-03,57.9349250793457,59.94676243304291,57.38714846604316,59.199793287826296,5265500
2023-10-04,59.49858856201172,59.77745584857317,58.05444734365225,58.193880986932975,5008400
2023-10-05,59.11016082763672,59.57826273933367,57.93492898923971,59.47866836629601,3308500
2023-10-06,61.06224060058594,61.460621874974514,57.825374224680786,58.09428357951593,5432300
2023-10-09,61.69965744018555,61.878930354337285,59.76749465416834,60.29535547885151,3264400
2023-10-10,62.337066650390625,63.26330871569328,61.639894672306255,61.78929002449634,3896500
2023-10-11,63.24339294433594,63.31310976647376,62.22751436553672,62.805172376715085,3464000
2023-10-12,62.735450744628906,64.00031896245157,61.938680611087825,63.40274136229576,5159500
2023-10-13,61.181758880615234,63.17367678967181,60.69373732121234,62.974484238909774,4853000
2023-10-16,62.586055755615234,62.90476229115657,61.580138965178186,61.62993614899122,3096700
2023-10-17,62.15779113769531,62.705567740590446,60.58417814396303,61.30126592623532,4059100
2023-10-18,60.404903411865234,62.01835562202008,60.03639591628214,61.26142479799984,4914100
2023-10-19,59.31930923461914,61.33114652550761,59.04043817893306,60.922799758227335,8232300
2023-10-20,57.556461334228516,59.32926682466843,57.47678280467637,59.15995564829222,5840600
2023-10-23,57.86521530151367,59.050408920958795,56.401158182319705,57.068448876224096,18384700
2023-10-24,59.0205192565918,59.23963141742127,57.91500813427938,58.472742653799564,4431700
2023-10-25,56.092403411865234,58.23371650808687,55.90317259377558,58.14408005756407,6361700
2023-10-26,53.931175231933594,55.98284810689704,53.50291260673058,55.67410328357508,8540200
2023-10-27,54.44906997680664,55.5247073875205,54.04072698924636,54.7677803127557,7479000
2023-10-30,55.62430191040039,56.0625262489997,54.777738382385266,55.20600100459008,7561300
2023-10-31,56.19200134277344,56.29159951593777,54.817580746642186,55.65418640481339,4007300
2023-11-01,58.14408493041992,58.293476494290196,56.41111467483865,56.43103430987774,6762500
2023-11-02,60.20571517944336,60.255512363689256,59.15995911315301,59.55834038640182,6811100
2023-11-03,61.60005187988281,62.01835656250721,60.534376239806456,60.60409305369695,4335400
2023-11-06,62.078121185302734,62.25739029521133,61.311232362495474,61.84904729078479,3657900
2023-11-07,63.233428955078125,63.532215849734634,62.008396228207886,62.4167392040708,3532800
2023-11-08,63.33302688598633,63.58201661209898,62.526298805639904,63.382824071352516,3018700
2023-11-09,62.327110290527344,63.91068130704442,62.127917749057474,63.52225794078312,4782300
2023-11-10,65.05603790283203,65.13571644198858,62.70557418765991,62.86492746669115,7814200
2023-11-13,64.66761016845703,65.02615597195621,64.00031954471925,64.52817653360326,3949800
2023-11-14,67.4264144897461,67.7650444669949,66.70933046454815,66.87864165389085,5790800
2023-11-15,67.51605224609375,68.2729831097003,67.05791208086332,68.06382506169916,4420100
2023-11-16,67.63557434082031,67.69532944486545,66.77904905620987,67.22722753367562,4449900
2023-11-17,67.6256103515625,67.99411027887643,67.01807481897303,67.33678136077708,2868200
2023-11-20,69.27890014648438,69.49801232497975,67.615650571271,67.63557400489616,5687500
2023-11-21,68.39249420166016,68.70124662029006,67.80488211204118,68.631529802902,4416400
2023-11-22,68.98011779785156,70.01591599955884,68.60164854039174,69.13946727581073,5568100
2023-11-24,68.74108123779297,69.0099944010864,68.39249713589736,68.78092050637584,1297500
2023-11-27,68.62156677246094,69.31873493299106,68.31281435974354,68.56180407401331,2224100
2023-11-28,68.9601821899414,69.16933261703194,68.2032590057744,68.35264674043744,3467300
2023-11-29,68.80084228515625,70.34457401315383,68.7012479153763,69.83664044770708,4970100
2023-11-30,68.43234252929688,69.01996229528267,67.36666669465694,68.88052864204487,3933400
2023-12-01,68.83071899414062,69.01995361340173,67.45629847144032,68.02399473066036,3561800
2023-12-04,67.50609588623047,67.60569026073726,66.22130793897082,67.41646322874347,4261700
2023-12-05,67.83476257324219,68.2630252123059,66.7690868339762,66.82884193756907,3651000
2023-12-06,67.04795837402344,68.920358524972,66.9184864418277,68.88052685242255,2999300
2023-12-07,68.93031311035156,69.1693411137367,67.6754027950939,68.05387203223054,2919400
2023-12-08,69.46813201904297,69.64740492174433,68.19330586586148,68.2331451329688,3997900
2023-12-11,70.66328430175781,70.75292455830633,69.25898613671683,69.30877952496489,2763800
2023-12-12,71.7887191772461,71.80863501183426,70.25494156280293,70.66328075964893,2718000
2023-12-13,73.5814437866211,73.80055596929523,71.82856152235546,72.097467092915,3964400
2023-12-14,73.42208862304688,74.4778025866737,72.30661196059522,73.99974658745379,4359300
2023-12-15,73.95990753173828,74.547519615487,73.47188221633398,73.71091781518784,4360300
2023-12-18,75.03553009033203,75.36419830811259,74.14912739284802,74.24872934870568,3453400
2023-12-19,75.77255249023438,75.83230759076561,75.12517770641453,75.17497868923266,2982600
2023-12-20,73.48747253417969,76.24911431169146,73.45756431959524,75.4914065813176,4083800
2023-12-21,75.19231414794922,75.30198267951684,73.9759959660991,74.92313259269561,3212300
2023-12-22,75.40167236328125,75.97992318469474,74.69381674659712,75.61103746626993,3523600
2023-12-26,76.2790298461914,76.54821140964455,75.67087073674122,75.69080701292339,1812800
2023-12-27,76.56814575195312,76.69775054689502,76.06965523952208,76.38868886322348,2370200
2023-12-28,76.42857360839844,77.05666895350397,76.32886941483328,76.98688058182557,1962800
2023-12-29,75.77056121826172,76.5781134498416,75.07267751274355,76.43853670873796,3762200
2024-01-02,73.21829223632812,74.50439872976908,72.35091596688322,74.41466647813454,4794000
2024-01-03,71.65303039550781,72.61013128531751,71.49350977735867,72.23127362039415,4962900
2024-01-04,70.86541748046875,72.05181980152157,70.785657167992,70.92523391164528,3483000
2024-01-05,71.04487609863281,72.00197705241575,70.52644166135731,70.91526368613282,3796200
2024-01-08,73.9560546875,74.04577933106069,71.41374996421553,71.46360205932376,3563500
2024-01-09,74.24517822265625,74.57418378676046,72.74970668366797,72.81949505123295,2875000
2024-01-10,75.21224212646484,75.59109213317927,74.00589614066185,74.3149577880773,2709700
2024-01-11,75.45152282714844,76.1494064887004,73.59713754775444,75.6509159857743,3890100
2024-01-12,75.55122375488281,76.15938281196473,75.0228250083865,75.86028545044967,3162500
2024-01-16,75.52130889892578,76.08958775074245,74.51435598382564,75.06269856292997,3717100
2024-01-17,74.63400268554688,74.7735794252985,73.0687427271651,74.26511695542514,4780500
2024-01-18,76.76753997802734,76.91708865510103,75.32192051449228,75.79049521332604,4618500
2024-01-19,79.74850463867188,79.79835672907757,77.31587627536763,77.5352056966139,5308000
2024-01-22,79.94791412353516,81.06452804948074,79.71860513153595,80.59594573140205,4145300
2024-01-23,80.58598327636719,80.65577164836606,79.48930559937257,80.18718931936131,2735800
2024-01-24,81.4433822631836,82.99867022617899,81.28386164833198,82.06150562982968,5713800
2024-01-25,81.60289001464844,82.64972306467871,80.72554950856933,82.38053394604871,4000800
2024-01-26,80.60591125488281,81.5430758164334,80.39654616043538,80.86512844121067,3575400
2024-01-29,82.28084564208984,82.34066207163755,80.54610072794958,80.78537405250228,3126400
2024-01-30,81.13431549072266,82.07148011614787,80.81528185748284,81.87208694775866,2583800
2024-01-31,77.96392822265625,80.21710790562659,77.90411178359892,79.44943571439302,7319900
2024-02-01,79.81829833984375,79.92796686098228,78.23310216288746,78.60198027366111,4669300
2024-02-02,82.49020385742188,82.91890598152763,80.09744799279349,80.46633369235093,5252600
2024-02-05,82.19112396240234,82.64973435365452,80.8751092203511,82.43039729558562,3199600
2024-02-06,81.89202117919922,82.85909399512232,80.95485657715223,82.60984873767252,3071100
2024-02-07,83.53704071044922,83.85607433309845,82.43039116799315,82.92888167878016,2915700
2024-02-08,83.80622863769531,84.08538212803028,83.26785793217984,83.54701902887693,2042800
2024-02-09,85.42133331298828,85.72043065878475,83.91588985683933,84.2149872026358,2896800
2024-02-12,84.72344970703125,86.22888555786862,84.47420445414754,85.34157306611152,2593600
2024-02-13,82.06150817871094,83.12827760299054,80.83522574098673,81.59292586598183,5502500
2024-02-14,83.86605834960938,84.0155994392898,82.19112968792483,83.09837859289085,3864000
2024-02-15,84.2847671508789,84.47419595805418,83.06844922212117,84.09533834370365,3865000
2024-02-16,82.75940704345703,84.45427194878877,82.49021787452537,84.42436373143248,3872400
2024-02-20,81.49323272705078,82.52012203979228,80.00773302251997,81.96181505959002,4093100
2024-02-21,80.81527709960938,80.84518531247078,79.29986933252803,80.39654690682706,3723000
2024-02-22,85.531005859375,85.88991964868335,83.8461054376976,84.11529458285978,4482800
2024-02-23,84.98265838623047,86.46816555413936,84.59383640439161,86.08930790572921,3631200
2024-02-26,84.88296508789062,85.66060908162201,84.80320477921005,85.24187887059152,2604500
2024-02-27,85.2917251586914,85.42132994670295,84.264828368651,85.30168949182686,2343000
2024-02-28,84.32466888427734,84.882975903456,83.96575505584458,84.42436547965029,1906500
2024-02-29,85.7802505493164,86.15910061044377,84.19504672276096,85.44127303663464,3050000
2024-03-01,88.34249114990234,88.67149672081524,86.05940364036893,86.07933991450224,3107100
2024-03-04,87.62466430664062,88.45216040773435,87.56484787738242,88.2926397878967,3070800
2024-03-05,84.5041275024414,86.42830149675295,83.54702647610922,86.39839327817425,4232900
2024-03-06,85.54097747802734,86.76725991491746,84.80320602146716,86.12919264884937,3192200
2024-03-07,88.1131820678711,88.58176437629987,86.29867686921526,86.90683591551281,3489200
2024-03-08,85.5010986328125,89.32950228786466,85.2618176996003,88.21288835832208,5310800
2024-03-11,84.85305786132812,85.37148466106244,84.11529401335021,84.91287429035391,4037400
2024-03-12,87.31560516357422,87.43523802558434,84.49414687028444,85.77028144080592,3581600
2024-03-13,85.89988708496094,86.87692421078886,85.49112122165232,86.84701599764168,2072200
2024-03-14,85.45124816894531,86.5678697261776,84.37450676801012,86.37844088535695,3634900
2024-03-15,83.38749694824219,84.49414655589024,82.94882283887193,84.27480950120511,3286900
2024-03-18,84.96273040771484,86.32858964421072,84.87299815356633,85.44127707529984,2780700
2024-03-19,85.36151885986328,85.52103186997746,83.34761291184505,84.15517272162103,2366900
2024-03-20,87.39167785644531,87.51139522578161,85.15700690759246,85.8254117610717,4609900
2024-03-21,88.1498794555664,89.52659505875253,88.08004622086678,89.35700114751799,3151500
2024-03-22,88.29951477050781,88.79832571073692,87.62113158734618,87.94037028464277,2909600
2024-03-25,87.68098449707031,88.28953443939444,86.82302909022812,87.20213026749606,2121200
2024-03-26,87.11233520507812,88.64867368925584,87.03252363443896,88.29950758177235,2503800
2024-03-27,87.69096374511719,88.3094844322577,86.50379128624944,88.27955699400907,3414800
2024-03-28,87.27197265625,87.95035589541615,87.17220437096698,87.62113882098592,2966000
2024-04-01,87.68098449707031,88.67860635514256,86.90284066557408,87.64107870939733,2748900
2024-04-02,86.12470245361328,86.24441221319239,84.91758083993268,85.71567381171467,2982700
2024-04-03,86.4638900756836,87.23206321723703,85.25676846449372,85.28669590432673,2545800
2024-04-04,83.77030944824219,88.34939016756692,83.72042531035706,88.11994140029728,4704300
2024-04-05,85.76555633544922,86.80308402933157,84.04964544215345,84.33895670776737,4516300
2024-04-08,85.81542205810547,86.53371095659696,85.25675629761216,86.11471163622697,2858700
2024-04-09,86.41400909423828,86.81305175312119,84.5584318076796,86.70332034980397,3751600
2024-04-10,84.8377685546875,85.22684049259034,84.07957376822888,84.36888503689403,4737100
2024-04-11,87.58123016357422,87.91044722723288,84.69810339426327,85.58598630322055,3240500
2024-04-12,84.74797058105469,86.29428744685693,84.19928314669778,85.85533141037104,4870700
2024-04-15,81.92471313476562,86.21448273627212,81.61544517024055,86.1945336472307,10187700
2024-04-16,81.92471313476562,82.94228412340173,81.41592383482204,81.86485064513923,4279600
2024-04-17,79.91949462890625,82.68290406781503,79.57032847038008,82.66295497786415,4036800
2024-04-18,78.94182586669922,80.76747594754286,78.75228286295852,80.07911433415057,3874800
2024-04-19,75.69954681396484,78.68244176647605,75.10097519793871,78.49289117042154,5434700
2024-04-22,77.18600463867188,78.05393076982124,75.42020971641857,76.64728793075989,4045000
2024-04-23,79.50048828125,79.91948763481301,77.77459911835848,77.90428721981824,3211500
2024-04-24,80.01924896240234,81.20642141860034,79.16129354870054,80.63777725940272,3170900
2024-04-25,79.17127227783203,79.50048932190558,76.81688405377724,77.22591267421724,3928100
2024-04-26,81.63540649414062,82.19407235395462,80.10904611911204,80.34847325742496,8039900
2024-04-29,82.26390075683594,82.64299433784632,81.21640233118183,82.40356721358982,2536500
2024-04-30,79.13136291503906,82.15415582929965,79.13136291503906,81.61543913003779,2579200
2024-05-01,77.96414947509766,81.19644215350888,77.67483822385472,78.56272106572926,5994800
2024-05-02,79.9294662475586,80.25867567715527,77.60500548460661,79.33088704192662,2715800
2024-05-03,83.12185668945312,83.54085606219404,82.14418387513989,82.75273384513312,2918900
2024-05-06,84.9774398803711,84.9774398803711,83.52091271458481,83.82019473943723,2013400
2024-05-07,84.9375228881836,85.58597860673515,84.67813907851284,85.09714603605808,1911400
2024-05-08,84.84774780273438,85.37648620541464,83.88005331726237,83.91995910762991,1275100
2024-05-09,85.15701293945312,85.37649099315688,84.19929675067903,84.91758579507253,1334500
2024-05-10,85.56602478027344,86.4140094621369,84.94750408962115,85.73562628339666,2287000
2024-05-13,85.94512939453125,86.31424463142967,85.37648520812581,86.27434645277944,1573700
2024-05-14,87.01258087158203,87.22208055129882,85.66579286697362,85.71566939381046,2506300
2024-05-15,89.68621063232422,89.80592038952406,87.38169885996301,87.99024882989919,3231300
2024-05-16,89.31708526611328,90.37456201819253,89.24725203930146,89.59641817336056,2194000
2024-05-17,89.22730255126953,89.57646868376538,88.32944134538673,89.34701230455335,2181600
2024-05-20,90.44440460205078,90.70378081450077,89.20734797286195,89.25723211208366,1788600
2024-05-21,90.75366973876953,90.8434520606012,89.5964246268185,89.67623620928094,1419100
2024-05-22,90.72373962402344,91.15271735305036,89.66625521569472,90.84344938293715,2037600
2024-05-23,89.8458251953125,92.5892853994543,89.10758712607554,92.56933631055644,3516700
2024-05-24,91.54177856445312,92.01066202858766,90.18501230658522,90.45436684382724,2460700
2024-05-28,92.19024658203125,92.21019567176234,91.01305239536299,91.9807392779726,1738300
2024-05-29,90.8933334350586,91.59166573221448,90.45437735613136,90.45437735613136,1840100
2024-05-30,88.9080581665039,90.52420062240034,88.37931221542321,90.48429483677631,1667900
2024-05-31,88.9080581665039,89.22729684024583,85.52612085018313,88.94796395212794,2967000
2024-06-03,89.47671508789062,90.43443124607795,87.41163795683794,90.02540259337478,2087900
2024-06-04,89.9256362915039,90.40449814624748,88.65865984387665,89.34701377030363,1912000
2024-06-05,93.5569839477539,93.57694064877624,90.90331355563261,91.3622187328791,2349600
2024-06-06,93.47716522216797,93.9260996258448,93.00828934149551,93.81636061236273,1637300
2024-06-07,93.2576904296875,94.37502198906519,92.80875604708005,93.2576904296875,1674500
2024-06-10,93.99594116210938,94.10568018529386,92.66910214451612,92.7788411677006,1326700
2024-06-11,95.24297332763672,95.3028282118915,92.83870066004599,93.44725068747552,1613900
2024-06-12,97.74699401855469,98.70471009890555,96.57977064793101,96.84913281470988,2410400
2024-06-13,98.75457763671875,99.45291744781177,97.83676742799662,99.19353365447722,1708900
2024-06-14,99.73225402832031,99.77215981425634,98.46527006141508,98.63487155445584,1943300
2024-06-17,102.15647888183594,102.92464435678096,99.29330143453949,99.82203979682318,2141200
2024-06-18,102.18640899658203,102.48569860368747,101.45814167862592,102.1265541196613,2056900
2024-06-20,100.56028747558594,102.85481320835426,99.85196925044244,102.69519766710772,2835000
2024-06-21,99.96171569824219,100.98927269353993,99.40304984546005,100.43059922950638,1647000
2024-06-24,97.7170639038086,100.20114796176847,97.65720902427985,99.48285896241869,2139600
2024-06-25,99.94175720214844,100.05149621450973,98.21586805330776,98.57501252808095,1841500
2024-06-26,100.34722900390625,100.55695059542862,99.43842782132964,99.56825329627786,1450200
2024-06-27,100.8066177368164,101.45575271471775,99.86785743871239,100.21739341588531,1693800
2024-06-28,99.67810821533203,103.12355394266193,99.48836446325011,101.10621891219475,3210100
2024-07-01,100.89649963378906,101.1162101490054,98.54960640357602,100.09756131037248,2123900
2024-07-02,102.9837417602539,102.9837417602539,100.18743858405266,100.22738664306274,2187200
2024-07-03,104.65152740478516,104.71144568031276,102.62421114343194,102.62421114343194,1905300
2024-07-05,106.7787094116211,106.96846077549934,104.83128927454914,104.96111474391637,2560200
2024-07-08,107.30801391601562,107.50775421019773,106.51906451676405,106.92851878603935,2011000
2024-07-09,107.41786193847656,108.39657026577073,106.7886971976313,107.90721991177996,1957800
2024-07-10,109.68487548828125,109.89459708574118,107.6875182332572,108.25676474616652,2246200
2024-07-11,104.80133056640625,109.7647642306772,104.30199128620697,109.68486811721026,5585100
2024-07-12,105.98975372314453,108.03704783612451,104.84127946491522,105.03102321178173,3273000
2024-07-15,106.57898712158203,108.63626270963049,105.66020458898888,106.7587495839862,2899700
2024-07-16,106.63890075683594,107.50775389048968,105.24074917897165,107.1582179008519,2343000
2024-07-17,100.35720825195312,103.33327376932665,100.31726019448288,103.13353348197545,4305300
2024-07-18,99.36851501464844,101.94510748386429,98.03028942448503,101.85522245296427,3484500
2024-07-19,97.5609130859375,100.19742393212057,97.02162573749374,99.20872665031723,3670700
2024-07-22,100.4171371459961,100.84656925248177,98.55959432438955,99.95773828102836,2675500
2024-07-23,99.72804260253906,101.28597873344638,99.51832101717176,100.03763052103659,1503000
2024-07-24,92.51758575439453,96.99166927647833,92.17803868450875,96.8818140199122,4432400
2024-07-25,90.49027252197266,94.33518377664267,89.43167559775173,92.66739227017409,5028700
2024-07-26,92.31785583496094,93.43637103437273,91.02955947622699,92.15806359543734,2771600
2024-07-29,92.59747314453125,94.21532746272713,91.7286200933914,93.35647094945874,2471600
2024-07-30,90.04086303710938,93.66606348347374,88.73258893641602,93.39641600423003,3926100
2024-07-31,95.38379669189453,96.05290953558882,93.57618321685663,94.13544842262316,4005300
2024-08-01,90.7698974609375,97.14146419416126,89.24192042006678,95.63346499213148,5228100
2024-08-02,86.38569641113281,88.2632093820869,84.72788632562589,87.26453081085992,11589800
2024-08-05,81.38231658935547,83.8890019967125,76.65857110087968,77.08800320158775,6619800
2024-08-06,82.79045867919922,85.54681378906925,80.89296778748206,81.95156468084174,4917700
2024-08-07,80.95288848876953,86.29582533254471,80.79310386768503,85.37703518888364,5231700
2024-08-08,85.92630004882812,86.20592881297458,81.81174183825382,83.26981155081204,4822400
2024-08-09,86.79515838623047,87.36440486773695,84.9076488745902,85.32709966568406,2934700
2024-08-12,87.11473083496094,88.24323482197731,85.99620814726056,87.07478277975959,2682100
2024-08-13,91.40904998779297,91.47895718421658,88.73259106579718,88.78252804294817,2965100
2024-08-14,91.47896575927734,92.37777809705739,89.75125590600749,91.7486132702682,2706400
2024-08-15,96.05290985107422,96.19272424814677,93.66606856193285,93.82585317888154,2620500
2024-08-16,96.2226791381836,96.78194432108847,94.86447566719194,95.25395970173822,2919700
2024-08-19,98.74933624267578,98.76931408129235,95.52360866358106,96.2826065254381,2684500
2024-08-20,98.30992126464844,99.41845509135499,97.61084169124716,98.3598506217617,5268700
2024-08-21,99.2586669921875,99.96772789492626,97.9104523850275,98.62950220732968,2411300
2024-08-22,96.0329360961914,100.43710468048441,95.64344443946867,100.15747589663253,3080700
2024-08-23,98.1001968383789,99.20872301368028,96.17274694154948,97.78062000871711,3251600
2024-08-26,96.16275787353516,98.21004431624186,95.31388263537322,97.71070504446277,2405500
2024-08-27,96.73200988769531,97.14146415200025,94.69470462764755,95.49365055605128,2765200
2024-08-28,94.49496459960938,96.79192063117462,93.08682422475447,96.50230294515526,7429600
2024-08-29,94.20535278320312,97.12149242374367,93.72598370974505,95.25396072621619,4083200
2024-08-30,96.42242431640625,96.60218677372526,94.07552345159884,95.88313694444922,1956900
2024-09-03,90.50025177001953,95.15408979060922,89.5614915070167,95.0941715165665,4375100
2024-09-04,90.02088165283203,91.48894030397987,88.8624185256316,89.25190254091827,3398800
2024-09-05,90.20065307617188,91.84847433075372,88.96229371497849,89.33179992974898,3385800
2024-09-06,85.32709503173828,90.1706843210635,85.0874067014694,89.8311296628388,3920500
2024-09-09,87.46427154541016,87.82379644244135,85.6966061984546,86.92498419986335,2227700
2024-09-10,89.05216217041016,89.24191352817991,86.57544369731674,88.14336867547013,2256700
2024-09-11,92.84715270996094,93.1866997841835,86.1859681296028,89.51156215031122,10986800
2024-09-12,94.74463653564453,95.04423552827964,92.18801427314489,92.88709382791878,3167800
2024-09-13,95.5036392211914,95.97301941887773,94.2752687142342,94.37513505815788,2894200
2024-09-16,94.6347885131836,94.88445816910323,93.33650325467624,94.6347885131836,2494700
2024-09-17,94.73464965820312,96.34252276372474,93.74596000837045,95.85317239835685,2521200
2024-09-18,93.84583282470703,96.83187981868883,93.6560814453214,95.1940474620403,4805400
2024-09-19,98.63948059082031,99.77798118867553,97.50098761227805,98.34987050586366,3782800
2024-09-20,98.19007873535156,98.70938825003107,96.5222873174752,98.24001571261302,2194500
2024-09-23,98.70938873291016,99.15879867252286,98.13016093813373,98.6794295941319,1851100
2024-09-24,99.64814758300781,100.02765032010967,97.53095386786228,99.26865246521885,3003300
2024-09-25,99.88895416259766,100.6183580725372,99.29942851966216,99.37936549212957,1553900
2024-09-26,101.30780029296875,103.0364010982301,99.79902234859478,102.90650161322799,2617400
2024-09-27,100.11875915527344,101.71746804353413,99.63915258736239,101.70747401660003,2368200
2024-09-30,100.61836242675781,100.7782363786111,98.52006635954584,99.68911604543699,3021200
2024-10-01,97.77066802978516,100.58838145141257,96.23191564730647,100.46848361849808,3693000
2024-10-02,98.10040283203125,98.86977521570748,96.3718020407456,97.42095382351326,1710700
2024-10-03,97.9405288696289,99.1295665400941,96.87139665589261,97.17115648611029,2625000
2024-10-04,100.26864624023438,100.41852616213319,98.20032466301733,100.26864624023438,3334800
2024-10-07,98.0104751586914,99.8389934143666,97.54086258936255,99.47928465511215,2222100
2024-10-08,100.93810272216797,101.22786854253766,98.76986370650222,99.05962952687192,1700000
2024-10-09,102.50682830810547,102.74663923274709,100.38855183623762,100.80820951954622,2063200
2024-10-10,102.2870101928711,103.0264081317524,100.99805509611288,101.53761822660766,2137600
2024-10-11,102.49684143066406,102.93647954405925,101.19789227608273,101.43769557640825,2444700
2024-10-14,104.21544647216797,104.79497046937522,103.30618055497548,103.535997446937,4972900
2024-10-15,101.41770935058594,104.62510594334155,100.51843749672712,104.35532819878843,5470900
2024-10-16,101.44768524169922,101.75743147560075,100.07880082229507,101.52762221277354,4731300
2024-10-17,101.6075668334961,103.72584336397834,101.55760431701087,103.7058629313101,1965900
2024-10-18,102.8465576171875,103.30618379230461,102.36694338655553,102.67669726135914,1380900
2024-10-21,103.23623657226562,103.55597683838548,101.49764935168952,102.32697828741607,2296400
2024-10-22,103.43606567382812,104.0455717136221,101.75742746349881,102.08716173877269,1945300
2024-10-23,100.2386703491211,102.67669468244642,98.85979185840283,102.41690332974552,2291300
2024-10-24,101.84735870361328,102.11713644199085,100.67830913196235,101.73744727825715,1655800
2024-10-25,103.01641082763672,105.07474587995131,102.67669013954355,102.97644234258887,3464500
2024-10-28,103.05638885498047,104.34534403008793,102.93648338873452,104.34534403008793,1767800
2024-10-29,105.00479888916016,105.5043935344561,102.39692185406791,103.15630022620704,2314500
2024-10-30,103.41609191894531,105.06475577852689,103.22624351367678,104.65508450888623,2130600
2024-10-31,98.2003173828125,101.72745418372297,98.16034889838863,101.72745418372297,4399600
2024-11-01,99.5692138671875,100.92811190590388,98.66994198521206,98.75986536180497,2679600
2024-11-04,98.94970703125,100.35856748766233,98.27025805813368,99.31940978623685,2330300
2024-11-05,101.4776611328125,101.75743291231355,99.57920759385277,99.62916248407268,2088800
2024-11-06,106.99319458007812,107.31293485864023,104.51520170381455,104.93485939007554,4768600
2024-11-07,110.3604507446289,110.67020459908662,108.1422569903836,108.16223742137647,2570800
2024-11-08,110.51033020019531,110.84006448427901,109.81090077020781,110.02072959920406,1729300
2024-11-11,110.37044525146484,111.10984317276046,109.13145269787584,110.9999317437992,2537400
2024-11-12,109.98075866699219,110.7201565655565,108.66182918321395,110.33047337420443,2145700
2024-11-13,109.6710205078125,110.83007614025456,108.71179968755406,109.74096345439771,1646800
2024-11-14,108.09230041503906,109.8708561762462,107.75257208382797,109.50115338529491,1969500
2024-11-15,102.86653137207031,105.77417578076036,102.02721605195921,105.63428989407517,3546900
2024-11-18,104.33534240722656,105.21463384927124,102.97644438152953,103.54598196412246,2168000
2024-11-19,105.72421264648438,105.95402952937758,103.09634764983267,103.19626505070444,2391600
2024-11-20,105.59432220458984,105.72421406514519,102.81657725775278,105.59432220458984,2976700
2024-11-21,106.36369323730469,107.14306726037321,103.26620806877202,106.87328189229322,2683500
2024-11-22,106.63348388671875,106.92324970005552,105.39449128258276,106.0539522600452,1934900
2024-11-25,106.96321868896484,109.01155220061924,105.9840098109144,108.36207762445196,2330900
2024-11-26,108.08230590820312,108.42203423790802,107.2230024911495,107.57272484845998,1581300
2024-11-27,106.36369323730469,107.58270534917067,104.91487186558734,107.58270534917067,1814100
2024-11-29,108.12227630615234,108.40204809837729,106.30375203348063,106.52357490543154,1299200
2024-12-02,110.48035430908203,110.92000001549057,108.5419247379632,108.68181062214612,2636500
2024-12-03,111.1797866821289,111.25972365327283,109.69099680481703,109.88084520548153,1639600
2024-12-04,113.8875961303711,113.97751950535822,112.33884971555798,112.6286155180873,2269600
2024-12-05,113.25810241699219,114.20733679898608,113.07824804316665,113.87760250977107,1216800
2024-12-06,115.23650360107422,115.31644057450747,113.44795384235437,113.4779283015895,2264000
2024-12-09,113.38800811767578,115.11660138340517,112.88841345445996,114.74689858827001,2025200
2024-12-10,112.55867004394531,114.67694636580994,111.98913247886921,113.87759954323782,2093800
2024-12-11,116.6153793334961,116.91513916518474,114.32723497968637,114.46712086828528,1963600
2024-12-12,115.08662414550781,116.16575042157768,114.89677573864107,115.61619325602098,1769900
2024-12-13,116.78524017333984,117.93430936871535,115.40636171281477,116.76525974197392,1789500
2024-12-16,120.15251159667969,120.58216329442779,117.87436124516299,117.91432973137319,2039300
2024-12-17,119.08338165283203,119.81279319955944,118.34398370176724,119.3231849514891,2113500
2024-12-18,110.4903564453125,119.51303475336307,109.81090740518151,118.74365471068043,4551500
2024-12-19,109.42122650146484,112.6885722813954,109.30132103659035,112.4487689748561,4822300
2024-12-20,111.3596420288086,113.91757176530433,107.30293599791652,107.79253660983575,4993800
2024-12-23,113.45010375976562,113.59006626251566,110.55086632337249,112.00048122787689,2405200
2024-12-24,116.50929260253906,116.50929260253906,113.98995235169579,114.25988547797823,1420900
2024-12-26,116.29934692382812,117.02915028524536,114.84972444672528,115.73948930660245,1597800
2024-12-27,113.13018798828125,114.83973651802344,111.10071645063078,114.6797750140693,3096800
2024-12-30,110.1009750366211,111.74054224231402,108.49139870473972,110.06098466241103,3298200
