Price,Close,High,Low,Open,Volume
Ticker,QQQ,QQQ,QQQ,QQQ,QQQ
Date,,,,,
2015-01-02,95.12329864501953,96.28761602332015,94.66126592504187,95.88103202378049,31314600
2015-01-05,93.72793579101562,94.81833303546136,93.45995603050983,94.70744267075126,36521300
2015-01-06,92.47120666503906,94.02363652304848,92.05538013434614,93.8665471270141,66205500
2015-01-07,93.66325378417969,93.88502746893252,92.85931448312049,93.08109521793165,37577400
2015-01-08,95.45594787597656,95.64075811511272,94.35630791795793,94.45795566450043,40212600
2015-01-09,94.82757568359375,95.77936173488614,94.27313090997342,95.75164090621675,41410100
2015-01-12,93.83885955810547,95.1140674809261,93.59860054074134,95.01241970627437,34129800
2015-01-13,93.81112670898438,95.75166990422491,93.05339327895932,94.75367746954011,56162300
2015-01-14,93.29363250732422,93.77415041478397,92.47121494846378,92.86856331229986,51354200
2015-01-15,92.08309936523438,93.87578107428705,91.97220900227995,93.72793430707252,51005400
2015-01-16,93.16426849365234,93.28439445137431,91.81513392592748,91.96298071619611,35362200
2015-01-20,93.90351104736328,94.14376293070367,92.67450260158603,93.7279363979499,30964100
2015-01-21,94.38402557373047,94.8275800028182,93.29362827936737,93.62629233866855,40128800
2015-01-22,96.13053131103516,96.23217907842644,93.92201536509748,94.75367571190795,40887200
2015-01-23,96.34306335449219,96.6387640090115,95.84406717810467,96.12128257605792,34783000
2015-01-26,96.23217010498047,96.40774478684075,95.74241657143284,96.23217010498047,19960900
2015-01-27,93.73717498779297,94.77212348699001,93.42298915763823,94.71668183169243,45253200
2015-01-28,93.25668334960938,95.34507323676594,93.23820514266988,95.24342547344904,43591700
2015-01-29,94.15300750732422,94.32858216037451,92.36956129757957,93.18273617738926,46539700
2015-01-30,93.42301177978516,94.79063169210713,93.29364318605924,94.0698617984743,42927600
2015-02-02,94.23617553710938,94.31933802402824,92.1755069660679,93.63553172581507,43624700
2015-02-03,95.14176177978516,95.2064460683326,93.95895933202713,94.5780813867038,30750400
2015-02-04,95.05860900878906,95.68697375467909,94.54112759742942,94.75366573871169,34073200
2015-02-05,95.8810043334961,95.94568861360986,95.05858689345352,95.29883876241448,23605500
2015-02-06,95.29886627197266,96.25989517540633,94.95696657127267,96.02887881544804,34169300
2015-02-09,94.99392700195312,95.44671707899816,94.76291064937061,94.9292427052324,22604700
2015-02-10,96.47241973876953,96.60178831811757,95.37277976425241,95.52063359782665,23686500
2015-02-11,96.82356262207031,97.04533632375548,96.39849342298254,96.5833036660437,20303600
2015-02-12,97.95094299316406,97.98790645916871,97.30409996323331,97.45194677719165,22520300
2015-02-13,98.79183959960938,98.81031780638776,98.04334179897792,98.22815911706091,29030200
2015-02-17,98.88421630859375,98.94890058881386,98.54230965596877,98.79181120114472,17675300
2015-02-18,99.02286529541016,99.0783069710321,98.63475241587501,98.7641210256999,15149600
2015-02-19,99.51258087158203,99.5772651517776,98.93041529976415,98.95813612698257,19828100
2015-02-20,100.17792510986328,100.2333667732573,99.13372678221637,99.44791265825332,28336700
2015-02-23,100.27957916259766,100.30730704804584,99.90071599552434,100.12248972869067,17868000
2015-02-24,100.35348510742188,100.47361810239909,99.84525344809606,100.1501896236682,19745000
2015-02-25,100.10401153564453,100.59376509439878,99.88223075238763,100.20565929878899,19472300
2015-02-26,100.61219787597656,100.66764657178624,99.9283917281486,100.20561405702688,22255500
2015-02-27,100.1686782836914,100.63995355296221,100.01158887728734,100.57526221496906,27757600
2015-03-02,101.07424926757812,101.11121272166905,100.34423691191287,100.36272216398734,22988600
2015-03-03,100.6030044555664,100.87098427242034,99.96539706201536,100.76933651257714,20788900
2015-03-04,100.21488952636719,100.41818504180138,99.66969432593866,100.27033824425074,21007400
2015-03-05,100.39046478271484,100.69540805761221,99.97463817153445,100.47363433498664,15381000
2015-03-06,99.25385284423828,100.45513345079455,99.00435127629814,100.26108059242911,30990400
2015-03-09,99.54032135009766,99.78981589437652,99.05056783906417,99.45715180196525,26237100
2015-03-10,97.69219970703125,98.85652413857323,97.69219970703125,98.82879625324857,34234500
2015-03-11,97.12852478027344,97.96018513610075,97.0915613144522,97.84005210966666,25459700
2015-03-12,97.76612091064453,97.87700424521212,96.98990231837429,97.05458661355853,21473200
2015-03-13,97.34105682373047,98.06183383902255,96.73117725701907,97.67372096923134,42021100
2015-03-16,98.59780883789062,98.63477231244835,97.59982322507967,97.70147101759794,25674100
2015-03-17,98.7548599243164,98.91194933135417,98.09877441545987,98.32979073759493,19603800
2015-03-18,99.72512817382812,100.17792525908352,97.97864527372572,98.48688402245772,40622200
2015-03-19,99.87296295166016,100.1501782662027,99.67891011646309,99.8267568742076,31314000
2015-03-20,100.51944732666016,101.01959101223305,100.50092662701921,100.6954257714744,31761400
2015-03-23,100.32495880126953,100.74174171689256,100.2879103317939,100.46388879523488,17268500
2015-03-24,99.96377563476562,100.77882101372562,99.94525492749901,100.31572560303297,22445300
2015-03-25,97.67605590820312,100.21381607180354,97.6390074377371,100.12119842877507,41581400
2015-03-26,97.34260559082031,97.89831839452549,96.54608131454327,96.87024652784865,47846300
2015-03-27,97.73162841796875,97.96317606658306,97.17591547454909,97.32410936147352,33878400
2015-03-30,98.85234069824219,98.93569447295356,98.32441225957979,98.32441225957979,30570200
2015-03-31,97.80574035644531,98.7782434562334,97.77795576495558,98.57448036360927,30488100
2015-04-01,97.29632568359375,97.82425404471758,96.66651579082556,97.80572627554213,32970500
2015-04-02,97.36114501953125,97.67604638839137,97.0462365843986,97.3889296031045,19164200
2015-04-06,98.1576919555664,98.42628103603226,96.63873273041882,96.78692663190606,24451100
2015-04-07,97.99095916748047,98.82452497671999,97.99095916748047,98.10209750670023,19379400
2015-04-08,98.76896667480469,98.90789668038889,98.01875453743304,98.02801135587133,25866900
2015-04-09,99.38951110839844,99.42655958038242,98.38923062992487,98.72265274523372,23114700
2015-04-10,99.79702758789062,99.80629147155958,99.13016928918228,99.35245303332745,17164300
2015-04-13,99.54696655273438,100.38053242092167,99.43582113938184,99.87113184217091,17783500
2015-04-14,99.25982666015625,99.7321857578838,98.69484993270837,99.44506898586911,23755700
2015-04-15,99.8803939819336,100.09342093564115,99.39877796429185,99.51918020213385,21128600
2015-04-16,99.74146270751953,99.91743410715989,99.47286659975218,99.61179659566952,16195300
2015-04-17,98.18545532226562,99.05606957335614,97.75940854699311,98.78748055094711,46514000
2015-04-20,99.65811157226562,99.83409005528783,98.63930328027809,98.67635175387612,28945900
2015-04-21,100.08415985107422,100.40833223312627,99.96375760986345,100.23235374758646,22759800
2015-04-22,100.63060760498047,100.79732219149251,99.69515314364766,100.34348372104267,21429200
2015-04-23,101.0103530883789,101.46419160834728,100.2694047856927,100.28792549009336,29473200
2015-04-24,102.38111877441406,102.520048789885,101.90875954832252,102.07547415363283,32508100
2015-04-27,102.12175750732422,102.95533029710586,101.89946671920104,102.76082409093006,31121300
2015-04-28,101.91804504394531,102.39040437019383,101.05668724491595,102.19589806752779,36849200
2015-04-29,101.27896118164062,101.94581967912458,100.72324812249563,101.35305814053326,34043900
2015-04-30,99.68588256835938,101.11221680916555,99.15795425755155,100.70469778770153,44080500
2015-05-01,101.00108337402344,101.06591643055935,100.05636504590207,100.0748928142113,32874300
2015-05-04,101.16780853271484,101.79761846187333,101.11223228825085,101.32525924843598,23507300
2015-05-05,99.51915740966797,100.95475538151021,99.47285212861402,100.76952012475022,47843300
2015-05-06,98.83378601074219,99.9822602359604,98.17619161298529,99.69514344622401,42687200
2015-05-07,99.42656707763672,99.70442710533187,98.73192407467288,98.80602102422813,29335800
2015-05-08,100.66767883300781,100.88069875676159,100.30646499162104,100.45465184297912,33023300
2015-05-11,100.27864837646484,100.9362498894633,100.20455850236168,100.73248683656497,19679300
2015-05-12,99.82479858398438,100.33420612234154,98.91713596362123,99.68586861295316,33665000
2015-05-13,100.02857208251953,100.7787841119312,99.88037821354939,100.26011970308092,20738400
2015-05-14,101.4919662475586,101.57532000860051,100.47315801483026,100.84362859671445,23904200
2015-05-15,101.4919662475586,101.89022848273015,101.24189083188601,101.75129848138688,23937400
2015-05-18,101.9365234375,102.14028647664183,101.25114445097327,101.32524138634716,17631100
2015-05-19,101.82540130615234,102.20513579440079,101.65868670816494,102.04768508137762,14212900
2015-05-20,101.89025115966797,102.50153340884404,101.35305880359431,101.89950797988391,21131900
2015-05-21,102.41815185546875,102.55708185005756,101.5660582525246,101.71424506481908,16771800
2015-05-22,102.31629180908203,102.68676951699966,102.23293096832015,102.29776403723515,13543800
2015-05-26,101.13999938964844,102.2329044581516,100.7324803762605,102.09398153669702,25488400
2015-05-27,102.77013397216797,102.88127941597673,101.2233969771079,101.44568079845016,30572700
2015-05-28,102.53856658935547,102.81642661242535,102.22366515839859,102.57561506351638,17302400
2015-05-29,101.92728424072266,102.61266334573268,101.68647269226415,102.47373333445762,30383000
2015-06-01,102.26998138427734,102.54784143705108,101.43640829223084,102.47374448080812,24570200
2015-06-02,101.9457778930664,102.44592156117793,101.39006506169984,101.89020872981136,19449600
2015-06-03,102.25141906738281,102.63115344761525,102.00134370839909,102.4088697356189,20507200
2015-06-04,101.4734115600586,102.32551204465975,101.14924635376705,101.67717456580515,31374600
2015-06-05,101.2326431274414,101.593856923689,100.61209000774446,101.35304537076593,22641700
2015-06-08,100.20455932617188,101.26041600325895,100.00079627159836,101.18631906227345,24549200
2015-06-09,100.03785705566406,100.39907085458833,99.28763780182018,99.96376010555804,27554600
2015-06-10,101.40860748291016,101.70498819420997,100.26939699452508,100.38053534484155,30297900
2015-06-11,101.55680847167969,102.01990380710342,101.38082998301097,101.75130766460477,17593500
2015-06-12,100.72320556640625,101.23261311072214,100.58427559374992,101.01958621047952,27201800
2015-06-15,100.22307586669922,100.38052656005063,99.38950298090802,99.97300753409833,31238800
2015-06-16,100.76952362060547,100.9362381839819,100.0748807842491,100.12118606690946,16456900
2015-06-17,101.0473861694336,101.37155144411612,100.42684020557375,100.93624782741273,23296700
2015-06-18,102.52005004882812,102.69602147539639,101.36231168281019,101.4178808631713,43032400
2015-06-19,102.0132064819336,102.65375031594189,101.93893909312985,102.57019773290567,27877600
2015-06-22,102.76510620117188,103.0714537544674,102.53302600913442,102.76510620117188,19120900
2015-06-23,102.84869384765625,102.9415245396422,102.4216669984986,102.87654234699926,18127900
2015-06-24,102.31951904296875,103.16428728255487,102.29167055235418,102.72798245871732,15815900
2015-06-25,102.11528778076172,102.82081357035415,101.94818975381945,102.71869771597135,18326700
2015-06-26,101.43762969970703,102.32882406725689,101.05702178332969,102.09674382378654,32311700
2015-06-29,99.04254913330078,100.87134225570517,98.99613025995548,100.31434410566423,50874900
2015-06-30,99.39530181884766,99.99871171920809,99.08895427339195,99.78519483168662,34809900
2015-07-01,100.18437957763672,100.58355780709509,99.72021917512818,100.37932609678722,21293000
2015-07-02,100.21223449707031,100.55571576666975,99.90589399448284,100.4721702884712,20499400
2015-07-06,99.98014068603516,100.55570209351403,99.3674526816449,99.58096248524865,24311000
2015-07-07,100.23078918457031,100.3236198399847,98.24418341209734,100.09153966018623,44230800
2015-07-08,98.48553466796875,99.63665737699898,98.29987337039587,99.51597115930456,39691500
2015-07-09,98.42987060546875,99.88733423454829,98.42058541272822,99.79450355472369,28381000
2015-07-10,99.93374633789062,100.3050761145311,99.37675521419311,99.73879979872282,26415800
2015-07-13,101.68830108642578,101.77184659151625,100.78782842474372,100.79711361948547,25780700
2015-07-14,102.35665130615234,102.63514329096422,101.77180468124898,101.82750874423175,21977200
2015-07-15,102.46807098388672,102.86724930324006,102.18029373593221,102.55162355806765,28631500
2015-07-16,103.91624450683594,103.93480780864837,103.10860276872931,103.31283450129833,29838900
2015-07-17,105.44793701171875,105.44793701171875,104.57532043522458,104.75169653889105,35926800
2015-07-20,105.81002807617188,106.19063599383288,105.34586758766574,105.67077851311464,26539000
2015-07-21,105.74502563476562,106.0142324339067,105.43867807122845,105.84713440675239,35468900
2015-07-22,104.54747009277344,105.05804218093148,104.12972156698135,104.12972156698135,35575000
2015-07-23,104.1575927734375,104.99308292475372,103.88838596928771,104.64960875548121,25698300
2015-07-24,103.13642883300781,104.90023958771329,102.97861601308006,104.71457827986004,30844700
2015-07-27,102.28238677978516,102.99719068473263,102.05959176925325,102.55160066366881,35994800
2015-07-28,103.16427612304688,103.36850780882897,101.92032979331934,102.73724945392289,33553500
2015-07-29,103.55419921875,103.77699425162268,102.98792290319852,103.38710117346389,26714100
2015-07-30,104.04618072509766,104.22255683345283,102.69083341853266,103.31280655765384,25438100
2015-07-31,103.92548370361328,104.42677765516666,103.71197394134583,104.37108068805755,22081700
2015-08-03,103.60061645507812,104.23187498347487,102.91366093616975,103.9440977557957,25001800
2015-08-04,103.40564727783203,103.73984331282435,102.97862058479188,103.55418199672872,22132300
2015-08-05,104.2040023803711,104.90024293079674,103.86052115911873,103.98120738734193,28989900
2015-08-06,102.53305053710938,104.43611140007717,102.06889004199792,104.29686183503831,42125400
2015-08-07,102.40306091308594,102.64442629413219,101.55829270321206,102.28238176382548,30006800
2015-08-10,103.57275390625,103.79554892059274,103.04361132060737,103.05289651194168,21500800
2015-08-11,102.2452621459961,103.42423364121936,101.6789858371143,103.02505537565558,36123300
2015-08-12,102.59801483154297,102.80224654698135,100.46288117588236,101.53972965384035,41889000
2015-08-13,102.430908203125,103.19213801770401,102.20811320612825,102.70012207065349,22510500
2015-08-14,102.5887222290039,102.73724985764056,101.98531235932879,102.18954404591344,17924900
2015-08-17,103.4427719116211,103.47062039834759,102.0781394018253,102.33806805463885,21224900
2015-08-18,102.91363525390625,103.3870808026864,102.77438572985032,103.30352825524285,13984400
2015-08-19,102.2359390258789,103.14569627588655,101.64181444394383,102.59798347166672,42511400
2015-08-20,99.40458679199219,101.61398760910608,99.3953016014615,101.28907676578422,57747300
2015-08-21,95.06005096435547,98.83831632226295,95.06005096435547,98.00282618902868,97763400
2015-08-24,91.40248107910156,95.1807471115739,78.66591634579625,87.47568737560616,150829900
2015-08-25,91.0589828491211,95.3756759371178,90.98472256867507,94.75370270791332,75088300
2015-08-26,95.64488983154297,95.8305582390021,91.83877601020025,93.7232660801257,104103800
2015-08-27,98.06780242919922,98.13278459771291,95.87696491570122,97.02808065045477,69377700
2015-08-28,98.04926300048828,98.40202241793723,97.33445189029385,97.54796882883329,49919600
2015-08-31,96.83316040039062,98.03998052289278,96.59180204191188,97.50155264777476,39549400
2015-09-01,93.80680084228516,95.88623703375312,93.41690080183399,94.4194887643812,73155500
2015-09-02,96.4525375366211,96.47110083727215,94.41022742123201,95.50564630531973,43963600
2015-09-03,95.97908020019531,97.49224044814444,95.709866337212,96.83313357636814,45131800
2015-09-04,94.83724975585938,95.47778624735592,94.30810013730222,94.66086654967366,49379600
2015-09-08,97.51081085205078,97.63148999788893,96.25757927633475,96.65675747567654,37343500
2015-09-09,96.4154052734375,98.68978855184383,96.16475467453613,98.66194005919392,47146700
2015-09-10,97.46439361572266,98.10493720000095,96.19259872030379,96.303992677552,47686700
2015-09-11,98.0028076171875,98.0028076171875,96.74029100677895,97.01879002592246,29106100
2015-09-14,97.70578002929688,98.38345743939855,97.33445023263266,98.36488705417561,19718800
2015-09-15,98.85688781738281,99.1632354053867,97.57580756190231,97.93785213589737,30020200
2015-09-16,99.41387939453125,99.5067171483234,98.53197739371565,98.87545866817841,31329100
2015-09-17,99.45101928710938,100.93633845018019,98.99614401174543,99.31177681278231,56139800
2015-09-18,98.03652954101562,99.19975368625728,97.86902498011055,97.92486456691675,48384000
2015-09-21,98.34363555908203,99.15324222825492,97.45958793048267,98.57628041921424,35772600
2015-09-22,96.87329864501953,97.17108372145955,95.9706356352543,96.836074622995,47359700
2015-09-23,96.94776153564453,97.39444276858742,96.44524781099278,97.13387457451229,21775100
2015-09-24,96.59414672851562,96.95707213468299,95.17035425075419,96.0078771495087,38284300
2015-09-25,95.77523803710938,97.72015283526798,95.17966774000769,97.62709630755046,44700000
2015-09-28,93.04861450195312,95.43090214020933,92.76944499496041,95.36576187860209,44077500
2015-09-29,92.56474304199219,94.23048118170615,91.89472467297227,93.28128612567524,49315500
2015-09-30,94.69575500488281,94.79811929959159,93.52322305624571,93.88614842848344,41411400
2015-10-01,95.12383270263672,95.13314048508727,93.60698365229906,94.86327159208389,39339100
2015-10-02,96.7895736694336,96.7895736694336,93.504629242125,93.80241439163224,59370900
2015-10-05,98.17610931396484,98.43667036386083,97.292061880424,97.50609112865737,32853500
2015-10-06,97.7108154296875,98.2691615264774,96.9477407741316,97.94346022832961,33051500
2015-10-07,98.29708099365234,98.51111733932291,97.05010823987269,98.32500433420107,37389300
2015-10-08,98.68792724609375,98.85543178650184,96.9756578219492,97.92485258418039,50188900
2015-10-09,99.13461303710938,99.32073315948678,98.46459479606419,98.73446364869388,23916200
2015-10-12,99.3765640258789,99.56267704546481,98.967106863082,99.32073153995445,16162000
2015-10-13,98.73445892333984,99.81393428219575,98.64140241648312,98.80890696872778,26999600
2015-10-14,98.5762710571289,99.22767376373037,98.16681387026112,98.73446784305256,30902600
2015-10-15,100.19548034667969,100.20478812843085,98.80891905556068,98.93919960104797,38393800
2015-10-16,100.61426544189453,100.67009794404834,99.92563144979059,100.40953680098572,27091100
2015-10-19,101.19116973876953,101.25630999203212,100.26059063515815,100.48393473184858,23776300
2015-10-20,100.67005920410156,101.22840531005227,100.32574234054992,101.01437606765319,23404700
2015-10-21,100.0558853149414,101.2842497327672,100.01866838994506,101.18189253939208,30195200
2015-10-22,102.09387969970703,102.17763554954011,100.66078636710905,100.9492708501359,42778700
2015-10-23,104.95073699951172,105.37880264463539,104.29002651901061,104.83907202237499,53170900
2015-10-26,105.01587677001953,105.2206053601392,104.47613905056895,104.8762884495055,25918000
2015-10-27,105.22991943359375,105.37880844455637,104.70879014583123,104.73671349140922,31390500
2015-10-28,106.1046142578125,106.1046142578125,104.54124125674406,105.38807155304353,42221900
2015-10-29,105.93714141845703,106.1139537528967,105.50907580327991,105.62074787236125,24913300
2015-10-30,105.46257781982422,106.16051245396268,105.43466157042,105.98370007472496,27199200
2015-11-02,106.65367889404297,106.78395940943787,105.5183711743826,105.74170818652306,22176900
2015-11-03,107.02595520019531,107.4074891208505,106.28148872608786,106.43968554441419,20418400
2015-11-04,107.03521728515625,107.45398218823769,106.58854324157649,107.37953414772242,28633000
2015-11-05,106.74676513671875,107.38886721277504,106.1884189009017,107.12830610937759,25004100
2015-11-06,106.82120513916016,106.94217789954115,105.86270953833406,106.54202849242611,29924900
2015-11-09,105.68589782714844,106.56064469909246,105.03449511384359,106.42105637488226,33479800
2015-11-10,105.41603088378906,105.51839518342724,104.8111528676791,105.1275535483127,35452100
2015-11-11,105.28572082519531,106.216299943042,105.10890852088276,105.70447858832424,22748800
2015-11-12,104.26212310791016,105.36951493253318,104.1876750474842,104.85769339180209,31196900
2015-11-13,102.21484375,103.93642141853607,102.15901125472044,103.82474932821917,52836000
2015-11-16,103.6851577758789,103.70377334023351,101.8798385201487,102.11248337627825,33980600
2015-11-17,103.75029754638672,104.4947639222791,103.48973644475164,103.86196963269784,30579500
2015-11-18,105.74171447753906,105.84407875997593,104.0666761371972,104.16904041963407,32966500
2015-11-19,105.81616973876953,106.30007494326026,105.61144115992781,105.79756127694597,26188100
2015-11-20,106.53272247314453,106.61647120311451,106.21632181604791,106.31868610807123,22727600
2015-11-23,106.22565460205078,106.96081328156325,105.7696726210017,106.56996448376282,20696200
2015-11-24,106.13255310058594,106.38380634293983,105.00654610036433,105.53698302264934,26374400
2015-11-25,106.22565460205078,106.4210754510718,106.00231750313507,106.29079488505779,14159900
2015-11-27,106.37450408935547,106.58854042524251,106.01157877612783,106.45825990766109,8828000
2015-11-30,106.1046142578125,106.6908835705596,105.76030457229874,106.6908835705596,25041600
2015-12-01,107.16552734375,107.16552734375,106.40244541833188,106.53273306639058,28639400
2015-12-02,106.5047836303711,107.7145393965412,106.34658687472357,107.2492498095151,22395500
2015-12-03,104.699462890625,106.97937898425403,104.07596945992675,106.79326599284757,42754300
2015-12-04,107.14688873291016,107.32370105318334,104.80183226814333,105.0158615087053,40037300
2015-12-07,106.6629867553711,107.28647309377521,106.15116537324495,107.22133283602786,25892100
2015-12-08,106.67230224609375,107.01661914185384,105.50907812498664,105.54630214883286,30792600
2015-12-09,105.0531005859375,106.79328649872683,104.4109985727078,106.20701697368861,48509200
2015-12-10,105.52767944335938,106.23492160146547,104.97863404042991,105.29503465053881,30154600
2015-12-11,103.09890747070312,104.58783330582835,103.03376718728384,104.30865660559807,56022200
2015-12-14,103.88056182861328,103.92709363222835,101.78675846155082,103.23846695721515,53098500
2015-12-15,104.51334381103516,105.41600673757986,104.38306329583855,104.83905219878224,48428000
2015-12-16,106.06745147705078,106.24425674911974,104.1225366862286,105.22062074857236,44944100
2015-12-17,104.52269744873047,106.53275273609005,104.50408898114767,106.53275273609005,45668800
2015-12-18,102.51768493652344,104.43119473646347,102.51768493652344,104.1978393617312,53746100
2015-12-21,103.65644836425781,103.67511365865232,102.72302697285141,103.48843222894706,26432800
2015-12-22,104.33785247802734,104.4872033339535,103.65645878182642,104.20717403981234,26540300
2015-12-23,105.112548828125,105.18722422398235,104.69251218894335,104.87919355714904,25656900
2015-12-24,105.09391784667969,105.38328333933599,105.04725104695098,105.11259026372359,11468600
2015-12-28,105.03793334960938,105.05660576994399,104.08584643435611,104.8419156647467,19183600
2015-12-29,106.69007110595703,106.92342646085069,105.5979626327601,105.6633018472727,27725700
2015-12-30,105.72864532470703,106.63406527763091,105.70998002899668,106.59672756476965,19520100
2015-12-31,104.41253662109375,105.55131206753923,104.39386420182404,105.35529439385553,29886800
2016-01-04,102.20963287353516,102.30297357972539,100.92151403665535,102.16295895972034,50807600
2016-01-05,102.03227996826172,102.84435906253515,101.55624023295876,102.71368065032186,38795200
2016-01-06,101.05221557617188,101.64026856904617,100.25880870981864,100.25880870981864,41891100
2016-01-07,97.88790893554688,100.1467871102557,97.83189880659083,98.8959986780302,61386300
2016-01-08,97.08516693115234,99.21336669602626,96.9824900020189,98.59730512122565,69344000
2016-01-11,97.38385009765625,98.06524368775425,95.89037737815411,97.77588535125562,50024100
2016-01-12,98.5132827758789,99.01733112180565,97.15048856123514,98.3172651615917,46734200
2016-01-13,95.11566162109375,99.15737882241018,94.96631074812575,98.91468721455796,69870700
2016-01-14,97.14115142822266,97.99056820347417,93.96751768122441,95.48899891130368,78445700
2016-01-15,94.12622833251953,95.15299776356693,92.88478304837932,93.92088156775152,91443900
2016-01-19,94.33158111572266,95.55436820891535,93.23014338374834,95.40501734016699,56563800
2016-01-20,94.04219055175781,95.05028720676816,90.77521619015829,92.8474124960888,86675000
2016-01-21,94.13555145263672,95.53568362234805,93.17412850219876,94.44358223911892,61660100
2016-01-22,96.86114501953125,96.89848273375645,95.70370436431355,96.03040046198296,42229800
2016-01-25,95.42369079589844,97.06650764132507,95.33967915095467,96.51579233007718,38881500
2016-01-26,96.28240203857422,96.69310254035143,94.98494708862032,95.82502762636285,36143900
2016-01-27,93.88356018066406,96.13310286761485,93.48218854819497,95.7224021451982,54524700
2016-01-28,95.20899200439453,95.47968509113679,93.58484060538181,95.44234737695433,47641500
2016-01-29,97.1971664428711,97.23450415291556,95.15297844837713,95.18097995055047,54245100
2016-02-01,97.4585189819336,97.82255271036826,96.35708158985355,96.73044440362507,32750300
2016-02-02,95.34900665283203,97.0478334802206,95.05964114827628,97.0104957660379,44928100
2016-02-03,94.89161682128906,95.98371807969723,93.23012085445448,95.98371807969723,61572900
2016-02-04,94.88229370117188,95.63836281182662,93.75285457881382,94.63960212534863,49321600
2016-02-05,91.58733367919922,94.58361628243999,91.21396359973154,94.54627856234903,70749900
2016-02-08,90.18717956542969,90.58855105822288,88.52568346684934,89.87914878972882,91673100
2016-02-09,89.90716552734375,91.26996016784776,88.84306550501266,88.98308016509652,73778400
2016-02-10,90.25251770019531,92.11936050547682,90.18717848686806,90.94324754414623,59421700
2016-02-11,90.121826171875,90.84055741398753,88.85237267911806,89.10439328775932,76839200
2016-02-12,91.49397277832031,91.58732062596454,90.28986530384816,91.1392751701714,49186500
2016-02-16,93.55683898925781,93.55683898925781,92.26871277653184,92.84743666351314,40565900
2016-02-17,95.6756820678711,95.80636047854134,93.99552090005473,94.23821242905915,41766500
2016-02-18,94.5835952758789,95.99305650870798,94.4622459321739,95.97439121352893,38991500
2016-02-19,94.86361694335938,95.15298242794603,93.92086643070836,94.12621316238103,28257900
2016-02-22,96.40377807617188,96.49711880836655,95.65704509717301,95.75038582936769,23979100
2016-02-23,94.81695556640625,96.10507464398528,94.7516163477198,95.84371776923946,29869700
2016-02-24,95.72234344482422,95.8436856327155,93.12742662071389,93.70615030749045,40739100
2016-02-25,96.66513061523438,96.66513061523438,95.05964445670527,95.91839766991365,29389300
2016-02-26,96.54378509521484,97.42120357558161,96.31042972247396,97.40253115775549,30925000
2016-02-29,95.6756820678711,97.1691547051305,95.6756820678711,96.45042344644416,27553900
2016-03-01,98.74665069580078,98.74665069580078,96.2917549791295,96.59044954207596,37699800
2016-03-02,98.78400421142578,98.80266950896626,98.01859882632341,98.62532425728729,29209800
2016-03-03,98.59732818603516,98.70934134986766,97.88793284608913,98.68133983927008,25474600
2016-03-04,98.63465118408203,99.2693781081693,97.98125896286327,98.7093266154902,31655400
2016-03-07,98.02792358398438,98.69998820881334,97.32785745336103,98.1306005195244,25861200
2016-03-08,97.21583557128906,98.20525992897007,97.04781944249042,97.35585019886123,28898500
2016-03-09,97.84123992919922,97.85990522549511,97.03849688110112,97.57988305241207,31047400
2016-03-10,97.69190979003906,98.81201288113459,96.43178491075437,98.25196133558683,44236100
2016-03-11,99.40003204345703,99.40003204345703,98.43860924581733,98.74663998334442,31454000
2016-03-14,99.56806182861328,99.80141718517501,98.99867418888743,99.0266756922444,25374900
2016-03-15,99.53072357177734,99.64273670603191,98.89599672054877,99.2133637068832,26524600
2016-03-16,100.41748809814453,100.67884498240721,99.2600402943512,99.28804892175734,31693100
2016-03-17,100.3614730834961,100.59482845044394,99.7547548265842,100.12811771654825,29623700
2016-03-18,100.51876831054688,100.77153658208239,99.98514005502425,100.60302202020334,37682300
2016-03-21,100.91194915771484,101.00556675536441,100.28470339664136,100.34087252671813,17288600
2016-03-22,101.22091674804688,101.45496436684249,100.32217474897973,100.34089541575413,18840300
2016-03-23,100.38768768310547,101.09918715904192,100.16299687143233,101.0242973643826,20912900
2016-03-24,100.415771484375,100.44385604997905,99.73234943689482,99.90086397308411,19017300
2016-03-28,100.27533721923828,100.71534777503045,100.09745878794408,100.69661997038648,13892300
2016-03-29,101.8855972290039,101.95113026762395,99.91959892783719,100.08811347608379,29963900
2016-03-30,102.38179016113281,103.01839996513297,102.16646321074414,102.49413558862688,23807200
2016-03-31,102.2319564819336,102.69069477545936,102.07280587849664,102.3068534044558,21447200
2016-04-01,103.31796264648438,103.35541111579774,101.4736666025512,101.61409657683501,26389000
2016-04-04,102.92475891113281,103.39285403859103,102.68134744493639,103.31795710398215,17163000
2016-04-05,101.93238830566406,102.51282881181217,101.8013222466249,102.1289873942228,20107900
2016-04-06,103.60819244384766,103.64564091789173,102.03539224682716,102.03539224682716,25056000
2016-04-07,102.11965942382812,103.19627990593563,101.67964875476594,103.00903752411844,28567200
2016-04-08,102.04473114013672,102.99964199523353,101.68898143776032,102.75623768745385,22898000
2016-04-11,101.67024993896484,102.99963825183804,101.66088603744768,102.48473794941964,25772100
2016-04-12,102.5221939086914,102.71879299954131,101.12726532577393,101.74515430492899,28564100
2016-04-13,103.83285522460938,103.99200583935756,103.17751781980908,103.3085838722563,25356700
2016-04-14,103.84223937988281,104.22608087943406,102.9809459101231,103.85160328397495,17199700
2016-04-15,103.58009338378906,103.97329159239685,103.31796124471721,103.75797182497286,21353300
2016-04-18,104.1324462890625,104.16988761419475,103.21497668689489,103.28050971972365,17126100
2016-04-19,103.49583435058594,104.32904309649662,102.86858145863941,104.32904309649662,42481400
2016-04-20,103.58009338378906,104.05755243285,103.1400828035334,103.495839685901,18078300
2016-04-21,103.58946228027344,103.96393984381324,103.12136711149007,103.52392924234638,20216000
2016-04-22,102.02603912353516,102.71881806164004,101.22091475929177,102.24135892875934,39074000
2016-04-25,102.02603912353516,102.03539588545527,101.52985218168153,101.71709455857903,14351900
2016-04-26,101.52983093261719,102.40985206344094,101.22089357488457,102.24133753078458,19118300
2016-04-27,100.71537017822266,100.94941779038106,99.88216125034403,100.49067932790285,33059800
2016-04-28,99.498291015625,101.41748373833373,99.3016919352725,100.82767935471198,29818200
2016-04-29,98.97405242919922,99.70427981460831,98.18764876159753,99.49831677922296,67502800
2016-05-02,99.91023254394531,100.05066252109191,98.81489157881947,99.22681046453339,24813800
2016-05-03,98.9833984375,99.64809265898192,98.72125916731585,99.19871819551672,38569400
2016-05-04,98.34678649902344,98.7493485835462,98.10337503935361,98.38422782275914,27474500
2016-05-05,98.3187026977539,98.91787106417107,98.12210359079296,98.70254415127182,20788100
2016-05-06,98.84297943115234,98.86170009553031,97.73827452614695,97.83189213316797,30758500
2016-05-09,99.12383270263672,99.5825711214857,98.80553140880578,98.85233664124618,19289600
2016-05-10,100.48129272460938,100.52809794760083,99.30169110973662,99.47956952777098,21178900
2016-05-11,99.57321166992188,100.63110425223978,99.54512710068884,100.33152360947753,20966300
2016-05-12,99.1332015991211,99.92896201634355,98.43105879406023,99.80725983479007,29196300
2016-05-13,98.76807403564453,99.65745194007695,98.57147493495626,99.04893397523634,21059300
2016-05-16,100.00386810302734,100.36898182362356,98.82426608279602,98.91789084608048,18311900
2016-05-17,98.7493896484375,100.20984472865683,98.48725027532466,99.91962792234852,29932700
2016-05-18,99.10511779785156,99.63874604813111,98.33744194407106,98.52467716984542,27524400
2016-05-19,98.59019470214844,98.96467223734746,97.86933133950635,98.72126076808335,27334600
2016-05-20,99.67618560791016,100.07874773563394,98.92723048665859,98.98340676341996,29549600
2016-05-23,99.54511260986328,100.14427380816763,99.45149501185914,99.78851693616106,15729800
2016-05-24,101.53919219970703,101.66089435913598,100.06937381401741,100.09745837830373,29931300
2016-05-25,102.26943969726562,102.57838425073516,101.74517534657751,101.92305381237502,37951700
2016-05-26,102.56898498535156,102.70005102783783,102.12897449590615,102.37238592162218,21885900
2016-05-27,103.1026382446289,103.1120021478266,102.61582241682923,102.63454308065926,19870000
2016-05-31,103.29922485351562,103.45838261835125,102.77496061894513,103.24305572625865,24366100
2016-06-01,103.30860900878906,103.54265660832985,102.8966900905421,102.98094379794514,19571500
2016-06-02,103.52392578125,103.53328254166573,102.54092310264329,103.10263585789062,15696600
2016-06-03,103.03707885742188,103.3741078606959,102.36302085087384,103.32730264180779,20269900
2016-06-06,103.41159057617188,103.68308664888409,103.0464768921093,103.22435535347114,12502400
2016-06-07,103.14942169189453,103.5707043643009,103.102609331599,103.4677228857014,12184300
2016-06-08,103.32732391357422,103.54264367842674,102.94348246982796,103.32732391357422,14568700
2016-06-09,103.15882110595703,103.27115938123855,102.70944657713349,102.90604570144197,17571600
2016-06-10,101.98857879638672,102.41922549935737,101.63282189290602,102.22262638338592,32965000
2016-06-13,101.13663482666016,101.9792075073487,101.00556875883805,101.40813086502452,25154700
2016-06-14,101.13663482666016,101.50174846453102,100.39704364819828,100.8651387882958,24588500
2016-06-15,100.8464126586914,101.52047076670259,100.67789813168861,101.38004080377281,24605700
2016-06-16,101.14601135253906,101.23962896372917,99.70427728400054,100.3502509435743,32079900
2016-06-17,99.96043395996094,101.07746995247318,99.72576301441393,100.93666595282718,29208800
2016-06-20,100.5893783569336,101.60315160872102,100.51428192003367,101.12442793706238,20562800
2016-06-21,100.90850830078125,101.1150198822278,100.53303334920473,100.72077440578751,22804100
2016-06-22,100.66444396972656,101.55619783471617,100.57996586926464,100.9648224851279,22724200
2016-06-23,102.10064697265625,102.11942466157336,101.02116619239142,101.44357109235679,18714200
2016-06-24,97.89533996582031,99.96983042319253,97.679439528361,98.4679376895282,68012700
2016-06-27,95.95227813720703,97.24765945893728,95.51109551819725,97.24765945893728,48222600
2016-06-28,98.0549087524414,98.10184580701184,96.9660392699798,97.01296916296121,28260600
2016-06-29,99.79147338867188,99.99798497239354,98.77770031831234,98.82463021178329,31356700
2016-06-30,100.94608306884766,101.01179066554063,99.62253512770084,99.96046195686212,36300800
2016-07-01,101.45293426513672,101.82840917097899,100.861558960919,100.89910716766204,19902800
2016-07-05,100.83342742919922,101.05871673184384,100.28898902352661,100.9179127080885,21167900
2016-07-06,101.65946960449219,101.70639950270905,100.03554330048452,100.35469955167238,24579300
2016-07-07,101.9598388671875,102.1851209782136,101.4811081148665,101.75332728141808,19161700
2016-07-08,103.5368423461914,103.59316109137187,102.33532087681657,102.50428427394817,29457900
2016-07-11,104.1281967163086,104.5130533595069,103.87475523533305,103.8841369172138,20218500
2016-07-12,104.65385437011719,104.93546237344333,104.51305036845412,104.76649900376545,21906100
2016-07-13,104.40040588378906,104.96361469102145,104.39101704121843,104.89790711620414,21107800
2016-07-14,105.11382293701172,105.31094569036468,104.85098543761816,105.09504524911738,20871000
2016-07-15,104.94485473632812,105.41419664988668,104.71018377954884,105.35787075037895,17999300
2016-07-18,105.63945770263672,105.8271915659974,104.99176369934304,105.01054138263181,20713900
2016-07-19,105.25462341308594,105.58316850824508,105.06688949721486,105.27340110162694,18936700
2016-07-20,106.48429870605469,106.68142145603466,105.69580054454535,105.82721571119866,24997900
2016-07-21,106.240234375,106.76589501923051,105.94924468431371,106.55938343425734,18885400
2016-07-22,106.68140411376953,106.80343041679959,105.98678017986533,106.31531804309108,20003400
2016-07-25,106.6908187866211,106.71897815863112,106.33411431025395,106.59694466446761,12968100
2016-07-26,106.81282806396484,107.19768468930039,106.27777859643766,106.65325354032788,21223800
2016-07-27,107.55438232421875,107.83598314318147,107.10381098765457,107.7139568377898,27646100
2016-07-28,107.92985534667969,108.05188164992576,107.3854170800342,107.72334378611842,16939700
2016-07-29,108.1645278930664,108.45551755371434,107.82660118191917,108.17390957389553,22385300
2016-08-01,108.73712158203125,109.00934072746887,108.1082051916695,108.23962034304095,13990100
2016-08-02,107.91107940673828,108.67141092692599,107.21645546037435,108.57754398740467,21278400
2016-08-03,108.26778411865234,108.2771729617294,107.76090117791357,107.82660875627518,15011300
2016-08-04,108.57756805419922,108.68082385903641,107.9768109141956,108.2302595848287,12835300
2016-08-05,109.61949157714844,109.8635513671851,109.00934568285126,109.13137915866407,23196600
2016-08-08,109.49748229980469,109.7039939110757,109.15016666615887,109.67582737732869,12358200
2016-08-09,109.75093841552734,110.09825409539097,109.51626740087137,109.5819749985114,13276500
2016-08-10,109.46931457519531,109.84478239076,109.17831770806632,109.8166230207516,14688400
2016-08-11,109.93864440917969,110.17331534888044,109.61948820716053,109.8447703040284,12969800
2016-08-12,110.01374816894531,110.02313701301581,109.62889150113092,109.75091782768872,19379000
2016-08-15,110.48309326171875,110.73654192772408,110.11700711001315,110.15455532577653,11777800
2016-08-16,109.87293243408203,110.2859484015411,109.85415474916799,110.27656672067253,14161400
2016-08-17,110.070068359375,110.10761657211864,109.29095905852016,109.90110498282321,15980300
2016-08-18,110.09822845458984,110.25780298861072,109.77907222495874,109.96681328991508,10036300
2016-08-19,110.070068359375,110.31412099982477,109.6007264424633,109.90110498282321,18743000
2016-08-22,110.154541015625,110.34228207005249,109.70397680817692,109.91048122566373,14500600
2016-08-23,110.35166931152344,110.77408133407634,110.30473941674377,110.58634027018972,11997900
2016-08-24,109.63826751708984,110.42675844860307,109.2721814186603,110.27657276899578,17728700
2016-08-25,109.45992279052734,109.79784954472828,109.22525183130944,109.35666699554432,24266300
2016-08-26,109.61949157714844,110.33289326101539,108.9624157904216,109.49746526292458,23896000
2016-08-29,109.76966094970703,110.06065056995374,109.62885697934696,109.64762749998751,11184900
2016-08-30,109.41297149658203,109.91047271953188,109.03750373996294,109.59132369408798,19843300
2016-08-31,109.30036163330078,109.41299912409288,108.84040134059909,109.24403572631454,16169800
2016-09-01,109.58194732666016,109.71336248875501,108.8028451975519,109.33789468939213,20944700
2016-09-02,109.93864440917969,110.35166039317266,109.52562126359797,110.1263782963048,18088200
2016-09-06,110.62386322021484,110.62386322021484,109.88230230078612,110.12636204730907,18525200
2016-09-07,110.6895751953125,110.87731622380207,110.2671704139899,110.72712340101042,17546900
2016-09-08,110.04190826416016,110.38921669696612,109.75091140771417,110.3610573279915,20125300
2016-09-09,107.27278900146484,109.3660571335628,107.25401847560457,109.12199732784259,50813300
2016-09-12,109.19706726074219,109.34725291595423,106.66261718915453,106.67200603060144,39646000
2016-09-13,108.22086334228516,108.97180613515984,107.69520267111393,108.65265705954575,45863900
2016-09-14,108.73712158203125,109.32849692479141,108.30532791872668,108.33349444681082,28221800
2016-09-15,110.42677307128906,110.5957364592144,108.75591688046624,108.76530572468148,38521400
2016-09-16,110.37406921386719,110.48699607339239,109.8282668287934,110.30819700736049,27596500
2016-09-19,109.89413452148438,110.99514443338687,109.67770035736598,110.65637104825814,16222900
2016-09-20,110.10116577148438,110.55286602082296,109.91296152232023,110.2893700206485,18078600
2016-09-21,111.183349609375,111.34332392682484,109.92235826237123,110.57167507729645,31546800
2016-09-22,112.06792449951172,112.1902637206018,111.71974592756425,111.83266560299293,22614400
2016-09-23,111.35272979736328,111.98322184432374,111.19275548924452,111.98322184432374,22213400
2016-09-26,110.42111206054688,110.85399474748905,110.26113773423835,110.72225033999595,16403900
2016-09-27,111.51271057128906,111.56917040577386,110.24231403866166,110.34582852157135,20238400
2016-09-28,111.70092010498047,111.76679230818146,111.12688782871528,111.653872633855,14794300
2016-09-29,110.89158630371094,111.71970188791612,110.41166351325994,111.51267299186482,27207500
2016-09-30,111.7197494506836,112.04911048029004,111.07043257836517,111.1833594368868,25543200
2016-10-03,111.55977630615234,111.70092590639132,111.12689360031263,111.57859385967352,19216400
2016-10-04,111.39038848876953,112.13380748720844,110.96691815370505,111.88913621669553,21239700
2016-10-05,111.78563690185547,112.14322789997736,111.67271002793295,111.71976468695057,14481300
2016-10-06,111.72916412353516,111.96442303232935,111.1833617320449,111.64446718301254,11987100
2016-10-07,111.48448944091797,111.99264952992684,110.93868706610859,111.83266802039174,19984200
2016-10-10,112.19027709960938,112.43494839143554,112.01147801948264,112.0585326762105,19687300
2016-10-11,110.59049224853516,112.11497239069023,110.10115693227438,112.0961548390973,27774400
2016-10-12,110.49639892578125,110.87281460338025,110.15762553389534,110.69401554112605,14267800
2016-10-13,110.10116577148438,110.40229687786612,109.10367032775703,109.74357482625975,22821000
2016-10-14,110.23291015625,111.08925600267166,110.16703795110463,110.64696811975338,21313300
2016-10-17,109.93177032470703,110.38347053808967,109.79061355930425,110.13879929002694,14182700
2016-10-18,110.91048431396484,111.4280568960853,110.85402446120031,111.23984542098073,19276700
2016-10-19,110.90105438232422,111.06102872617828,110.70343774941051,110.82576980420494,13702900
2016-10-20,110.76929473876953,111.01396599426886,110.12939027175466,110.78811947047876,18132200
2016-10-21,111.183349609375,111.24922180947384,110.48698532553995,110.85398860888081,15707800
2016-10-24,112.51964569091797,112.59493027490954,111.87974108605572,111.89856582182016,19143000
2016-10-25,112.16204071044922,112.60432861187266,111.99265400734093,112.58550387845386,20341800
2016-10-26,111.39978790283203,112.01146245765077,111.07042689009322,111.43743018707814,20463700
2016-10-27,110.89158630371094,111.97377823700612,110.73161204022726,111.87967615139978,19099800
2016-10-28,110.19527435302734,111.14572237992171,109.85650094105574,110.57169005294384,35369300
2016-10-31,110.09174346923828,110.5999035115576,110.035283635491,110.5999035115576,18749400
2016-11-01,109.2636489868164,110.29878675729788,108.31320097795488,110.27996920344862,23498700
2016-11-02,108.38848114013672,109.44244360109491,108.11557995347259,109.188359967514,26960100
2016-11-03,107.32511138916016,108.56727807473555,107.20277216815501,108.20967995737497,36205200
2016-11-04,106.94872283935547,107.7862441483986,106.76051136682504,107.06164254334017,26997500
2016-11-07,109.489501953125,109.60242882144118,108.50141877860578,108.68021067902396,26591200
2016-11-08,110.20467376708984,110.70342145955809,109.12248144934907,109.37656506823043,20777900
2016-11-09,110.71282196044922,110.89161381359709,108.78369641906352,108.9154408075012,70234400
2016-11-10,108.92489624023438,111.39981786391174,107.46628784641351,111.24925586596518,72825400
2016-11-11,108.97191619873047,109.20717507896993,108.06851578062344,108.45434379039115,41115200
2016-11-14,107.87091064453125,109.10367219005369,107.30629070786941,109.00015769738695,35906000
2016-11-15,109.36715698242188,109.74357265282727,108.52963588502405,108.68961021159852,31796600
2016-11-16,110.01647186279297,110.09174925189961,108.84958258749474,108.84958258749474,16538100
2016-11-17,110.81636047363281,110.83517802769286,109.73416803710758,109.96001458348942,20598600
2016-11-18,110.40231323242188,111.13631996423949,110.29879872618781,110.94811568719552,16428700
2016-11-21,111.55034637451172,111.65386085140858,110.63754081252898,110.6751830931761,20268500
2016-11-22,111.88912963867188,112.16203081290533,111.61622846443841,111.99264412474427,18850600
2016-11-23,111.43742370605469,111.64445266760193,110.94808839837762,111.52212063556546,22926000
2016-11-25,111.79505157470703,111.84209905516178,111.43745338967874,111.56919782220503,7162800
2016-11-28,111.54097747802734,112.05855006421453,111.42805777161102,111.65390436397738,13479000
2016-11-29,111.92679595947266,112.4631860572531,111.32453364545718,111.64448235873216,18553000
2016-11-30,110.57167053222656,112.1055558026382,110.5340282509272,112.06791352133881,30405300
2016-12-01,108.661376953125,110.54344806777642,108.4919902656251,110.53403570193433,39796600
2016-12-02,108.87782287597656,109.31070559711091,108.42612978018848,108.7272609038913,32876800
2016-12-05,109.7247543334961,110.15762986692586,108.94369302817334,109.44244794884129,21419700
2016-12-06,109.98822784423828,110.17643925399133,109.52712245452288,110.03528249155934,27293300
2016-12-07,111.3809814453125,111.5221382304133,109.43303791361186,109.76239895915886,26622400
2016-12-08,111.57855987548828,111.86087334904435,111.21155666758331,111.42799795458028,18578400
2016-12-09,112.45376586914062,112.49140815859052,111.98324802031576,111.99266038756139,21863100
2016-12-12,111.9455795288086,112.18083839815618,111.48447415515601,111.95499189385116,23259300
2016-12-13,113.35716247558594,113.96883713222249,112.28438232436059,112.28438232436059,54477900
2016-12-14,113.12188720703125,113.86530618332571,112.79252618703543,113.49830287825439,28746000
2016-12-15,113.30070495605469,113.96883947241194,112.9995738053087,113.27247503247428,22762300
2016-12-16,112.88069152832031,113.80563682967562,112.65417710379475,113.57911520438633,26283900
2016-12-19,113.3431625366211,114.04159342551624,112.8335068728252,112.99395429293737,21138700
2016-12-20,113.7773208618164,113.98495487917197,113.56967964369728,113.70181365508881,11461800
2016-12-21,113.69235229492188,113.89999347439716,113.43752452059634,113.8244862817221,7079300
2016-12-22,113.37147521972656,113.73012363975971,112.9278793944867,113.7018102382786,16645000
2016-12-23,113.44696044921875,113.49415424605014,113.07887187637364,113.18269246879277,9007500
2016-12-27,114.03217315673828,114.69284335548652,113.6452112405472,113.6923978543063,16110600
2016-12-28,113.14495849609375,114.38136562005518,113.06945848913568,114.27754500962871,17975200
2016-12-29,112.9845199584961,113.38092202903866,112.62587149478105,113.11665398201029,13267500
2016-12-30,111.82360076904297,113.21100768860839,111.50269878710223,113.20157468970022,41749000
2017-01-03,112.82406616210938,113.24878161361,112.2105826871255,112.56923113059794,22307600
2017-01-04,113.43757629394531,113.6452175681889,112.93735351550335,112.94678651832132,19749100
2017-01-05,114.07933807373047,114.15483807677307,113.35259383843449,113.35259383843449,20644300
2017-01-06,115.07978057861328,115.38180218587503,113.90944775056941,114.2020291573896,24074300
2017-01-09,115.45731353759766,115.66495475019613,115.09865791555904,115.1741651202791,18909200
2017-01-10,115.712158203125,116.06137367523716,115.24024890604801,115.50451696028883,16176600
2017-01-11,116.02362060546875,116.02362060546875,115.16474222443844,115.75935255000233,20686000
2017-01-12,115.84426879882812,115.91977599927132,114.7683163951829,115.60831419801535,19622500
2017-01-13,116.24066925048828,116.43887023615942,115.90089407483421,115.90089407483421,16930800
2017-01-17,115.8914794921875,116.11799392577196,115.55170424142881,115.93866609877041,14538500
2017-01-18,116.12740325927734,116.24066404634544,115.76875490137151,116.06133626701148,12499700
2017-01-19,116.07080078125,116.70315743980159,115.82540595824356,116.29731520207554,12710700
2017-01-20,116.32562255859375,116.87303898117031,116.01416074566951,116.58045036868243,22091000
2017-01-23,116.41999053955078,116.5898781284029,115.68381338811243,116.25010295069866,17434200
2017-01-24,117.20338439941406,117.38271222291412,116.44832670119011,116.64652772680202,17640900
2017-01-25,118.3831558227539,118.41146922588995,117.83573935957786,117.93955997158587,15036200
2017-01-26,118.505859375,118.75125422361768,118.29821813392076,118.54361298253843,16052200
2017-01-27,118.73237609863281,118.84562971578927,118.3454070379774,118.76068950292193,15053000
2017-01-30,117.8073959350586,118.3359318609456,117.15615902583215,118.3359318609456,25006700
2017-01-31,117.57147979736328,117.59979320253859,116.89192927009863,117.39215196356724,19091100
2017-02-01,118.3831558227539,118.61911044990595,117.8451795608778,118.40202902459001,22861900
2017-02-02,118.27935791015625,118.6380064199819,117.84520217696777,118.17553727822366,15101400
2017-02-03,118.6191177368164,118.74181155819774,118.28878267866344,118.4020362981649,16957200
2017-02-06,118.76067352294922,118.77954672301443,118.30763751298993,118.42089831567053,11630100
2017-02-07,119.1948471069336,119.4402419493661,118.89282545500288,119.00607907399929,17541100
2017-02-08,119.3930435180664,119.56293114074718,118.80787343977401,119.0343950705243,12569100
2017-02-09,119.82718658447266,120.09145459181494,119.44965777365663,119.51572477549219,17542700
2017-02-10,120.22359466552734,120.39348227893396,119.88381943871411,120.09146065518482,13915700
2017-02-13,120.90315246582031,121.05415247673186,120.54449683666047,120.5916834399749,19120200
2017-02-14,121.30899047851562,121.31842347895221,120.56337300049569,120.95033484054237,16333500
2017-02-15,122.02629089355469,122.08293210239975,121.15797957779179,121.22405378734713,17891400
2017-02-16,121.98851776123047,122.34717333102797,121.67705598769969,122.10177135105089,15098300
2017-02-17,122.51708984375,122.526537246704,121.79034549120824,121.80922589558733,15563700
2017-02-21,123.12110900878906,123.19661620995899,122.68696060396958,122.75302040403948,18479600
2017-02-22,123.16834259033203,123.25328281850972,122.80025386669801,123.00789513659728,12110900
2017-02-23,122.7058334350586,123.35707048007306,122.21505820241809,123.35707048007306,17489000
2017-02-24,122.94181060791016,122.94181060791016,122.11125999946577,122.1490064083148,18624500
2017-02-27,123.0927963256836,123.1022293253125,122.50763351511509,122.71527471916058,12008700
2017-02-28,122.71527862548828,123.12111364534293,122.37550340819124,123.06448684271452,16598600
2017-03-01,124.05549621582031,124.28200342108009,123.26269219435854,123.49864680085498,25813800
2017-03-02,123.43258666992188,124.04606295613995,123.28157224818182,124.02719695456838,19951400
2017-03-03,123.6590805053711,123.69682690155719,123.0172765580101,123.34761873111829,13722700
2017-03-06,123.3853759765625,123.59301717765557,122.89460077536611,123.25324197600564,12026200
2017-03-07,123.1777572631836,123.71574076464775,122.96068302296598,123.14001085678737,15500900
2017-03-08,123.39480590820312,123.78176045407065,123.13053794450262,123.25322452666963,15776000
2017-03-09,123.48920440673828,123.65909921909812,122.82853436206526,123.36651779942342,20855300
2017-03-10,124.00836181640625,124.20657011748011,123.47039254469124,124.05555564061747,21922600
2017-03-13,124.21595001220703,124.24426341432152,123.89505518722491,123.9611149916497,10731600
2017-03-14,123.91392517089844,123.97999937897423,123.41370251542666,123.93280557342402,14019700
2017-03-15,124.67841339111328,124.97099478380679,123.77234141231273,124.16874340256123,22709100
2017-03-16,124.59346771240234,124.9143769287917,124.31033370018608,124.9143769287917,18457300
2017-03-17,124.54994201660156,124.88095681354054,124.48373039832732,124.74854800846947,21234500
2017-03-20,124.66344451904297,124.94718182646328,124.33242968661838,124.51211603088827,10105200
2017-03-21,122.77191925048828,125.24986266789591,122.69625498327571,125.13637348281871,35841900
2017-03-22,123.60420227050781,123.72715849922557,122.64895359782167,122.80974917298286,29177900
2017-03-23,123.29206085205078,123.78387120878139,123.0839877946447,123.44338933588767,20311700
2017-03-24,123.54747772216797,124.1716827249103,123.0745868352963,123.68933921563564,22967600
2017-03-27,123.74605560302734,123.96359575206527,122.38412785027374,122.66786520401097,18472400
2017-03-28,124.502685546875,124.87153978265442,123.47178709706604,123.74605740306345,23721900
2017-03-29,125.07962036132812,125.12691232904665,124.45540102300127,124.58780987372371,13710000
2017-03-30,125.2876968383789,125.42010569265686,124.91884257064157,125.0323317510276,16092400
2017-03-31,125.20256805419922,125.54304999448162,124.96612266321091,125.10798412521135,19841400
2017-04-03,125.12687683105469,125.60922012938711,124.42699342922877,125.30657759851528,23700300
2017-04-04,125.32552337646484,125.3444430506016,124.7202236874352,124.7675156570356,13400000
2017-04-05,124.81480407714844,126.24292915697704,124.57835866735336,125.50522063293498,32011200
2017-04-06,124.88098907470703,125.21201838863995,124.55942681238889,124.9377480899524,18832200
2017-04-07,124.81480407714844,125.19311096022756,124.37028555221507,124.84317637180524,16743100
2017-04-10,124.862060546875,125.38224318683174,124.52157867631044,124.93772478827583,15619300
2017-04-11,124.32295989990234,124.93772645769425,123.4244704724142,124.74855863592529,33778400
2017-04-12,123.82172393798828,124.40810390527352,123.68931509274704,124.30406735319242,15955200
2017-04-13,123.32990264892578,124.37972069817798,123.31099740946574,123.65147932899295,23683000
2017-04-17,124.35134887695312,124.37026854796508,123.63256012478458,123.67985208657421,13325500
2017-04-18,124.16219329833984,124.52159488390353,123.85008367374195,123.9352005445922,12841100
2017-04-19,124.36082458496094,125.11743830034077,124.19057639696338,124.70130652947448,17764800
2017-04-20,125.40116119384766,125.67544590079238,124.67291985522591,124.8620732622513,21977900
2017-04-21,125.372802734375,125.56195616226611,125.05124046381198,125.51467862890445,22454900
2017-04-24,126.88603973388672,127.00898150601405,126.54555784284311,126.76308353028007,22469900
2017-04-25,127.80342864990234,128.03040692036285,127.18866216062548,127.30216572733273,19384400
2017-04-26,127.62377166748047,128.16285967618464,127.5481074075518,127.85075001578456,25398500
2017-04-27,128.38986206054688,128.38986206054688,127.86022663290714,127.93589089849611,16136500
2017-04-28,128.61679077148438,128.9478055330831,128.40871775266191,128.90051358671877,22771900
2017-05-01,129.76119995117188,129.93144810066264,128.9856667388735,129.04241131154433,24815500
2017-05-02,129.97874450683594,130.03550351923099,129.59098506009235,129.92199992592128,18345100
2017-05-03,129.5626220703125,129.73285582527672,129.21267307708368,129.6855638606262,23827600
2017-05-04,129.60992431640625,129.97877862064018,129.15595311846084,129.5437270984587,14630100
2017-05-05,130.08277893066406,130.08277893066406,129.4585741192874,129.94091748068757,19330700
2017-05-08,130.36651611328125,130.36651611328125,129.88417275243168,130.14899041307223,13279900
2017-05-09,130.82046508789062,131.1136549566295,130.4515965584082,130.56510011804744,28426100
2017-05-10,130.89614868164062,130.94344064107756,130.4327250010061,130.89614868164062,20499400
2017-05-11,130.79209899902344,130.82993833536213,129.9314489222766,130.53674842039007,27232100
2017-05-12,131.08531188964844,131.11368417801256,130.73536294735857,130.84886653229444,19738600
2017-05-15,131.50146484375,131.5771291021064,131.01912143214486,131.1420776559092,20481300
2017-05-16,132.05001831054688,132.06893798277963,131.45418573428927,131.84194521043105,21786000
2017-05-17,128.6925506591797,131.2461589147695,128.6736309802754,131.00024638347338,55642200
2017-05-18,129.81802368164062,130.2530897231998,128.50338736440065,128.64526331406623,41319900
2017-05-19,130.36651611328125,130.91507110503105,130.1962823735038,130.2813992433925,36730100
2017-05-22,131.46365356445312,131.52986520918742,130.61245582475857,130.65973336358803,19509700
2017-05-23,131.5960235595703,131.86084119733542,131.25554167794678,131.8513885786577,19687500
2017-05-24,132.20135498046875,132.267566621627,131.62442760937384,131.99328186751762,15891900
2017-05-25,133.3268585205078,133.66734053815702,132.41890166294831,132.70263908290343,23928600
2017-05-26,133.56326293945312,133.62000751971735,133.17548906567393,133.35518985749746,13851600
2017-05-30,133.67677307128906,133.83755421775456,133.4119553675244,133.49707225127392,20306400
2017-05-31,133.6294708251953,134.14965357168182,132.948521376091,134.14965357168182,33229400
2017-06-01,134.149658203125,134.20640278988597,133.3362854527598,133.90376018333342,20120700
2017-06-02,135.6818389892578,135.71021128363915,134.4050280161686,134.62255375025288,37222900
2017-06-05,135.65347290039062,135.88991834386044,135.4643194319117,135.6723925766839,15727500
2017-06-06,135.1143341064453,135.93715932296803,134.91571365858854,135.492640901484,22393000
2017-06-07,135.6439971923828,135.75748636785823,134.86846377416384,135.49266867076082,18842400
2017-06-08,135.7858428955078,136.0033685772871,135.04812012453488,135.94662400216893,25417400
2017-06-09,132.39048767089844,136.09794934467814,130.62188091948428,135.9466352756415,109783700
2017-06-12,131.68115234375,131.9175977154094,130.01658212260054,131.2744732316063,104454000
2017-06-13,132.74989318847656,132.9390466039918,131.7284474269175,132.41886388771445,51193000
2017-06-14,132.1729736328125,133.28898895176025,131.10423584690247,133.28898895176025,60093800
2017-06-15,131.58660888671875,131.7284703651878,130.03552751903035,130.83943328282683,55145200
2017-06-16,131.0157012939453,131.61317168979735,130.53204374113184,131.5183300657319,48087400
2017-06-19,133.2064208984375,133.32969764443231,132.0873505148224,132.28651213650645,39626500
2017-06-20,132.16314697265625,133.2442743135215,132.1157261872831,133.07357685112845,40935100
2017-06-21,133.47193908691406,133.53831663650178,132.38131846782147,132.4666672333476,35743400
2017-06-22,133.43399047851562,133.92714077450222,133.09258096141676,133.6805728619075,24099100
2017-06-23,133.94613647460938,134.11683402896335,132.91241489142215,133.28227406332223,21654300
2017-06-26,133.3201904296875,134.94187476212997,133.02620171858956,134.71427806749773,34411100
2017-06-27,130.90184020996094,132.9787463331202,130.8923618404153,132.81752722608502,65957800
2017-06-28,132.78915405273438,132.90295243593383,130.62689794713557,131.38557312953398,57427200
2017-06-29,130.48458862304688,132.2390569113848,129.21379223115906,132.2390569113848,88769400
2017-06-30,130.5320281982422,131.50883603244395,130.10526988236347,130.85446652839067,68898300
2017-07-03,129.15689086914062,131.2812037339824,129.0715421138488,131.12947743706232,32797000
2017-07-05,130.42767333984375,130.77856116584678,129.12842752287506,129.5646640950743,42116600
2017-07-06,129.2517852783203,129.9820254411367,128.7870988326401,129.43197572493247,48430500
2017-07-07,130.6458282470703,130.99673064222878,129.67851324411086,129.68799161719136,36970400
2017-07-10,131.49928283691406,131.81224261603182,130.3991844262196,130.73111541125695,24853500
2017-07-11,131.86923217773438,132.0304513616138,130.81655382468614,131.30970422118804,31517700
2017-07-12,133.43399047851562,133.58573125740338,132.7322147000548,132.99775382770977,36045800
2017-07-13,133.7279510498047,134.05040375477904,133.3391352830787,133.59518151391904,31073600
2017-07-14,134.7806396484375,134.95135161998783,133.8986736196123,134.32543184229533,34544800
2017-07-17,134.84706115722656,135.32124027967504,134.5910003792808,134.92293155331413,25343200
2017-07-18,135.74801635742188,135.77646595082734,134.32547880394708,134.75223717582946,25748500
2017-07-19,136.5446014404297,136.74376301770235,136.0893935834024,136.1462927566812,33752300
2017-07-20,136.72482299804688,136.980883807021,136.10839585248712,136.89553502762968,36139400
2017-07-21,136.6679229736328,136.6679229736328,135.94717583408158,136.22219338958925,39697100
2017-07-24,137.2938232421875,137.38865038148833,136.48771296874148,136.6489321292711,26712700
2017-07-25,136.94297790527344,137.26543083144892,136.57311862509934,136.83865787902926,28120900
2017-07-26,137.38864135742188,137.46451174635797,137.06620305754132,137.2843213814844,18610600
2017-07-27,136.52561950683594,138.4223354437585,134.9513418061996,138.28956590700568,80665900
2017-07-28,136.41184997558594,136.63946116969294,135.49194129675183,135.71007411765393,38013200
2017-07-31,135.8333282470703,136.97135508661677,135.53933954785708,136.80065757254317,33848600
2017-08-01,136.14627075195312,136.3359394558261,135.72899092095588,136.2980115033693,20149400
2017-08-02,136.51612854003906,137.0566995354646,135.2453323178451,137.0282499536837,41769700
2017-08-03,135.98509216308594,136.72481045823392,135.73852422163623,136.64894005991118,27112800
2017-08-04,136.2316436767578,136.53512523345273,135.67211583624828,136.28855732173594,29472900
2017-08-07,137.09463500976562,137.09463500976562,136.28853936375404,136.47820807629822,17933900
2017-08-08,136.85755920410156,137.95765810611735,136.4687288984379,136.8291096179112,30810400
2017-08-09,136.67738342285156,136.7437754449084,135.41606524095496,135.72902519322687,36169500
2017-08-10,133.7469482421875,135.99455241871993,133.6141786805104,135.89972528654883,63331700
2017-08-11,134.76170349121094,135.0556922123921,133.62366209582933,133.92714366014374,45862500
2017-08-14,136.49720764160156,136.70584763209587,135.79543173793866,135.83335970402865,34161000
2017-08-15,136.59202575683594,136.8480865139769,136.22216665020886,136.83859367098825,25509200
2017-08-16,136.82907104492188,137.4739619152965,136.37386332340554,136.93339098847693,31913000
2017-08-17,134.03146362304688,136.50667905735105,134.03146362304688,136.29803909960913,70191000
2017-08-18,133.93663024902344,134.8565388999382,133.38658073305805,134.10734225712224,60751900
2017-08-21,133.76589965820312,134.22110744932098,132.94081835273323,133.92711878274915,37111500
2017-08-22,135.80487060546875,135.9471329962208,134.43923269070388,134.48665348762123,36294200
2017-08-23,135.3212432861328,135.62471040642686,135.0272545390109,135.12208168312833,25702300
2017-08-24,134.9228973388672,135.77641375451597,134.1642080411823,135.62467300082005,38160800
2017-08-25,134.63841247558594,135.78591777402914,134.45822210538475,135.4445227199184,26380400
2017-08-28,135.0556640625,135.36862393391942,134.619413022426,135.0461712213454,15362100
2017-08-29,135.58670043945312,135.81431149511246,133.77533377398805,133.89862490465228,24498300
2017-08-30,137.18002319335938,137.40763439631831,135.6152377765649,135.70058655112476,33642700
2017-08-31,138.64993286132812,138.6594257023735,137.492934975746,137.56880535013764,38480700
2017-09-01,138.46026611328125,139.01979385266617,138.0904070771529,138.8301251494096,22293600
2017-09-05,137.2179718017578,138.34652055214596,136.18426467456868,138.05253177934904,44794300
2017-09-06,137.63525390625,137.94821390265747,136.6394747305536,137.56886187483013,30722700
2017-09-07,137.95765686035156,138.3085447340618,137.45502821446524,137.89126484597583,22721100
2017-09-08,136.76272583007812,137.84385346834452,136.62046343482444,137.7774614564003,27890100
2017-09-11,138.33694458007812,138.57403402480756,137.79638817090648,137.83431611491503,27126300
2017-09-12,138.6688995361328,138.84908986056877,138.01453024035754,138.7257986973665,30256700
2017-09-13,138.85861206054688,138.87758327721087,138.2042425582231,138.43185374579608,28450900
2017-09-14,138.04302978515625,138.735327282064,137.95768101241399,138.31806179172443,35296400
2017-09-15,138.51715087890625,139.01977940214752,137.78691125293963,138.01452235566495,46422400
2017-09-18,138.33567810058594,139.11502647592042,137.91748480054042,138.677834936762,24858200
2017-09-19,138.5733184814453,138.77290155533998,138.1076004715645,138.5828176031864,20871200
2017-09-20,138.1455841064453,138.67782481220092,137.08108819246254,138.52575189556458,34236200
2017-09-21,137.29971313476562,138.0600487943332,136.81498247394723,138.05054967445417,28841800
2017-09-22,137.1666259765625,137.36620897209457,136.71992088803043,136.86248017055334,21702400
2017-09-25,135.7220001220703,136.70094614071147,135.05669911461626,136.62490966807752,54947700
2017-09-26,136.07363891601562,136.67241699826434,135.59842189898583,136.41579574837598,29628800
2017-09-27,137.29971313476562,137.81294115522104,136.45382738639458,136.7959697317161,33249400
2017-09-28,137.25216674804688,137.3947260359729,136.65338873381606,136.96703366972406,24149400
2017-09-29,138.2406005859375,138.34514888953925,137.1666201970863,137.52777519841723,43102400
2017-10-02,138.36415100097656,138.92490344883447,137.74636034442304,138.44968656031722,27351300
2017-10-03,138.65879821777344,138.82037023712908,138.2406049900435,138.54475079292712,19715200
2017-10-04,138.79188537597656,139.08651761578233,138.25964461987934,138.39270480890366,26381100
2017-10-05,140.15093994140625,140.2269618644723,139.15298179719736,139.2955410310278,31562400
2017-10-06,140.34104919433594,140.34104919433594,139.67574847841598,139.67574847841598,23561100
2017-10-09,140.1794891357422,140.67370427967003,139.99890438980083,140.52164589056025,13704800
2017-10-10,140.28404235839844,140.79727025739987,139.6662516531069,140.6547109805855,19223100
2017-10-11,140.70225524902344,140.7307816137853,140.03695429149946,140.21753908764308,12439100
2017-10-12,140.4456024169922,140.99685574452974,140.30302864984526,140.49312700604116,14513500
2017-10-13,140.9873809814453,141.14895302676643,140.45514024333517,141.01589284223888,18409900
2017-10-16,141.4720916748047,141.51010264967977,141.03488570015404,141.3390315090363,21809400
2017-10-17,141.65269470214844,141.6717074452194,141.20600400853377,141.4245997951918,13138200
2017-10-18,141.48162841796875,141.81428617209062,141.27253174437345,141.7952734283617,17218200
2017-10-19,140.9588623046875,140.97787504512135,139.9704173392031,140.6547309701045,27680300
2017-10-20,141.33905029296875,141.65268075916325,141.16796462711764,141.52913419754708,30173300
2017-10-23,140.41714477539062,141.64319843237774,140.21754722531298,141.63369931188797,29297100
2017-10-24,140.6547088623047,140.949341031597,140.13196735107508,140.69271983472618,20289500
2017-10-25,140.1224822998047,140.83530782341415,139.07701356666092,140.37910354899637,36179100
2017-10-26,139.6758270263672,140.3886527305313,139.63780153409184,140.03698218812661,28230200
2017-10-27,143.74362182617188,144.0097421460687,141.80472863552953,142.0233243620584,60165100
2017-10-30,144.0668182373047,144.64658368125893,143.5060655381043,143.6391257464311,31733400
2017-10-31,144.60855102539062,144.81764769989553,144.11433570608295,144.53252905509277,26319300
2017-11-01,144.56101989746094,145.25483266971037,143.99075368583507,145.18829532728273,29481600
2017-11-02,144.28541564941406,144.45650134915294,143.29697044833728,144.39946311425652,31017400
2017-11-03,145.67298889160156,145.69198712534208,144.31386105079292,144.80809067494775,26199200
2017-11-06,146.16725158691406,146.22428981410556,145.51146425018072,145.5589743524638,28693900
2017-11-07,146.2527618408203,146.44284570559813,145.739519453204,146.05316435619858,21333100
2017-11-08,146.84205627441406,146.880067254174,146.00566969497257,146.17675536007297,17373500
2017-11-09,146.0722198486328,146.1482563172936,144.57053222314752,145.6350137794516,40594500
2017-11-10,146.0626678466797,146.17672977093682,145.47340349748512,145.7300246989765,20150800
2017-11-13,146.2432861328125,146.43338454934036,145.5114623385778,145.5114623385778,12522400
2017-11-14,145.71104431152344,145.89162910442622,145.00773238439422,145.7300570535324,25173800
2017-11-15,145.02671813964844,145.41639955368615,144.256868932995,145.08374185829362,24808000
2017-11-16,146.8800506591797,147.2127083300016,145.7300337448526,145.75854560206926,34790600
2017-11-17,146.31927490234375,147.0226011077994,146.1767156388918,146.91805281377856,28725800
2017-11-20,146.2052459716797,146.5569018676221,145.9961493572085,146.42384170409224,21143900
2017-11-21,147.79248046875,147.8590178069961,146.8325473920613,146.8990702278361,20147800
2017-11-22,147.97303771972656,148.11559698592328,147.64038009530944,147.92551313017145,17299000
2017-11-24,148.5148468017578,148.56237141351062,148.03962968918054,148.12517979132573,8280600
2017-11-27,148.4482879638672,148.79994390114192,148.10613114565032,148.46730070445474,22653400
2017-11-28,148.8284149169922,148.92346409137326,147.98252947388474,148.78089032980162,25227300
2017-11-29,146.23373413085938,148.69535400849193,145.53040795047818,148.65734304041598,71986300
2017-11-30,147.4598388671875,147.74497198618323,146.50940480551702,146.8515616478173,56595500
2017-12-01,146.83251953125,147.5453448644934,144.71304176529566,146.55688561434684,59015800
2017-12-04,145.1408233642578,147.9160896849315,144.99824952265385,147.75451759976116,51319100
2017-12-05,145.2357940673828,146.8895541846447,144.5609941563378,145.11223302628883,40604200
2017-12-06,145.8916015625,146.11971091612543,144.52297444568785,144.69406008652444,28647800
2017-12-07,146.38589477539062,146.80408818729748,145.73009278876182,145.8821657571782,32666200
2017-12-08,147.03213500976562,147.82099695992335,146.80404013427926,147.4598274037743,28081700
2017-12-11,148.1726837158203,148.22020832558943,147.0891893244686,147.09870294790727,20821500
2017-12-12,147.97303771972656,148.41022913770885,147.6593928316252,148.10609786899968,20310300
2017-12-13,148.25816345214844,148.73338031935552,148.0395532514563,148.57180832480125,24418500
2017-12-14,148.15362548828125,148.8949626926016,147.99205348246466,148.5147804708547,24594700
2017-12-15,149.8359375,149.99752406719577,148.48632275131874,148.7334449111658,49816200
2017-12-18,151.0921630859375,151.21598254528854,150.54929032724527,150.8254861987202,26844500
2017-12-19,150.1968994140625,150.9588396817928,149.77783154017075,150.80644872168637,31415000
2017-12-20,150.03494262695312,150.74925868003623,149.44444600689957,150.7206872005367,38972600
2017-12-21,150.0540313720703,150.72072360943815,149.88258792086097,150.2445127923467,18638700
2017-12-22,149.88255310058594,149.9396960601135,149.4825378510956,149.8254101410584,23330400
2017-12-26,149.07302856445312,149.2635099723517,148.5301412925023,149.04445707990834,21918700
2017-12-27,149.09202575683594,149.49205549665794,148.9491683731823,149.08250677552434,22388200
2017-12-28,149.27301025390625,149.59684459284063,149.09204785259536,149.56825857907748,25393800
2017-12-29,148.34918212890625,149.43494216387066,148.29203915856078,149.40637067869793,33186000
2018-01-02,150.9492950439453,150.9873855110978,148.73967009631593,149.11111391545026,32573300
2018-01-03,152.416015625,152.54935405731214,151.063578802177,151.09215028532967,29383600
2018-01-04,152.68270874023438,153.13986705213327,152.46365583514958,152.9398666487778,24776100
2018-01-05,154.216064453125,154.32083138375552,153.12078570518497,153.406515018977,26992300
2018-01-08,154.81610107421875,154.8922965299564,154.15892798467908,154.216070943283,23159100
2018-01-09,154.82562255859375,155.28278076761077,154.35894536725462,155.12087087135052,24782400
2018-01-10,154.46371459960938,154.4923006152849,153.45415011717517,154.13989477180954,34004000
2018-01-11,155.52090454101562,155.53043805726432,154.49230208209713,154.7304074635281,20473500
2018-01-12,156.663818359375,156.82572827105156,155.18756212223144,155.3875624996206,37762700
2018-01-16,156.21617126464844,158.50197694567086,155.74947951945387,157.70194641059283,41231800
2018-01-17,157.9019317626953,158.14003710402642,156.19710391319526,156.9590439120141,33849900
2018-01-18,157.9305419921875,158.2924522842073,157.28288780739607,157.65433161552093,26432200
2018-01-19,158.42578125,158.68293911189252,157.66384117985797,158.3972097689895,38937600
2018-01-22,160.12109375,160.12109375,158.18767931809018,158.36864172361447,26081400
2018-01-23,161.44493103027344,161.58780294645447,160.54013369231032,160.6163291410477,37989700
2018-01-24,160.39727783203125,162.14021058986032,159.47342798991207,161.78780481950406,54287400
2018-01-25,160.3401641845703,161.55926253317574,159.82584843990318,161.50211956883464,28925000
2018-01-26,162.79742431640625,162.81647681843344,160.92116705155394,161.23545340459756,32038200
2018-01-29,162.00692749023438,162.778386696782,161.6640551170131,162.45456682562886,37277800
2018-01-30,160.67347717285156,161.35922170036665,159.83535627584138,160.53061978495106,44987700
2018-01-31,161.34022521972656,161.90216505042525,160.330660573931,161.57833063742558,42449200
2018-02-01,159.96873474121094,161.65451047177095,159.4544189503825,160.1020731809072,38037900
2018-02-02,156.7781219482422,159.7211012379888,156.64478350403104,159.34013840675703,68478100
2018-02-05,150.5968780517578,157.8638585118801,150.48259212595508,155.31137595029693,105372200
2018-02-06,154.5875244140625,154.77800579896896,147.72057384507667,148.39678494141438,118537900
2018-02-07,152.58746337890625,155.76854787760288,152.57792986238587,154.09227664356905,91028300
2018-02-08,146.1490936279297,153.1493982975406,146.1490936279297,152.9779548501213,94184800
2018-02-09,148.67298889160156,149.75874872482822,142.9870318738942,148.21581614818166,113836600
2018-02-12,151.31118774414062,152.33980463118837,149.01586314564096,150.19685641637167,63050600
2018-02-13,152.09217834472656,152.39694564098912,150.21590699136837,150.44449336316342,31785600
2018-02-14,154.93992614746094,155.17803152784452,150.48260040242386,151.1969165435746,52107400
2018-02-15,157.81626892089844,157.81626892089844,154.71137948669903,156.33049343051098,51633900
2018-02-16,157.11143493652344,158.8257817691595,156.844743583859,157.30191630317225,62256300
2018-02-20,157.42575073242188,158.74961609827142,156.4923816877796,156.5590581716538,36785600
2018-02-21,156.97813415527344,159.74015096574658,156.88288618271912,158.19723263340782,41161800
2018-02-22,156.95907592773438,158.50199420378158,156.55906061664066,157.66385858084251,37074400
2018-02-23,160.1687469482422,160.1687469482422,157.57815890066405,158.2258131789591,50096900
2018-02-26,162.29261779785156,162.29261779785156,160.78780461661276,160.9211430453098,39266700
2018-02-27,160.2830352783203,162.6069464613825,160.20685433414232,162.3402695583558,42209900
2018-02-28,159.25440979003906,161.7211780550207,159.14964284084527,161.19734330905183,42936300
2018-03-01,156.654296875,160.07350138046797,155.2447170105909,159.34013269718488,76809900
2018-03-02,158.09242248535156,158.36861827782118,154.25416567139965,154.76846679740376,57445100
2018-03-05,159.8449249267578,160.25445925452658,156.75907359405966,157.34958489073205,38540200
2018-03-06,160.52114868164062,161.06403603233136,159.5115839938319,160.62591565110014,29480900
2018-03-07,160.892578125,161.02593110397993,159.01632089404913,159.2925167708488,34609400
2018-03-08,161.77833557128906,161.89262151421573,160.91162841662737,161.55928266974615,25828400
2018-03-09,164.9213104248047,164.9213104248047,162.69264760271784,162.9307529777134,38310500
2018-03-12,165.7975311279297,166.17849390254932,165.03559104589212,165.40703483762567,37635000
2018-03-13,163.54029846191406,166.87377363654682,163.12123068614105,166.17849549365138,55638900
2018-03-14,163.51170349121094,164.52128241063753,162.79738742148695,164.39746297472345,40536400
2018-03-15,163.36883544921875,164.32125681348063,162.7688053392388,163.62599328675253,28810400
2018-03-16,162.88311767578125,164.00696799190936,162.8069222171424,163.645057729372,31176700
2018-03-19,159.4078369140625,161.43024160320346,158.01503916638677,161.31577026046,71395100
2018-03-20,159.9324951171875,160.3045415099787,158.94037625520266,159.4745952236849,34075700
2018-03-21,159.23611450195312,160.9914096778312,158.53972290998405,159.51277298728922,43863500
2018-03-22,155.3057861328125,158.13906847771557,155.10544671525153,157.03246358039524,66607300
2018-03-23,151.21327209472656,155.7827812142799,151.1369530040283,155.12454179383826,80110400
2018-03-26,156.8321075439453,157.02291251430913,151.8333317381252,154.27548397247634,57481500
2018-03-27,151.75701904296875,157.9959546366368,150.4214569761365,157.9959546366368,78889100
2018-03-28,150.01121520996094,152.42474901830462,148.85690947031435,150.88886254423392,89369700
2018-03-29,152.75868225097656,154.26595128430156,149.41979902125522,150.82213114224825,68692600
2018-04-02,148.35133361816406,152.38662262342268,146.79637803299735,151.6711477077012,85549400
2018-04-03,150.0207977294922,150.65041924388012,147.33061920968936,149.64875129942232,64090000
2018-04-04,152.38662719726562,152.85406150682059,146.94900602947428,147.1207275837163,65768700
2018-04-05,153.25477600097656,154.14197278346472,152.13863647955955,153.90348105949408,43054900
2018-04-06,149.41983032226562,153.0735250543722,148.70435519458786,151.56625570529891,59870900
2018-04-09,150.46914672851562,153.4741502320962,150.21158622884087,150.70763837690893,41810400
2018-04-10,153.7889862060547,154.2850384355718,151.7474979428618,152.83501945584536,48296800
2018-04-11,152.9018096923828,154.54263388330853,152.73010264179678,152.82549059555146,41622100
2018-04-12,154.74293518066406,155.2771541703942,153.74126729673216,153.82712080085827,30467900
2018-04-13,153.94163513183594,155.7446320038961,153.27386120818028,155.51568926228833,44604900
2018-04-16,155.11495971679688,155.67779646187486,154.04650733161432,155.01955724363594,28180800
2018-04-17,158.45387268066406,158.79730127055862,156.36468330517022,156.67949405893827,35536100
2018-04-18,158.77822875976562,159.31244781263192,157.70024167041782,158.45388355715073,29573900
2018-04-19,157.3186492919922,158.34893505708456,156.7748812952588,157.97688863272145,34705700
2018-04-20,154.82876586914062,157.0324261552328,154.28499797705368,156.91795483326652,49197100
2018-04-23,154.43765258789062,156.1929476417265,153.60770630233918,155.58240959881076,33040600
2018-04-24,151.1656036376953,155.41075349485524,150.14485205237983,155.17226176629143,70256800
2018-04-25,151.34677124023438,151.9763925898082,149.26713136944983,151.4326392834474,52089300
2018-04-26,154.53309631347656,155.04823201114226,152.80640407597892,153.30247091710893,43005500
2018-04-27,154.62841796875,156.84162711382294,153.75077058388848,156.80346030435737,51043400
2018-04-30,153.53143310546875,155.95450259336823,153.14983761688413,154.99100127790362,35615300
2018-05-01,155.28668212890625,155.30576553670917,152.76821088480287,153.13072285118238,36513500
2018-05-02,154.3708953857422,156.04033707834938,154.1896393872389,155.5538047547087,38646800
2018-05-03,154.351806640625,154.9241778959071,151.89057094069722,153.58863041053968,60337100
2018-05-04,157.28048706054688,157.64299906894266,153.56955713521836,153.68404303892993,41543200
2018-05-07,158.58741760253906,159.10255317725506,157.89101148296623,158.015031802743,32500200
2018-05-08,158.42523193359375,158.76864591744842,157.27092600337622,158.25351038529206,26040200
2018-05-09,160.15196228027344,160.26643364626514,158.14862603714346,158.71146299510826,29122700
2018-05-10,161.8118133544922,161.92629924717664,160.54303600369067,160.66705632227573,27067600
2018-05-11,161.65921020507812,162.04079107862134,160.9532695770082,161.62104338389744,24688800
2018-05-14,161.93582153320312,162.9565727266871,161.66871206425623,162.03122401055887,21821700
2018-05-15,160.1423797607422,160.74338341910325,159.29335000921088,160.6575299125877,49361600
2018-05-16,161.20126342773438,161.5733097997129,160.27591471038733,160.35223378109757,22941200
2018-05-17,160.58116149902344,161.80223729336174,159.79890208520303,160.63839715244998,27480200
2018-05-18,159.75128173828125,160.51444350931894,159.51279004573755,159.96114103585222,26217900
2018-05-21,160.64797973632812,161.69734888497572,159.96112257655443,160.99140831621497,22954600
2018-05-22,160.4380645751953,161.64960599718043,160.1518862959937,161.3824965656774,19477700
2018-05-23,161.79275512695312,161.81182398000652,159.19796458680636,159.21703343985976,26557800
2018-05-24,161.74510192871094,162.03129492966698,160.1138120127279,161.74510192871094,27696500
2018-05-25,161.90721130371094,162.48913150760697,161.42069358165034,161.72595532204866,27460500
2018-05-29,161.1917724609375,162.09803801584877,160.22827122665598,161.17268904902133,41220500
2018-05-30,162.34609985351562,162.63229286969363,161.43029966940378,161.7737283775411,22665800
2018-05-31,162.24111938476562,163.3190918290499,161.82137171879597,162.34604174488177,35670900
2018-06-01,164.7882080078125,164.88359594109775,163.00428043450123,163.051981679332,45543300
2018-06-04,166.27638244628906,166.31453470574903,165.10300759592343,165.20792994853215,20459600
2018-06-05,166.79153442382812,167.06819291854728,166.0569905450258,166.66752865109783,24779300
2018-06-06,167.76454162597656,167.79315945516237,166.12371815625121,166.96321329602873,25036600
2018-06-07,166.400390625,167.8313405557349,165.56090989730416,167.7931882957205,39600300
2018-06-08,166.40994262695312,166.8296902766055,165.20793534724396,165.61814857081356,31780300
2018-06-11,166.8582763671875,167.26847495634297,166.25727284167115,166.2858906708507,22319700
2018-06-12,167.73594665527344,167.89811922821752,166.90600038303756,167.08724180712218,22511800
2018-06-13,167.7263946533203,168.98562284625996,167.35433374944506,167.9935041050461,37858600
2018-06-14,169.4244842529297,169.70112817889458,168.3751151067677,168.49913543032574,35916000
2018-06-15,168.8330078125,169.16690195102314,168.00306151369298,168.78530657037163,49615700
2018-06-18,168.73550415039062,168.87889959369247,167.2441331899221,167.76994079458277,31633200
2018-06-19,168.25747680664062,168.29571072376513,166.06822400988577,166.60358637481113,38236000
2018-06-20,169.45254516601562,170.150427445236,168.87893410053826,169.03189899633693,33038000
2018-06-21,167.98025512695312,170.0547917618418,167.65520115976852,169.88270265126977,43469400
2018-06-22,167.60743713378906,168.61123450801463,167.00514703922673,168.544321490582,30073200
2018-06-25,163.8311767578125,166.33592902042645,162.33980578829733,166.0873574671523,77799700
2018-06-26,164.5004119873047,165.4468511951048,163.83119427619127,164.43348438117974,39008100
2018-06-27,162.26333618164062,165.94397513999513,162.14861981723556,165.19828959629496,52843500
2018-06-28,163.65908813476562,164.2135747837123,161.72794699016262,162.06255578113203,46407700
2018-06-29,164.09886169433594,165.3129966367669,163.85985955694977,164.44302535567334,36408500
2018-07-02,165.1982421875,165.24604552146133,162.20593144938016,162.55964986314098,31770000
2018-07-03,163.28623962402344,165.8196560798324,163.1237199445499,165.8196560798324,25512700
2018-07-05,165.31300354003906,165.44684415906303,163.50614788944875,164.34744011618994,31626200
2018-07-06,167.8846435546875,168.00892932050658,165.38946093055762,165.69539063487187,37005600
2018-07-09,169.39515686035156,169.43339078373597,168.08542981832707,168.75463288405007,27362100
2018-07-10,169.5194091796875,169.90180668818485,168.93624349733463,169.7106079339362,23902500
2018-07-11,168.6590118408203,169.28042609631146,168.0662912598415,168.19056244091453,30280600
2018-07-12,171.56532287597656,171.56532287597656,169.29001756621378,169.40473393896326,27930100
2018-07-13,171.70867919921875,171.9859152326762,171.07771011786284,171.55571434539948,28049800
2018-07-16,171.29759216308594,172.03372277598598,171.01080128958228,171.7469173149506,21405300
2018-07-17,172.33963012695312,172.70290338209378,169.48115989587336,169.48115989587336,31034100
2018-07-18,172.01463317871094,172.5022069369649,171.48884007966512,172.3587968837877,23220800
2018-07-19,171.15419006347656,171.96680307352062,170.95343645983914,171.39319217377997,31094100
2018-07-20,171.115966796875,172.24404982571906,170.9247534267037,171.6704534778013,35897300
2018-07-23,171.660888671875,171.73737110449335,169.92096073928815,170.6092880453208,22184700
2018-07-24,172.3683319091797,174.0413467496424,171.6608803822726,173.42950190577446,36900300
2018-07-25,174.77745056152344,174.88259747419758,172.3587360568394,172.44478789339112,35026600
2018-07-26,172.12933349609375,172.9610562238256,171.89988620437748,172.40656954282701,40873500
2018-07-27,169.80621337890625,173.33388683436783,168.83109527924955,173.21917049029787,59456100
2018-07-30,167.40664672851562,169.9113842962426,166.60360310050828,169.81579220006947,60193000
2018-07-31,168.6876983642578,169.3377917353886,167.1294144153225,168.06629866890432,47285100
2018-08-01,169.32821655273438,169.8348998778671,168.35309841051577,169.0796596005568,37101900
2018-08-02,171.63218688964844,171.8329550721673,168.05671022204055,168.13319264454628,47178200
2018-08-03,172.1580047607422,172.16755959380498,171.20199630333306,171.95723656617247,28934400
2018-08-06,173.17135620117188,173.21915953735535,171.83295031321526,172.04327332239848,24808800
2018-08-07,173.80239868164062,174.1274381650093,173.28614577272685,173.6589886124818,29895700
2018-08-08,174.01266479492188,174.3281493387145,173.09489025047682,173.56333964959887,22680700
2018-08-09,173.90750122070312,174.59582847400205,173.6493748538332,173.90750122070312,18852900
2018-08-10,172.5786590576172,173.24786209225556,171.928565690017,172.73160933158303,33818500
2018-08-13,172.38746643066406,174.00310860501165,172.31098399718383,172.89414978837965,26089200
2018-08-14,173.4677276611328,173.66849585105192,172.11975226640322,173.04708161561172,20913000
2018-08-15,171.3454132080078,172.63603062224834,170.28424310380854,172.09109873122534,58528000
2018-08-16,171.90951538085938,173.0280439651522,171.57490645423852,172.6647559405395,27711800
2018-08-17,171.94766235351562,172.3778631933571,170.4276125785619,171.46010334669927,36092600
2018-08-20,171.7947235107422,172.3970135301703,171.1255204822287,172.33008593355297,24939000
2018-08-21,172.4257354736328,173.4582266546169,172.20585754979984,172.31101909381312,26258700
2018-08-22,173.0948944091797,173.29566261006457,171.8425256245856,172.06240349219712,18042400
2018-08-23,172.8463592529297,174.04137001299208,172.55955375300798,172.7890010704521,25776200
2018-08-24,174.4524383544922,174.59584839134916,173.38171343278506,173.41994735676047,23136100
2018-08-27,176.23057556152344,176.23057556152344,175.05468937670923,175.33192537941855,29343600
2018-08-28,176.4887237548828,176.88069072753476,176.1158810360882,176.69904678471892,20277000
2018-08-29,178.5250244140625,178.6206165071914,176.72772384787535,176.79463685431242,29175600
2018-08-30,178.2095489501953,179.27071897443795,177.6168137574666,178.1808698620427,29315500
2018-08-31,178.43899536132812,178.94567874098533,177.79847136416777,177.98967016238183,28653200
2018-09-04,177.67416381835938,178.19995675899344,176.71815543534433,177.89404166194436,29063500
2018-09-05,175.3797607421875,177.38738447682084,174.77748529182344,177.35870538811457,42623300
2018-09-06,173.81190490722656,175.6665637510386,172.63601852417762,175.4562407117899,46091400
2018-09-07,173.14273071289062,174.63410190327272,172.5022066548437,172.5595648410069,46629500
2018-09-10,173.72584533691406,174.23252861526743,172.77939178181404,174.13692194150892,26132000
2018-09-11,175.0642547607422,175.35106020024824,172.57864165592792,173.02796677406357,30116500
2018-09-12,174.54800415039062,174.93040165068362,173.047064057305,174.80613048622968,36204000
2018-09-13,176.41224670410156,176.74685551291205,175.56139972566018,175.6378821558892,31133200
2018-09-14,175.89602661132812,176.81378669333077,175.19812983408985,176.53655061934944,31224100
2018-09-17,173.36257934570312,175.7239215275473,173.20005964984136,175.5996357534927,33071200
2018-09-18,174.796630859375,175.6474780366521,173.41997596860412,173.50602783992886,31877300
2018-09-19,174.6627197265625,175.2363305620474,173.52506747495272,174.82523939285966,31843400
2018-09-20,176.59390258789062,176.83290472818524,175.44669523198306,175.86734133290685,33295800
2018-09-21,175.62831115722656,177.32043553737648,175.40841872023302,177.07187860265884,38605400
2018-09-24,176.1167755126953,176.18382355361433,173.63626104680282,174.3545577571891,34945600
2018-09-25,176.35621643066406,176.49029790531833,175.43679016604568,176.04016410888227,25277500
2018-09-26,176.48068237304688,178.12797700632498,176.13589943552864,176.50941306669162,36210600
2018-09-27,177.97474670410156,178.60685122667743,177.10320997877255,177.19898870538657,33113300
2018-09-28,177.93641662597656,178.40570897072828,177.15108665635015,177.47671092146888,28076800
2018-10-01,178.30038452148438,179.60289638784366,177.85025077705106,178.9707918173054,27371300
2018-10-02,177.89816284179688,179.26770830558536,177.48634638388617,178.14716712236253,25618600
2018-10-03,178.0896759033203,179.06656341761877,177.81194096818123,178.6451603873809,29128700
2018-10-04,174.67059326171875,177.48631843379175,173.40638415842778,177.37138103381272,80557300
2018-10-05,172.5348663330078,175.2356690153646,170.8875713523755,174.65145376509633,83325600
2018-10-08,171.48133850097656,173.00412373183923,169.45094357937842,171.93147219016709,66864500
2018-10-09,172.0368194580078,173.36806183146146,171.19401348444373,171.60582983093832,49097900
2018-10-10,164.4707794189453,171.0695309358873,164.2505058644558,170.9641801726474,114471100
2018-10-11,162.4308319091797,166.07019014174904,160.71648894566152,163.79080523223794,143084500
2018-10-12,166.9512939453125,167.46846107503833,163.70457923517853,166.80762585487946,102078400
2018-10-15,164.93048095703125,166.6831117783642,164.30794847676808,166.36707413855643,64885300
2018-10-16,169.7287139892578,170.14053039475633,166.35750422576476,166.6639844832564,71979700
2018-10-17,169.7957763671875,170.7247747121792,168.05271710025522,170.55239049828077,66987600
2018-10-18,165.8594207763672,169.21147065088175,165.15071101285898,169.15400927695165,82486200
2018-10-19,165.7062530517578,168.62732902576678,165.10287918771158,167.20030774960298,82923700
2018-10-22,166.55865478515625,167.84200814468886,165.29444548380062,166.70230829040807,52909300
2018-10-23,165.94569396972656,166.76934142502856,161.68380320080837,163.42686223509,77567000
2018-10-24,158.3508758544922,166.03186490148374,158.06355429251641,165.75412998030222,102997400
2018-10-25,163.82913208007812,164.80601982157364,160.09399455933905,160.81229136054162,83481100
2018-10-26,159.61508178710938,162.77558968000454,157.28779325538622,158.2167913399538,130970900
2018-10-29,156.3301239013672,162.67987279511098,153.32285497725766,162.0573546977501,111871900
2018-10-30,158.90638732910156,159.02131012791924,155.16166358726122,155.87038827879994,92584000
2018-10-31,162.64151000976562,164.01105516381767,161.41560371481106,161.49222377160706,73828600
2018-11-01,164.7868194580078,164.95921824584894,161.64547007793232,162.88094844715022,52706800
2018-11-02,162.22010803222656,165.25610655982166,161.10913912231683,164.2792190967092,75966800
2018-11-05,161.81784057617188,162.4882477143906,160.01730602171622,162.43078633308323,39573500
2018-11-06,163.0437469482422,163.95358633400878,161.5879951627471,161.82742734920043,34410400
2018-11-07,168.15802001953125,168.15802001953125,164.60483983524483,164.99751214018883,51169600
2018-11-08,167.08535766601562,167.8898462774645,166.29044108073387,167.37266458883278,40296500
2018-11-09,164.26963806152344,165.92650469475527,162.96712638672764,165.5242603764217,50602700
2018-11-12,159.29904174804688,163.42685076303013,159.15537365194018,163.1203851294777,62578400
2018-11-13,159.43313598632812,162.31589480177524,158.98300222057682,160.04608191636214,64128100
2018-11-14,158.21678161621094,161.5688321361043,157.306942254996,161.0133477248683,75270700
2018-11-15,160.984619140625,161.41559414749923,156.5503450464656,157.929462145707,73254300
2018-11-16,160.4195556640625,161.19531356518837,158.77226114724553,159.41393761624818,65390700
2018-11-19,155.2095489501953,159.84495349074516,154.71152581187178,159.65341062640036,67280500
2018-11-20,152.43214416503906,154.55830361675152,150.48795555319688,151.67553010597686,102652800
2018-11-21,153.59092712402344,155.12329869180635,152.49911713145607,154.52951165083516,42965800
2018-11-23,152.4800262451172,154.04111443159684,152.3650888385038,152.3650888385038,23503700
2018-11-26,156.0044708251953,156.0810908961972,153.96450344939973,154.61576674602367,42012600
2018-11-27,156.5312042236328,156.92387655603252,154.36672768859805,155.15207235339744,36608100
2018-11-28,161.56887817382812,161.56887817382812,156.55995963299583,157.66134212927847,70141000
2018-11-29,161.04209899902344,162.10517859860556,159.76833249879968,160.88887349071882,44885700
2018-11-30,162.2104949951172,162.30627370457856,160.45784983118503,161.26235299483437,36722800
2018-12-03,165.04541015625,165.9839803128361,162.34460785529254,165.79243747060372,50771700
2018-12-04,158.71481323242188,164.64315666809216,158.52327040081738,164.18343633570382,70594700
2018-12-06,159.83535766601562,159.8545163337329,154.93179092267079,155.5160060709038,71715500
2018-12-07,154.5582733154297,160.05562709303462,154.06025026402025,159.13621565912007,80432200
2018-12-10,156.17681884765625,156.85679800926047,152.67152846165328,154.27093356248665,73960800
2018-12-11,156.69400024414062,158.7626978365572,155.37232990224433,158.72438050311567,59058300
2018-12-12,158.07313537597656,160.51534664623787,157.98694329454858,158.98297477876145,53780000
2018-12-13,158.1210479736328,159.76834285842517,157.09627103123313,159.10750757613502,46378500
2018-12-14,154.27096557617188,156.88556125607508,153.9070239351938,156.31093271186938,56547400
2018-12-17,150.7752685546875,154.8360447513919,149.56853528285876,153.61015280781788,74834100
2018-12-18,151.72337341308594,153.1886971019883,150.40170317847608,151.94364691426102,63642100
2018-12-19,147.99781799316406,153.92616111059908,146.85811847769202,151.4935219770848,81856500
2018-12-20,145.8525390625,149.28121054406392,144.03285985688845,147.63391553920562,99002100
2018-12-21,141.3321075439453,147.57649151582567,140.51803186411465,146.58045956037708,141129400
2018-12-24,137.82728576660156,142.13018229184672,137.78887345944776,140.3052972624004,56163300
2018-12-26,146.43309020996094,146.50991482255682,138.393955810971,139.34482526725355,98982100
2018-12-27,146.99977111816406,147.12462211194494,141.265770494056,144.42570679198778,85824300
2018-12-28,146.9229736328125,149.43939822880407,145.72238714150404,148.05632024592123,77856600
2018-12-31,148.1619415283203,148.85348037546714,146.67322631420646,148.36364646523555,53015300
2019-01-02,148.75743103027344,149.59303430094494,144.91555534999236,145.0212075174238,58576700
2019-01-03,143.89749145507812,147.20149293696977,143.58053488490796,146.56759445222525,74820200
2019-01-04,150.0540771484375,150.79364242824448,145.74158044838236,146.317853091057,74709300
2019-01-07,151.84056091308594,152.58012624513927,149.93883614340177,150.4286701226186,52059300
2019-01-08,153.21405029296875,153.78072360142633,150.98575472292987,153.23324912486444,49388700
2019-01-09,154.4626007080078,155.13492594236237,153.16596195521686,153.80947429778413,46491700
2019-01-10,154.90444946289062,154.99088816130418,152.42643751920454,153.2908684701247,38943400
2019-01-11,154.33773803710938,154.50101597890315,153.47330730011788,153.99196867343102,30176600
2019-01-14,152.97393798828125,153.6366641002419,152.32081129258188,153.0315637970435,30710200
2019-01-15,155.9609375,156.17224182073065,153.5885782536444,153.6750169333274,40874200
2019-01-16,155.93214416503906,157.30560776646755,155.87450371576233,156.22027313345518,33812200
2019-01-17,157.16159057617188,157.86272903629728,155.1830262344823,155.43274296745352,39329000
2019-01-18,158.71749877929688,159.45706399669095,157.3440351740157,158.26607718672068,57183200
2019-01-22,155.53834533691406,157.651374112492,154.40498434605016,157.57453483721366,56711700
2019-01-23,155.7400360107422,157.04627438264123,153.98239071076293,156.33553673177994,38106100
2019-01-24,156.7485809326172,156.97909883196147,155.65364655802824,156.2491328118369,32417800
2019-01-25,158.6214599609375,159.10169449264558,157.4689000159571,158.00676034657496,36515900
2019-01-28,156.66212463378906,156.67172404933518,155.35588599530178,156.57568592708532,33491200
2019-01-29,155.1829376220703,156.7869186206004,154.62586400760526,156.74849166479478,30784200
2019-01-30,159.13050842285156,159.70679572687203,156.45080616702478,156.9406401165257,41346500
2019-01-31,161.5124969482422,162.3096881071733,159.8893017281195,160.11020553064856,37258400
2019-02-01,160.83045959472656,161.93500724687098,160.38865225833868,160.715208055771,32143700
2019-02-04,162.8283233642578,162.8283233642578,160.7152943011531,160.85935880215754,26718800
2019-02-05,164.26898193359375,164.4610727674361,162.98195722569974,163.04918242252853,28156400
2019-02-06,163.7791748046875,164.59556464548544,163.03960958547586,164.307435675553,27970000
2019-02-07,161.57968139648438,162.75145464472124,160.35028235826744,162.34805945926811,42036200
2019-02-08,161.89662170410156,161.92543459620973,159.98529813483376,160.1677748996552,29020700
2019-02-11,161.74298095703125,162.87634204852674,161.33958571769728,162.48254622360744,21434100
2019-02-12,164.1345672607422,164.37468454064003,162.636237779075,162.92438144607155,29722100
2019-02-13,164.2498016357422,165.3543498007642,164.06732483286177,164.86450122157575,26094100
2019-02-14,164.45152282714844,165.03740957275414,163.11647134527254,163.66393111919507,30326800
2019-02-15,165.14300537109375,165.73849132848542,164.37462741135542,165.70007902551427,32521700
2019-02-19,165.4696044921875,165.96905249490422,164.60518822128057,164.63400111993784,19487700
2019-02-20,165.44076538085938,166.23795631378943,164.54753635281963,165.58482985131994,32593000
2019-02-21,164.83566284179688,165.45036233260512,163.96164730801698,164.99894079108745,25207400
2019-02-22,166.0554656982422,166.170717275178,165.10459622174534,165.19104956003937,27735400
2019-02-25,166.66055297851562,167.75548684202369,166.5452867548472,167.32327880614253,32608800
2019-02-26,166.8334503173828,167.36171116034177,165.9786335553557,166.25717775236717,21939700
2019-02-27,166.72779846191406,166.92950338618368,164.97013855690938,166.06507255364755,25162000
2019-02-28,166.3436737060547,166.93915995825725,165.87303849201206,166.20920859569935,25085500
2019-03-01,167.49618530273438,167.74590196221658,166.3340113852346,167.5442116829869,31431200
2019-03-04,167.52499389648438,168.8408316791608,165.65208235949413,168.60071443965967,38063500
2019-03-05,167.6498565673828,168.16850334701462,166.82385269197442,167.6498565673828,22319900
2019-03-06,166.69900512695312,167.84196563554667,166.43007496676577,167.8131527366405,27194600
2019-03-07,164.6531982421875,166.3340190392156,164.03849865121242,166.2763932424983,39407400
2019-03-08,164.4034423828125,164.48988105728432,162.6457827239318,162.8090606609088,39303200
2019-03-11,167.82276916503906,167.93803542794407,165.05662800045127,165.08544090227852,30518400
2019-03-12,168.74481201171875,169.17702015891996,167.8611822324911,168.2645774802519,33953500
2019-03-13,170.0126190185547,170.89624877421025,169.37872059218066,169.61883785150863,42426100
2019-03-14,169.72445678710938,170.32954219629067,169.67643041353205,170.1278519450941,23751500
2019-03-15,171.2996063232422,171.80865358502172,170.27189773266736,170.38714929213745,38192000
2019-03-18,171.7075958251953,172.22720115194963,170.8800887378486,171.22648739493013,32935100
2019-03-19,172.28492736816406,173.19903042562433,171.55363317638486,172.41000557286546,36893300
2019-03-20,172.9681396484375,174.02658432545815,171.50558023580416,172.29459061863693,50105000
2019-03-21,175.67198181152344,175.9221529702224,172.4293002224174,172.44854867532277,42428500
2019-03-22,171.81346130371094,175.38329275355937,171.6306377286633,174.91180114855572,70794500
2019-03-25,171.48634338378906,172.0829133245031,170.24507502565152,171.18805841343206,46336500
2019-03-26,172.28492736816406,173.86296239141808,171.40930652393567,172.81414956425067,33248100
2019-03-27,171.1783905029297,172.92963240934927,169.92752020664778,172.5447515000726,37096700
2019-03-28,171.5728759765625,172.21755947338775,170.54331163103248,171.6209897532164,30368200
2019-03-29,172.87191772460938,173.03549286028908,171.84233843958967,172.90078306136067,35205500
2019-04-01,175.16197204589844,175.37366095543544,173.9399670562491,174.65199822263182,30969500
2019-04-02,175.825927734375,175.99913444829934,174.9118244197853,175.35445074890936,22645200
2019-04-03,176.836181640625,177.93310807700053,176.28772576356798,176.81693319584326,31633500
2019-04-04,176.7688446044922,177.52898937250424,175.74888252215143,176.88430591551622,28530800
2019-04-05,177.68296813964844,177.7888125810912,177.06714993914423,177.2788388220298,25674700
2019-04-08,178.13522338867188,178.27955005400142,176.6918980063161,177.39431224802837,22697500
2019-04-09,177.50973510742188,178.11593633495005,177.13447117663344,177.52898355271566,25631900
2019-04-10,178.4623565673828,178.52008722799886,177.54825351568024,177.74069394515496,24563000
2019-04-11,178.0390167236328,178.7606794995268,177.71186645563824,178.7606794995268,20654100
2019-04-12,178.80877685546875,178.9242381906757,178.0678656959381,178.82802530542503,24989100
2019-04-15,178.83763122558594,179.03970323207545,177.64447699995412,178.81838277680967,21073000
2019-04-16,179.45343017578125,179.84794258087592,178.90495956153796,179.49191238693692,27195700
2019-04-17,180.0789031982422,180.8294312733296,179.5496956013399,180.65623926320143,29651600
2019-04-18,180.30982971191406,180.69471061055228,179.25138521726126,180.37719194442158,28580900
2019-04-22,180.81982421875,180.88718645897245,179.38611554493085,179.52084002537575,17936000
2019-04-23,183.11952209472656,183.3408279023619,181.02189600003777,181.28168402898353,33665600
2019-04-24,182.5421905517578,183.50440753605787,182.48444519959637,183.27347017421008,24977100
2019-04-25,183.28306579589844,183.9951115672923,182.29198359162544,183.90851557249508,29517500
2019-04-26,183.44668579101562,183.4851826974106,181.46452089744216,182.99444257561572,26359500
2019-04-29,183.8026885986328,184.09135662432416,183.1483734282481,183.44665833796506,21716200
2019-04-30,182.3786163330078,182.67691595674168,181.09888055489628,182.3208856581778,31495300
2019-05-01,181.79165649414062,184.09136929162284,181.66657826413814,183.57176387317134,34797100
2019-05-02,181.0026092529297,182.67687182990718,179.8094550930104,181.73388876124324,44110100
2019-05-03,183.88926696777344,184.02397674254277,182.17652211045012,182.5036723231379,30386200
2019-05-06,182.76344299316406,183.01361405043414,179.70358624157254,179.9826373076254,38371800
2019-05-07,179.20327758789062,181.5414575662549,177.53863180895547,180.77168112334894,58818100
2019-05-08,178.7510223388672,180.09812001076972,177.97162906567618,178.61631257167693,37165300
2019-05-09,177.78883361816406,178.40465189153568,175.2100845043627,176.7592544130068,55351700
2019-05-10,178.0101318359375,178.8665043153171,174.19012945384995,177.1537593565579,58526400
2019-05-13,171.8327178955078,174.4114524721555,171.33236093202893,173.4781007843609,67185800
2019-05-14,173.71865844726562,174.76748618244258,172.10214086284645,172.7372076348398,43360600
2019-05-15,176.17227172851562,176.61489792007876,172.53509337142626,172.57359026578652,40944500
2019-05-16,177.9427947998047,179.03973634898506,176.03760912195918,176.2492980508606,39281200
2019-05-17,176.1241912841797,178.56823065938852,175.9702477243939,176.1819366366487,44702300
2019-05-20,173.15090942382812,174.3344319713282,172.5639565912485,173.67051471549564,38608300
2019-05-21,174.95993041992188,175.44103895167694,174.08430936838351,174.64239702709148,31613800
2019-05-22,174.1805419921875,175.19087287458737,173.92073926648064,173.9881015103655,24332600
2019-05-23,171.5151824951172,172.2560937058502,170.4471210238457,172.1791145829706,45351300
2019-05-24,171.42855834960938,173.05470718314362,171.2168694670035,172.43888898345307,25903300
2019-05-28,170.78387451171875,172.87188332069977,170.76462606362628,171.90966646777227,24763800
2019-05-29,169.37905883789062,170.3124105107512,168.4745725007048,169.72545754825398,42178800
2019-05-30,170.091064453125,170.5721728435252,169.12884767232458,169.83126181127528,30354800
2019-05-31,167.37762451171875,168.66699161620494,167.30064539890793,168.0896702935205,45446200
2019-06-03,163.69235229492188,167.37764518825477,162.87447664951878,166.92540202103987,75842300
2019-06-04,168.3013916015625,168.35912227672463,164.89513494432342,165.53020173564153,47797800
2019-06-05,169.55224609375,169.93712698012806,167.79138740815426,169.90826164776294,34412700
2019-06-06,170.89932250976562,171.31306867677563,169.09035026899315,169.84087818117263,29913200
2019-06-07,174.19973754882812,174.90216644267554,171.5921380252905,171.81344379672484,45888300
2019-06-10,176.22999572753906,177.8657759839731,175.32552429594188,175.36400650658447,41385300
2019-06-11,176.47059631347656,178.39503036131063,175.87402645697333,178.0678800969228,41260300
2019-06-12,175.4506378173828,176.35512411335162,175.12348757313282,175.98947696844533,27758100
2019-06-13,176.48983764648438,176.9228323533294,175.8355371440992,176.1819358460284,23715800
2019-06-14,175.7393035888672,176.19154673105024,175.0657546586793,175.5853453527484,22844100
2019-06-17,176.79774475097656,177.28847010173496,175.93174070095768,176.1241811513179,20379500
2019-06-18,179.36685180664062,180.62735356804424,178.42386869468157,178.88574336749332,48177300
2019-06-19,180.0404052734375,180.444534610749,178.55859770329533,179.60741060362267,31672900
2019-06-20,181.71466064453125,182.5902668322757,180.08851179516222,182.5517846179108,40922000
2019-06-21,181.4452667236328,182.5999241870914,181.06037111430246,181.5029973944658,39980400
2019-06-24,181.4510498046875,181.99108032614396,181.35460947668682,181.8078525317795,19375200
2019-06-25,178.33621215820312,181.43176431862045,178.06619688925608,181.3256858404821,33921100
2019-06-26,179.16555786132812,180.65065662893076,178.87626628362696,179.52237533170836,22595700
2019-06-27,179.85020446777344,180.2745182964771,179.35839419253546,179.81163717185748,19709200
2019-06-28,180.08164978027344,180.47701973790902,179.43554090127455,180.28415383167024,21179200
2019-07-01,182.51182556152344,183.7751291531385,181.66321245036795,183.53404304030585,31025600
2019-07-02,183.23507690429688,183.25436791271096,181.93322077354125,182.4539602828979,18035800
2019-07-03,184.6140899658203,184.6140899658203,183.50508510296177,183.69796575022585,15792100
2019-07-05,184.2379608154297,184.57547245377822,182.63714592525497,183.35076592460052,21415600
2019-07-08,182.94577026367188,183.10005417407643,182.19356814483825,183.04219586833386,17598800
2019-07-09,183.86192321777344,184.09335647696852,181.9235813836399,182.0778800329227,19193500
2019-07-10,185.6941375732422,186.2052388792466,184.64300580917472,184.9805322028273,28374500
2019-07-11,185.55914306640625,186.4463381265697,184.97089240845,185.97381879974952,23736100
2019-07-12,186.6295623779297,186.63920052420542,185.58806870579383,185.7616583418467,20211900
2019-07-15,187.22743225097656,187.26601426163484,186.5427560664113,187.06349549249296,15606100
2019-07-16,186.2631072998047,187.16959335281263,185.6941476587813,186.9960184310335,20190900
2019-07-17,185.34701538085938,186.5910280625113,185.32772437017064,186.26313973972202,16765100
2019-07-18,185.55914306640625,185.9159457768178,183.89083141602967,184.46942921280024,28877000
2019-07-19,184.1994171142578,186.9188753641791,184.0065511787032,186.83208790038867,29387900
2019-07-22,185.66522216796875,186.0606068950132,184.61409032607472,184.61409032607472,18954900
2019-07-23,186.88027954101562,186.8995705475641,185.43376305913708,186.67777547379953,23786700
2019-07-24,188.19180297851562,188.2014558399006,186.14739756787137,186.1666885759136,20422900
2019-07-25,186.4077911376953,187.58429258180377,186.05097367367617,187.55536342454937,23434700
2019-07-26,188.3268280029297,188.57756698645863,187.49749115723276,187.5939314916253,20431200
2019-07-29,187.68067932128906,188.22070976447068,186.4945399753919,188.15321331643597,20451700
2019-07-30,186.8706817626953,187.603578307865,186.1088560588169,186.24386370436739,18705000
2019-07-31,184.28622436523438,187.4974783316908,182.56969247651398,187.37212356323013,41627500
2019-08-01,183.37008666992188,188.02787201204782,182.48289156400193,184.60444635769994,63251600
2019-08-02,180.66995239257812,182.25147682278245,179.5706002242011,181.9910996812714,55214000
2019-08-05,174.2859649658203,176.96684130791903,172.81051916296485,176.88969198764005,75040000
2019-08-06,176.7257537841797,177.2465080132084,174.6138518567174,175.89641699123567,41897200
2019-08-07,177.6804656982422,177.93118995904865,173.47592328905964,174.80672334465785,49990600
2019-08-08,181.5474395751953,181.60531258940676,177.98902172426355,178.48083198462194,38418100
2019-08-09,179.84056091308594,181.29671540440538,178.4326118615301,180.6795356852347,33608900
2019-08-12,177.7769012451172,179.27162333721745,176.95720259516114,178.73159281171954,24642900
2019-08-13,181.67286682128906,182.91686480011617,177.45868590135373,177.62262270695234,40241900
2019-08-14,176.24356079101562,179.31982149414472,175.9156872571635,178.75086188280258,51000500
2019-08-15,176.0410614013672,177.04397303588087,174.70062336351305,176.4750134094286,36685000
2019-08-16,178.8666229248047,179.31986604025738,177.53583745248383,177.6419159415202,32781400
2019-08-19,181.71141052246094,182.09715711616644,180.8145772822106,181.4510481257787,22494100
2019-08-20,180.30343627929688,181.91388932778108,180.2552161263444,181.25814233474668,19902900
2019-08-21,181.904296875,182.48289471159143,181.2581878643723,181.88500586602842,20418500
2019-08-22,181.31605529785156,182.70471371909434,179.8888148567247,182.24181776886064,24243700
2019-08-23,175.5782012939453,181.73070888661712,175.08637620640454,180.08168811530476,55372400
2019-08-26,178.2301025390625,178.27830797739955,176.55213832969454,177.57434082981618,27598900
2019-08-27,177.85401916503906,179.7730696946453,177.15970477934187,179.47412530427073,28012800
2019-08-28,178.490478515625,178.78942288683274,176.3882150569861,177.27541002515053,21792400
2019-08-29,181.21957397460938,181.74032812215577,180.02378177906377,180.70847268721528,25358900
2019-08-30,180.78567504882812,182.2321918824947,179.76347217406058,182.1936098600147,26319800
2019-09-03,179.0305633544922,180.50600936792938,178.43267443040742,179.58024682190975,27964200
2019-09-04,181.61497497558594,181.76927360462787,180.2359548899553,180.75670908429004,21592100
2019-09-05,184.94195556640625,185.47234789411004,183.55329736831882,183.62080853490238,33932600
2019-09-06,184.7587127685547,185.3180342036889,184.35368994615934,185.25053775731914,19487800
2019-09-09,184.3730010986328,185.41449477634012,183.43758588943442,185.33734546154028,24407600
2019-09-10,183.84259033203125,183.93903064454796,182.17427887151726,183.3797092043476,23744700
2019-09-11,185.5687713623047,185.6652116806775,183.76545218360127,184.18976604087894,25063600
2019-09-12,186.34024047851562,187.7674806027254,186.08951626385894,186.70669601239732,28689900
2019-09-13,185.67486572265625,186.50420250159303,185.433779620811,186.07025046121714,27669800
2019-09-16,184.8455047607422,185.23125130206486,184.2958361721056,184.4790639398931,20319000
2019-09-17,185.73272705078125,185.73272705078125,184.4694235962984,184.86480830995959,20953400
2019-09-18,185.65557861328125,185.73272792714457,183.3315051953531,185.34698135782804,29781300
2019-09-19,185.9641571044922,187.12136735778844,185.60735441103026,185.9834481112197,26039400
2019-09-20,183.99691772460938,186.4174169142149,183.37973788625789,186.22455097374157,29086100
2019-09-23,184.0780792236328,184.628871104922,183.32437488195436,183.9427993352393,22485900
2019-09-24,181.6333770751953,185.3245940499177,180.84101287581774,184.91875436648135,40820700
2019-09-25,183.67221069335938,184.155355182322,179.93267706699658,181.44974309525136,34704900
2019-09-26,182.99581909179688,183.59491356522267,181.64300561888663,183.43064620136076,26826000
2019-09-27,180.72506713867188,183.43067983620793,179.4882181474102,183.3340450188519,40773500
2019-09-30,182.4450225830078,182.7349122300639,181.08255156292404,181.459403680777,26307700
2019-10-01,180.9569854736328,184.16505800126762,180.65743817600102,183.1118062952709,32367600
2019-10-02,177.84548950195312,179.75873755159827,176.8502130333135,179.72975006178547,48544300
2019-10-03,179.79739379882812,179.9326736634027,175.69066572032838,177.8261560642846,39392500
2019-10-04,182.4450225830078,182.7059247397983,180.5800919020534,180.7733467519575,31887600
2019-10-07,181.89431762695312,183.34375169239325,181.5754403632276,181.92330512870947,21216000
2019-10-08,179.1693115234375,181.52705913350886,179.02437406560549,180.7540249548034,32379300
2019-10-09,180.9183349609375,181.73968673396465,180.14530060004208,180.68643497375172,20147400
2019-10-10,182.3194122314453,183.04412902433046,180.81200366134837,180.9666134491534,25177700
2019-10-11,184.66748046875,186.13624379040053,184.2906283707922,184.39692074428794,40976700
2019-10-14,184.64817810058594,185.23761503344608,184.22300854319158,184.40660582883018,14975000
2019-10-15,186.99624633789062,187.43107342721996,185.10231346171,185.21826342035794,23234200
2019-10-16,186.532470703125,187.00595774455124,185.94303366967756,186.35854571509321,20457100
2019-10-17,187.0252227783203,187.94319430031612,186.3101636719705,187.65330467642303,19045200
2019-10-18,185.22796630859375,187.1412146639631,184.28100708645772,186.68705759179127,27700800
2019-10-21,186.87066650390625,186.99628881724513,185.66280501227223,186.21359692977077,15801200
2019-10-22,185.38258361816406,187.8659391240819,185.32459388252326,187.60503691910756,22392300
2019-10-23,185.7401123046875,185.77875738537927,184.70617577724448,185.00573781631897,14828400
2019-10-24,187.54708862304688,187.66305336643208,186.24260690130237,187.0639439680886,18998500
2019-10-25,189.04476928710938,189.14140407971516,186.54208444925152,186.58072951965428,21507100
2019-10-28,190.9097442626953,191.16097412031385,189.92412525382005,189.92412525382005,18818700
2019-10-29,189.4313201904297,190.8807539285288,189.4023326952199,190.59087897643093,18569700
2019-10-30,190.34927368164062,190.66815081805987,188.70657060110517,189.7984818793529,21764300
2019-10-31,190.43624877929688,190.98702587370468,189.33467984608038,190.90006339738778,26801800
2019-11-01,192.16592407226562,192.17559640046144,190.96773492820273,191.25760988602264,22131900
2019-11-04,193.35438537597656,193.76988246246265,192.16583959380333,193.44134782509278,19015900
2019-11-05,193.46070861816406,193.78924330799057,192.8229544006901,193.5959884754102,15048900
2019-11-06,193.02590942382812,193.2578241207577,192.0886077972903,193.2384942099131,19725500
2019-11-07,193.67330932617188,194.91983047112947,193.1128746461331,193.99218648547728,17832400
2019-11-08,194.4463348388672,194.46566474764685,192.81330404039159,193.32545078445105,15258800
2019-11-11,194.1854248046875,194.26271494200418,193.19980599331655,193.46070812605564,10147600
2019-11-12,194.7459259033203,195.3933526657423,194.05021121908254,194.3497585227802,14778300
2019-11-13,194.79420471191406,194.97780198925622,193.94388037995134,194.06948792939545,15774600
2019-11-14,194.6396026611328,194.76522495996971,193.47040112907075,194.05983805871898,16945400
2019-11-15,196.0697479248047,196.0697479248047,195.19042120152716,195.81850329278066,18427900
2019-11-18,196.2243194580078,196.53352427903613,194.96814077615434,195.76049010986472,18365900
2019-11-19,196.51422119140625,196.9683782748652,195.76051682830465,196.9683782748652,16923300
2019-11-20,195.33534240722656,196.59152122945096,193.85692121276622,196.00208426833655,36629000
2019-11-21,194.90052795410156,195.25806498294364,194.29177578659767,195.12277034082828,17883600
2019-11-22,195.02615356445312,195.4996405866513,193.97290186128916,195.38367585493555,17189600
2019-11-25,197.33555603027344,197.37420110572796,195.83780501549066,195.86679250818185,17752800
2019-11-26,197.7124481201172,197.96367802232615,197.17132848803377,197.46121821790823,14780600
2019-11-27,199.09417724609375,199.10384957242104,197.98295080404748,198.22452305183145,16963100
2019-11-29,198.18592834472656,198.89131535908382,198.0892935232952,198.5917680548117,9854600
2019-12-02,196.1566925048828,198.26319572146468,194.97781859205008,198.1955631497589,28007000
2019-12-03,194.62026977539062,194.6975746642208,192.51375210186762,193.46072593173756,31104100
2019-12-04,195.60589599609375,196.06972538139172,195.32567864382762,195.61556832353844,15300100
2019-12-05,195.992431640625,196.3016365040234,195.0358000664439,196.3016365040234,14962300
2019-12-06,198.08926391601562,198.23420138209605,197.2679122898228,197.42252208324285,16555300
2019-12-09,197.1906280517578,198.6593769000956,197.10365082509946,197.73174760055613,13984100
2019-12-10,197.02635192871094,197.97332591236056,196.58186717625708,197.28725412783092,21799800
2019-12-11,198.06993103027344,198.27285822413901,197.16161693807732,197.47083652027226,18780800
2019-12-12,199.54837036132812,200.331076971081,197.59647686199116,197.86703664891712,32612000
2019-12-13,200.20545959472656,200.90118899093812,199.01692801969966,199.44208287791525,32519400
2019-12-16,202.21533203125,202.46656189913725,201.45195535538915,201.51960267236,21296600
2019-12-17,202.33126831054688,202.640487891074,201.99306123739547,202.47620577366826,15996100
2019-12-18,202.48590087890625,203.04635037335706,202.27331607948,202.50523079096396,15443300
2019-12-19,203.75169372558594,203.81932628670407,202.5534900893824,202.57281999730168,17865900
2019-12-20,204.5730743408203,205.35576616225148,204.1479047725363,204.71801180982544,27672600
2019-12-23,205.11338806152344,205.44263503568462,204.93908605509648,205.29738336366216,23774700
2019-12-24,205.21995544433594,205.38457896716534,204.7551352165606,205.29742794502658,7089000
2019-12-26,207.0308074951172,207.05017931237242,205.52013082928363,205.54918116698295,17067500
2019-12-27,206.85650634765625,207.77646819023298,206.30452037628993,207.75709637289543,18134100
2019-12-30,205.5007781982422,206.87588172553154,204.48397202784466,206.74998707522147,21815500
2019-12-31,205.88812255859375,206.03337424785465,204.52269757407254,204.84226606681372,18170900
2020-01-02,209.3258819580078,209.3258819580078,207.2147972251786,207.62151671835852,30969400
2020-01-03,207.40850830078125,208.65773211788414,206.5369684841178,206.55634030432813,27518900
2020-01-06,208.744873046875,208.7739233876006,205.52984553683632,205.7816200819144,21655300
2020-01-07,208.71578979492188,209.306504590477,208.05729580715092,208.82231261957497,22139300
2020-01-08,210.2845916748047,211.2432972089391,208.3575168618444,208.686763894282,26397300
2020-01-09,212.06640625,212.47312573529902,210.82687597774586,212.01798409729065,23547000
2020-01-10,211.52410888671875,212.9185842034179,211.14643971980996,212.89922716250666,21898500
2020-01-13,213.9644775390625,213.9935278817994,212.05675955870063,212.39569992579078,22756900
2020-01-14,213.12196350097656,214.2162422059339,212.79271647029898,213.85793005949728,24418100
2020-01-15,213.20912170410156,214.20655612712258,212.51188398248337,213.2381720444716,25742100
2020-01-16,215.25238037109375,215.2911240033455,213.819176281471,214.2743179140482,18805000
2020-01-17,216.317626953125,216.49192898393736,215.09745363196876,216.22078264065095,24325200
2020-01-21,216.2207794189453,216.7630720974379,215.62038606438097,215.7172155990448,21146300
2020-01-22,216.79217529296875,218.03170593927467,216.52102888761252,217.31511105784926,20736400
2020-01-23,217.48934936523438,217.58619367148495,215.65910427748386,216.66623186757047,26496100
2020-01-24,215.65914916992188,218.73861847805313,214.66171466865043,218.5062009604907,37436500
2020-01-27,211.20457458496094,212.34726071117527,210.3136482246707,210.78816174522,42264400
2020-01-28,214.44863891601562,214.94252422457004,212.13420169233842,212.69586619878476,26731900
2020-01-29,214.7972869873047,215.8818725121179,213.84827465309314,215.6397764734457,28924500
2020-01-30,215.5623016357422,215.65913117770427,212.7443004229254,213.41248780084774,39568100
2020-01-31,212.14390563964844,216.4919406638792,211.38855246960722,216.4628903238432,52015800
2020-02-03,215.34925842285156,215.84312898870897,213.03482104138337,213.18007274417423,25408600
2020-02-04,220.2783203125,220.6559894997055,217.54747020780798,218.2931300612432,30691200
2020-02-05,221.00457763671875,222.97039579648512,219.67789640536782,222.93166694159592,38534800
2020-02-06,222.91233825683594,222.9704389385944,220.77220289506306,221.5565916515401,22467100
2020-02-07,221.95361328125,223.15441477933427,221.31447628502607,221.91488442225193,25884900
2020-02-10,224.63601684570312,224.64569536531405,221.15952215418852,221.21762282458573,21478900
2020-02-11,224.67478942871094,226.6212509240503,224.084074537426,225.8755910306388,30198000
2020-02-12,226.8633270263672,226.96984985892863,225.43980134412203,226.00146584523083,24471300
2020-02-13,226.5727996826172,227.50244002331738,225.01370089270875,225.28484722344353,22773200
2020-02-14,227.2216339111328,227.4346795851894,226.1660988382684,226.93111573956762,23438500
2020-02-18,227.3087921142578,227.73488347583853,225.87558780596967,226.11768382719794,24394500
2020-02-19,229.48764038085938,229.9621538690323,228.39337648877063,228.66452283162158,22230500
2020-02-20,227.35720825195312,229.45859988739238,224.548900390634,228.98410115522847,42604000
2020-02-21,222.9897918701172,226.6115386390657,222.06983000867075,226.22419094257273,66017200
2020-02-24,214.39051818847656,217.16009682600782,213.29623961650142,214.67134302725245,84522600
2020-02-25,208.5608673095703,216.90834783606124,207.95079540837133,216.1917383223536,97743000
2020-02-26,209.6357421875,213.31560395667998,208.1056938548696,209.85848112311447,79537700
2020-02-27,199.13848876953125,209.57766729617072,199.00291559813468,204.2321833821372,121822600
2020-02-28,199.2934112548828,200.62009248062682,191.9046373071745,192.35977892611962,148173700
2020-03-02,209.57765197753906,209.72291843536797,199.42899235322048,202.2760435208171,112933900
2020-03-03,202.85711669921875,212.6668533069525,201.0559215084118,210.24589282341466,131953500
2020-03-04,211.32073974609375,211.4272625681173,204.6873039979372,206.57566445893357,73086200
2020-03-05,204.900390625,209.5195869746676,203.457507755607,205.96561905829657,78705500
2020-03-06,201.44322204589844,202.53748579970343,196.49477974965913,198.19913008596498,89828400
2020-03-09,187.45010375976562,194.80013500035352,186.03625657451462,187.3629379670355,116424000
2020-03-10,197.65687561035156,197.84087095018987,187.55662194921965,194.75172336373018,100599200
2020-03-11,189.04794311523438,194.40310594751983,186.63666141312987,193.047374132904,89168800
2020-03-12,171.71388244628906,184.7483246692658,171.34589174540346,176.33306414565658,137820700
2020-03-13,186.2589874267578,188.3313287338127,172.4982581444503,181.1556140456318,134882000
2020-03-16,163.94741821289062,178.84115445357352,163.81184504058996,168.64407186331016,92054400
2020-03-17,176.3814697265625,178.5603338322759,164.41224231478884,169.92234990634515,121257100
2020-03-18,171.01661682128906,173.55377812108577,161.5264508596438,166.18437544038926,114156300
2020-03-19,172.0431365966797,177.68881812715324,166.20378118589488,170.13541858405569,120896500
2020-03-20,165.3031463623047,177.0883779060412,164.72212482630576,175.99411403054464,118983900
2020-03-23,165.42254638671875,169.06172581014494,160.05595617374266,165.86894410359133,124639800
2020-03-24,178.232421875,178.39739620126204,172.69115918719456,174.5932431278358,94881800
2020-03-25,176.91261291503906,183.9095323119676,174.66116721652728,178.96995723358128,88754900
2020-03-26,186.22894287109375,187.0247172431252,178.18393643447155,178.43624755328517,79887600
2020-03-27,179.82395935058594,184.87998350711646,179.20287342326193,181.40577901094719,58845000
2020-03-30,186.36474609375,186.8014593495014,180.83319786873236,181.5319213085088,49356900
2020-03-31,184.77322387695312,189.47990083229325,183.60868967591864,186.0542218635901,62659300
2020-04-01,176.92230224609375,182.11420290727622,175.51515616651375,179.3096098934341,53715400
2020-04-02,180.5129852294922,184.48212788173154,175.62193496077666,175.883960006129,56465300
2020-04-03,177.95098876953125,181.54165708077687,175.93245579066485,180.06657244086358,47487600
2020-04-06,190.673583984375,191.80900615955318,183.59902587507764,184.85089705042014,64763500
2020-04-07,190.5959014892578,196.6709129031569,190.20772837490009,196.3894748085707,69904500
2020-04-08,194.64271545410156,195.22497522874673,190.37273640074827,192.29421883043548,45940400
2020-04-09,194.9241180419922,197.2143751173356,193.14819704303954,196.37009038964817,68252600
2020-04-13,197.02996826171875,197.4084422203777,192.87645386130865,194.08951331955586,42853900
2020-04-14,205.59906005859375,206.22014602371559,200.31982195112943,201.10588225612736,63959600
2020-04-15,203.2408447265625,205.56992797694673,200.99911301886146,202.31892241838906,47036000
2020-04-16,206.94798278808594,208.03487953009983,203.49319116566397,205.43408666660733,64657400
2020-04-17,208.9276885986328,210.11163603268866,205.81255962819574,209.7816873531275,62863200
2020-04-20,206.45301818847656,209.50022291896497,206.28804388106357,207.05469093408337,38249100
2020-04-21,198.83502197265625,204.91973299319037,197.6122632426135,204.3762846687269,72932800
2020-04-22,204.73536682128906,206.0745894797855,202.17338530581182,202.9206342334512,40089100
2020-04-23,204.29869079589844,208.1028446890428,203.8911044653322,205.531148935518,43278500
2020-04-24,207.52053833007812,207.9669507998311,203.3087987499552,204.73535809287702,34231900
2020-04-27,209.18971252441406,210.2280987142798,208.1610402889798,209.80109933930166,36451700
2020-04-28,205.24969482421875,210.89770771864247,204.96827149807297,210.89770771864247,46862800
2020-04-29,212.52801513671875,213.469350452318,208.7820869716752,209.80105986883314,48716400
2020-04-30,212.4407196044922,213.5373154879936,210.92682349017645,213.44997874475018,43359500
2020-05-01,206.45301818847656,210.26686997198476,205.42433134154413,208.16100055450642,48795000
2020-05-04,208.8597412109375,209.08294002081098,204.88089998388355,205.21086343378806,32841000
2020-05-05,211.2276611328125,213.63436741018924,210.44160082340147,211.0141614428666,37783100
2020-05-06,212.52801513671875,214.50772163897466,211.66431740267825,212.9161882366577,36455200
2020-05-07,215.26473999023438,216.14783624200106,213.90610417361307,215.26473999023438,38624800
2020-05-08,218.21487426757812,218.35073635566292,215.90520396227953,216.94359012738673,31852300
2020-05-11,220.16546630859375,221.1941385076354,216.65245035159717,216.88536313185176,35714100
2020-05-12,215.55580139160156,221.359088303293,215.52668915022636,220.76711471557377,41054100
2020-05-13,212.85800170898438,217.97226539624086,210.3057342464528,216.07989528284833,65521200
2020-05-14,215.27439880371094,215.31321019332174,209.60698821777603,211.52847037240593,51549300
2020-05-15,216.67185974121094,216.73008423331322,211.87784578670124,212.314544285325,55747200
2020-05-18,220.70892333984375,221.92198302000696,218.806854053748,219.59291435723657,42398100
2020-05-19,220.15577697753906,223.05742107849832,220.01021573830093,220.9709495329876,36237300
2020-05-20,224.5518798828125,224.91094077278643,222.69832132781428,222.71773442690517,37417000
2020-05-21,222.10635375976562,225.27972179065702,221.59201767867958,224.60041138241664,43642900
2020-05-22,222.8730010986328,223.07678680381457,220.7768307124883,221.69875297806828,28762400
2020-05-26,222.27137756347656,226.66752011561755,222.02876559168243,226.46371954385222,33055300
2020-05-27,223.48439025878906,223.60085405001652,217.32205636041874,221.9316828517022,55665600
2020-05-28,223.19329833984375,226.57045259040572,222.28107502433448,222.33929952398682,42784300
2020-05-29,226.46368408203125,226.69659686931143,221.99961857690045,223.5717539772913,50691800
2020-06-01,227.14297485351562,227.5214488451409,225.1438550614511,225.59026749642612,25776000
2020-06-02,228.66656494140625,228.72478942616712,225.15353467966818,227.56995445222742,33383400
2020-06-03,229.69522094726562,230.45216881198817,228.39482485226577,229.27792082253958,37228700
2020-06-04,228.0843505859375,230.76278124577667,226.7742401021411,229.3459357170269,38716100
2020-06-05,232.60659790039062,233.19857155488515,228.66658283939847,229.23914339483497,47365600
2020-06-08,234.41163635253906,234.5377844795985,230.87920744560628,232.4610270696082,32937300
2020-06-09,236.1099395751953,236.963923522375,233.3635706769349,233.5479581179413,35046300
2020-06-10,238.94363403320312,240.4963562773503,237.28416194967264,237.80821200041143,58084400
2020-06-11,227.1041717529297,236.39134841313998,227.04594726099364,235.0036153291428,72919400
2020-06-12,228.90919494628906,233.2956076343833,224.89154229347784,232.0243235903276,72034800
2020-06-15,231.69436645507812,232.37367681923922,224.62950905209203,225.5708444166636,45307400
2020-06-16,235.6732177734375,237.16770063928394,232.03403908519945,236.57572698034966,48890100
2020-06-17,236.42042541503906,238.2448715322926,235.55672769507729,237.1773733130795,34749300
2020-06-18,237.0609588623047,237.30357078309942,235.3238640248714,236.1002103251293,30578600
2020-06-19,237.0221405029297,239.70057069893986,235.28503090870396,239.43854568598422,49422100
2020-06-22,239.86465454101562,239.99102203540704,236.5982795401368,236.88990824535284,24068700
2020-06-23,241.90614318847656,244.1517733459993,240.9145758680168,241.4686852725552,32767400
2020-06-24,236.91909790039062,242.38249347992428,235.41228523513777,241.14787750900786,46032400
2020-06-25,239.1744384765625,239.47579803585867,234.42069761580242,237.0065809852582,36940800
2020-06-26,233.5263214111328,239.10638285850067,233.0013600907375,238.93139080716685,52824600
2020-06-29,236.07333374023438,236.08306458678638,230.73632041304379,233.28331016359948,34377800
2020-06-30,240.70068359375,241.2450769372138,235.82056069294634,236.00526875596572,38909200
2020-07-01,243.51019287109375,244.5114911101583,240.19520771702918,240.73960114794485,34689200
2020-07-02,245.1627960205078,247.18483916136398,244.69617524449703,245.96967007433074,31956500
2020-07-06,251.19009399414062,251.7150257784737,248.31255169225298,248.33199855472785,34589000
2020-07-07,249.45962524414062,253.61066196467758,249.15826567433493,250.93728988805503,36578200
2020-07-08,252.7454376220703,252.77460049328195,249.35269504652467,250.79146591646378,30426300
2020-07-09,254.8744354248047,255.54521118042322,250.45123151024532,254.6702953109431,40312900
2020-07-10,256.6145935058594,256.86735821398855,252.03584388631305,254.72864837724757,32885300
2020-07-13,251.3358917236328,262.2724148474788,250.50957070972092,259.47266018101936,64108100
2020-07-14,253.1148223876953,253.5231322012496,245.7168733575375,248.7985399802249,72230500
2020-07-15,253.63014221191406,255.3702730376327,250.3151566465748,254.53422109321914,54523900
2020-07-16,251.89968872070312,252.54130156484,248.49721524456814,250.830333980475,47594100
2020-07-17,252.19139099121094,253.05657611303675,250.00408623305938,252.35663740373948,35137900
2020-07-20,259.3462829589844,259.9781650407393,251.5789305425912,252.8329638585113,40610100
2020-07-21,256.64373779296875,260.9308583366219,255.79798476745123,260.92112748940815,43243800
2020-07-22,257.5478210449219,258.48109237715437,255.23413407632418,257.1395407958856,29865500
2020-07-23,250.8206024169922,257.84912064495654,249.40126372134878,257.1394809643456,51363500
2020-07-24,248.43890380859375,249.770724470625,244.31705948221105,246.96125394616567,54054500
2020-07-27,252.87181091308594,253.26065907107787,249.3040912378138,250.09151839959156,36445700
2020-07-28,249.65406799316406,252.60936765902136,249.36243926540843,252.0844062818458,31302400
2020-07-29,252.53163146972656,253.39684631635015,250.7234736562574,251.19981056399942,27556900
2020-07-30,253.85374450683594,254.41757003580716,249.4013473620348,250.5581909651237,41774500
2020-07-31,258.3839111328125,258.53945637786416,253.58155923552343,258.5005626497957,53686300
2020-08-03,261.87384033203125,262.6223739142155,260.4059063759267,260.53228872542155,32081600
2020-08-04,262.845947265625,262.9431667291068,260.6197491209166,261.3682826220179,24911300
2020-08-05,263.4972839355469,263.9541887526622,262.4376599271767,263.332037533928,21612100
2020-08-06,266.9872741699219,267.3177966380239,262.66125987554085,263.3028727844038,28048200
2020-08-07,263.90557861328125,267.22056364100354,261.7474369989688,266.4428375784673,44969400
2020-08-10,262.7779235839844,264.40140279252637,259.239366074366,264.1972329934805,35088400
2020-08-11,257.8006286621094,262.9043402953378,257.25623512794283,261.6113834012753,43104300
2020-08-12,264.28466796875,265.2373711692321,259.9197903029905,259.9684148645572,38773400
2020-08-13,264.887451171875,267.1719455133933,263.9444786945341,265.06242841495686,31895700
2020-08-14,264.57635498046875,265.7817932961943,263.17647773185126,265.5095965904751,30799500
2020-08-17,267.6483459472656,268.15384571378326,264.61528801371924,266.2970633975065,24803000
2020-08-18,270.22442626953125,270.7007630302615,267.2496948919513,268.7176285566831,23529500
2020-08-19,268.4065246582031,271.24514272285666,267.89129420807836,270.1855189543816,31999400
2020-08-20,272.1298522949219,272.61591998937234,267.2011187530616,267.6094286699758,27723400
2020-08-21,274.0157775878906,274.4726823744561,271.67292790930736,272.3242716265364,34748900
2020-08-24,275.7268371582031,278.0307938852514,273.4325816138711,277.3016921530349,36418500
2020-08-25,277.8946228027344,278.0890617577372,274.50187960863497,274.9490536044785,34866600
2020-08-26,283.82464599609375,284.077410696203,277.8654511860532,279.1486770473825,42216700
2020-08-27,282.94000244140625,285.6619994207899,280.6652091161215,284.80651550347557,49482700
2020-08-28,284.37872314453125,285.010605122808,282.8233008130099,284.18428422788605,28021000
2020-08-31,286.6632080078125,288.481095929596,284.4661731501913,284.9036458196642,36321000
2020-09-01,291.5628662109375,291.67951771377875,287.54794220724773,289.3269369600132,36216200
2020-09-02,294.32366943359375,295.043040004677,288.6172404247383,294.829169069056,50836800
2020-09-03,279.4013671875,290.29899391865314,276.48496173576797,289.7934943205487,110083300
2020-09-04,275.67803955078125,280.8789679097579,264.2262900509639,277.60287759594013,123959000
2020-09-08,262.427978515625,270.46752806578354,262.1460509262395,264.6347153230815,99568600
2020-09-09,270.1369323730469,272.24644912974463,265.39290788102056,267.95935903265905,64837900
2020-09-10,264.7513122558594,274.3365813140987,263.0209126855811,273.1116813971194,69667500
2020-09-11,262.9140319824219,267.551107181133,259.46293349652933,266.5109151783102,71809000
2020-09-14,267.4927978515625,269.4953945341541,265.35408796373656,266.7150716799803,38525200
2020-09-15,271.2840270996094,272.6353091710442,267.4635431574992,271.25486423238755,41849900
2020-09-16,266.9580383300781,272.547815841019,266.6080838913943,272.0812099227738,42321000
2020-09-17,262.7876281738281,266.7539272462486,259.24904135056863,260.09479433656315,81570800
2020-09-18,259.4337158203125,264.50826274597534,255.31187206990242,264.21663405314894,86251100
2020-09-21,260.055908203125,260.1919917101181,252.86208367517415,255.15633827432305,57168600
2020-09-22,264.887451171875,265.4707086488145,259.1129648124416,262.4668139737099,41128900
2020-09-23,256.7992248535156,264.75128326253576,255.91457830671115,264.56657521060896,48837300
2020-09-24,257.9949951171875,261.212760507112,253.94117796301873,254.10645401349973,70631700
2020-09-25,263.9930419921875,264.8096320293641,256.93533069394374,258.50048384894194,55242400
2020-09-28,269.4759521484375,269.4759521484375,264.10004442546904,268.873203263419,58438300
2020-09-29,268.2608337402344,269.9717722419959,267.69697847217105,268.91214798600214,27050000
2020-09-30,270.0981140136719,273.2575542746662,268.1830059610881,268.45520270457723,49380800
2020-10-01,274.38519287109375,274.9976428667722,272.0423432000648,273.938018932668,50020200
2020-10-02,266.6664733886719,274.37550040070005,265.8207202924283,268.3288167042962,75497400
2020-10-05,272.35345458984375,272.6742462151651,268.53296962492806,268.63989027762926,28184600
2020-10-06,267.4927978515625,273.3547735131719,266.60815101919906,271.66326729921315,49704200
2020-10-07,272.1201477050781,272.9172761669035,269.5536960702726,270.1467140770249,27539700
2020-10-08,273.568603515625,274.5990645797691,272.49924873192384,274.53100798734823,25443300
2020-10-09,277.748779296875,277.8265667376075,274.83237328094594,275.22122148295995,30201100
2020-10-12,286.3229675292969,289.17131642837603,281.4039659923662,282.4538589117445,79370700
2020-10-13,286.313232421875,288.77273315372605,284.9425183064182,288.1311500647303,64240000
2020-10-14,283.9217834472656,288.0922514581539,282.17195208167277,287.12011632900015,36949100
2020-10-15,282.0165100097656,282.60949841509284,278.55571005804256,279.1973230379311,42514200
2020-10-16,280.47076416015625,285.0981080023014,280.1207800261233,283.6690679283646,40570700
2020-10-19,275.8919677734375,283.35798892389386,274.9101313599798,282.39555486772275,36756800
2020-10-20,276.4849853515625,279.60553114463636,275.0656762173091,276.63079970316164,32195400
2020-10-21,276.2711486816406,279.3139370870211,275.7850810045439,276.7377843318515,29306100
2020-10-22,276.26141357421875,278.0112749851116,272.99505307476466,277.10716657256967,32196200
2020-10-23,276.8058166503906,276.9710927173976,273.92830425275844,276.83497952489574,24658500
2020-10-26,272.6548156738281,277.3502165824332,269.0482016618725,274.5115978400569,38421100
2020-10-27,274.7838134765625,275.6101345533909,272.3923685448835,273.6561327796422,30559100
2020-10-28,264.0708923339844,270.87584059880555,263.8181276192092,270.26339050821645,53413500
2020-10-29,268.6885070800781,271.7021029700371,264.9263183067628,265.39295396095815,43246300
2020-10-30,261.87384033203125,267.5705395691209,259.6282099182605,266.6956236374418,65838300
2020-11-02,262.4571228027344,265.89846071677937,259.530985790561,264.27501123202643,39987400
2020-11-03,266.9970703125,269.1066178843898,263.2932355823026,264.3820228449962,43604100
2020-11-04,278.91534423828125,280.7235016673968,274.01577398862804,275.687847901839,75728200
2020-11-05,286.1869812011719,287.159116691375,283.8635631393204,285.35092925264235,52054200
2020-11-06,286.4007263183594,287.12982769108595,281.7539214228707,285.5258106045297,40959800
2020-11-09,280.5484924316406,290.80453654165444,280.09158770319357,289.35603492705627,86537100
2020-11-10,275.5225524902344,278.6722608281251,272.80055631709547,277.2237889732425,69024900
2020-11-11,281.6859130859375,282.16224985402624,275.4836855861475,278.0598380062387,36102900
2020-11-12,280.3638916015625,283.931642186186,279.24594163290845,282.6581469667384,34414600
2020-11-13,282.8233337402344,283.44551461216463,279.84860190595793,282.0845310388383,24806900
2020-11-16,285.0301208496094,285.3314804604905,281.90954474898473,282.52199481858804,30168400
2020-11-17,284.1260070800781,285.55504732690855,283.48439414607077,285.2245248458535,21843500
2020-11-18,282.0261535644531,285.1953240901336,281.93866494878404,283.5718747762501,28069600
2020-11-19,284.2329406738281,284.5440311084709,280.80130404731966,281.4720798176109,22718400
2020-11-20,282.28863525390625,284.90368141839923,282.20114664252185,284.1551182978664,25907300
2020-11-23,282.2983703613281,284.5925953181651,280.0430094542177,283.28993763919965,26875600
2020-11-24,286.2646484375,286.76044687418664,281.5595177132786,283.3676749128463,24516800
2020-11-25,288.0242614746094,288.66587436826677,286.38135035309654,287.33405368014235,23326800
2020-11-27,290.67816162109375,291.80584203634135,289.59907609996037,289.99765510021956,17163100
2020-11-30,291.2711486816406,291.6114019406954,286.5660177960969,290.99895200783936,27836200
2020-12-01,295.00421142578125,296.63742150714177,292.4474904795378,293.55573911806033,27521300
2020-12-02,295.38330078125,295.72355405119663,291.9808274162103,293.8278784523606,23620000
2020-12-03,295.8013000488281,297.3567223158345,295.07219864247,295.69437941615746,22828700
2020-12-04,297.0068664550781,297.1527105330918,295.16954554469,295.85002268411245,19332100
2020-12-07,298.6885681152344,299.0579842725137,297.00676338185775,297.1914714604974,20851000
2020-12-08,299.6995544433594,300.0009139672297,296.4526265943746,298.2121888468602,18341500
2020-12-09,292.91400146484375,299.7675415114703,291.84464700589035,299.4856437151331,48839300
2020-12-10,294.09039306640625,295.2180737002066,289.78384032736415,290.87262723800774,27519500
2020-12-11,293.43902587890625,293.5654082058919,290.15320404613044,292.4279969302338,26760400
2020-12-14,295.5680236816406,297.52199545275556,294.5667255135204,294.6347524371523,28804800
2020-12-15,298.7275085449219,298.7275085449219,295.6360952895233,297.83313088390923,25709000
2020-12-16,300.3703918457031,301.1578191077199,298.076136987232,299.1260597813987,25461900
2020-12-17,302.3340759277344,302.56737890439496,300.7689523472783,301.97439061631104,23730500
2020-12-18,301.4202575683594,303.2867703287261,299.0385143047853,302.97567992412934,41173400
2020-12-21,300.85638427734375,301.39201593472086,295.6752432106519,298.46057538259464,37095500
2020-12-22,301.6744384765625,302.5996230830119,298.8403937546637,301.76208566742696,26176300
2020-12-23,300.15521240234375,302.08351037317874,299.99938524048974,301.72317306432547,21201300
2020-12-24,301.4796447753906,301.92762920997643,300.3402015820548,300.41810028855315,16785000
2020-12-28,304.5182189941406,304.99544891018985,302.2587699888536,304.09945026292473,22497700
2020-12-29,304.7909240722656,306.4757772853761,303.88520661709214,305.8524686790265,25871900
2020-12-30,304.8006896972656,306.2810031391049,304.17738105586477,305.95963005406446,18138100
2020-12-31,305.55059814453125,306.03754690410165,303.6223000780683,304.70331205823766,21611400
2021-01-04,301.2362060546875,307.0601232765859,297.2140049887485,306.8847991545159,45305900
2021-01-05,303.7195739746094,303.99229372944234,300.2427834732893,300.2427834732893,29323400
2021-01-06,299.5124816894531,303.7391937840354,297.99320378341883,298.9865686539807,52809600
2021-01-07,306.7582092285156,307.59574671409126,302.1516638948811,302.18087962761075,30394800
2021-01-08,310.7025451660156,311.05316375132156,306.85563781919126,309.05665587068023,33955800
2021-01-11,306.21282958984375,308.9105146530886,305.56030526312213,307.73210713634137,32746400
2021-01-12,305.7258605957031,307.34250399679166,303.0768586893234,306.25174375080957,29266800
2021-01-13,307.79052734375,308.58910058416836,305.3849996962849,305.9888112989623,22898400
2021-01-14,306.1446228027344,309.2416090898029,305.66739291452245,308.23849605766486,23500100
2021-01-15,303.7195739746094,306.8944884351886,302.47298671687633,305.9303396942578,35118700
2021-01-19,308.15087890625,308.6572948530596,304.94674814871115,306.04725696251865,24537000
2021-01-20,315.3188171386719,316.2634990051628,308.2483407306538,311.783593795161,30728100
2021-01-21,317.8410949707031,318.5910148810674,315.2797701468571,316.6626876099694,25130600
2021-01-22,316.9256896972656,317.9385215452955,316.2342011775091,316.7990782860148,21609400
2021-01-25,319.5454406738281,321.6977751856675,313.02034635471165,320.32457637528177,39080600
2021-01-26,320.0129089355469,321.1523818491346,318.67867439534547,320.2661317432301,25498100
2021-01-27,311.092041015625,317.75349570079464,309.0760662537869,317.7437769370158,55264000
2021-01-28,312.9327087402344,317.899591250462,311.67637281636166,312.29968139660485,42836300
2021-01-29,306.34918212890625,312.3483940390181,304.5961785922271,311.23813667039406,55259000
2021-02-01,314.00396728515625,315.0947274597436,307.77100105153903,309.80644275607887,35646000
2021-02-02,319.1267395019531,320.2856799548757,316.8186070822483,316.9841827416634,33930800
2021-02-03,317.8606872558594,321.5809830314372,317.80225578051477,321.2108972069249,24824500
2021-02-04,321.619873046875,321.7075202477683,317.93854200440495,319.26305794465895,22350900
2021-02-05,322.7106018066406,323.723463341686,320.92838278762616,322.5742716367045,22732000
2021-02-08,324.8726806640625,325.02850781412525,322.7593399560013,324.405228934864,20462800
2021-02-09,324.8045959472656,326.0706509305278,323.92806433624236,323.9378128228969,17597500
2021-02-10,324.06439208984375,326.7036459845351,320.8992252249542,326.24591297215756,28068700
2021-02-11,325.8465881347656,326.25563813145,323.4508087855882,325.6031137779511,22046100
2021-02-12,327.66778564453125,327.8333315555061,323.94749051699705,324.9992866109807,20346800
2021-02-16,326.7815246582031,329.36234668769345,325.61283595153395,328.46634804978197,27080800
2021-02-17,325.21356201171875,326.8984152669621,321.55172788130955,323.79168008428843,31360300
2021-02-18,323.7916564941406,325.1551068540528,319.7889228893038,321.6101359182812,32236200
2021-02-19,322.3795166015625,325.2719931577042,321.3569361883874,325.1453817364368,39157700
2021-02-22,314.02349853515625,319.24357464063485,313.8189883909842,317.97751983443806,47256900
2021-02-23,313.0885925292969,314.76369749052424,302.8821355886799,308.7255208411946,97241900
2021-02-24,315.6693420410156,315.98099631542,307.7125878857451,310.42002123753474,58206300
2021-02-25,304.6642761230469,315.57193765835245,303.11578299861986,313.0008642679222,110182600
2021-02-26,305.9401550292969,310.7803967575173,302.76523987495557,307.605511324167,104739800
2021-03-01,315.1434631347656,315.4843331765732,309.64094864612514,310.93621913980525,49164500
2021-03-02,310.0889587402344,315.8641637949432,309.8357655999508,315.7862650720082,48370000
2021-03-03,301.0901184082031,309.93309356606443,301.03168694291907,308.98841191598655,86301100
2021-03-04,296.1622314453125,303.8949798620542,292.2763602657858,300.7200645468853,139131600
2021-03-05,300.6226806640625,301.5283982286115,289.6858304877486,298.79174856304274,121523700
2021-03-08,292.1107482910156,301.96658386586716,291.6919795997449,300.0772207924762,88409800
2021-03-09,303.6319885253906,305.5408488714228,298.9086098059808,299.4442414996281,80391100
2021-03-10,302.7652282714844,308.20931116744356,302.0737694398089,307.90740535131806,76798100
2021-03-11,309.73828125,311.5107516086282,306.6315467296954,307.5275155314662,53484800
2021-03-12,307.2256774902344,309.9233924151099,303.26193750526147,305.6674356451315,69315600
2021-03-15,310.5077209472656,310.6732965963562,305.90120488123756,307.5470940026406,42955700
2021-03-16,312.2120056152344,315.73753905820854,310.7706565299082,312.70870278436115,54925900
2021-03-17,313.4975891113281,315.39670106296904,307.4399456694739,309.16376320985347,78258700
2021-03-18,303.89495849609375,309.58251584810273,303.43722552100274,308.59886994565403,82718100
2021-03-19,304.9662170410156,306.5147101929367,301.5770437124228,303.7293484394466,78446200
2021-03-22,310.685302734375,312.76232869799037,307.36987578107755,307.36987578107755,56194800
2021-03-23,309.3299255371094,313.10366394207114,308.51082206427895,311.77750491706786,53455400
2021-03-24,304.11297607421875,310.7438602187564,303.96671291659857,310.70484679054886,64803700
2021-03-25,303.58642578125,305.10765203053546,299.7444508812324,302.26026669024355,78729000
2021-03-26,308.1402587890625,308.4620377377171,301.96771543302066,303.3718715129491,63519600
2021-03-29,308.052490234375,309.1056146975115,304.69804970953186,307.60393997771735,54608000
2021-03-30,306.5020751953125,307.0773968347479,303.7912220041696,306.0827775229572,44635700
2021-03-31,311.1923828125,312.7623234955452,307.95495300530285,308.2962535150808,55032500
2021-04-01,316.49713134765625,316.6336337195681,314.7808974708528,315.0344401367975,55685600
2021-04-05,322.81585693359375,323.58621577611785,318.7495930575099,318.99337486451566,42172500
2021-04-06,322.59173583984375,324.55172217765323,321.8116158658724,322.50397792249714,33537200
2021-04-07,323.3717346191406,324.2103596342146,321.1776980302553,322.11381197579254,32046400
2021-04-08,326.7457275390625,326.9310041549134,325.4390601883721,326.2386719243044,29940800
2021-04-09,328.7252197265625,328.9300179292524,324.63946284851534,325.3805395183188,36664900
2021-04-12,328.2961730957031,328.7154707589578,326.4044234538934,327.68183803819926,25833000
2021-04-13,332.12841796875,332.59646010288134,329.6125724636806,329.8271016946669,30374000
2021-04-14,328.14013671875,332.4989574644274,327.32103325924027,332.3721861388139,42564300
2021-04-15,333.11328125,333.50335604541715,327.8573596531292,331.02652393545645,36342800
2021-04-16,333.5032958984375,333.7178250938153,331.6212776014091,333.6397982453924,40860100
2021-04-19,330.4512023925781,333.0840287112223,328.52043928541605,331.92365439767025,34533100
2021-04-20,328.0425720214844,331.0752035799097,326.063064832305,329.78805818605866,38081800
2021-04-21,330.85101318359375,331.0362897866868,325.6633278140469,326.755465837419,36598100
2021-04-22,326.86273193359375,331.4458130765135,325.7023278917065,330.4609545914579,45936100
2021-04-23,330.97772216796875,332.2941202197622,327.4965105553705,327.4965105553705,36381900
2021-04-26,333.13275146484375,333.4155467203462,330.4706431652033,331.22151024789696,30812000
2021-04-27,331.6896057128906,333.63986066902527,330.7339998298432,333.42533143350926,33187200
2021-04-28,330.5682067871094,332.37219852806624,329.91485829941195,331.35805764388306,33615700
2021-04-29,331.75787353515625,334.2736893481391,328.52044314878265,333.85439167239684,37708900
2021-04-30,329.58343505859375,331.7969942064273,328.66681254741434,329.3006694232056,38263400
2021-05-03,327.8280944824219,331.54332762601945,327.3795441950803,330.79249021475994,29729700
2021-05-04,321.9285583496094,325.58528592047537,318.0962852388627,325.2634772294651,65147000
2021-05-05,320.84613037109375,324.8539189990908,320.0660404441254,323.9860414287046,46219300
2021-05-06,323.2644958496094,323.4205198055751,318.3303535564837,320.5828954834095,46814300
2021-05-07,325.8875732421875,328.2766174016744,323.43999406368346,326.05332822740615,53324500
2021-05-10,317.6575012207031,324.6784004217807,317.45270304709237,324.502884637422,60700500
2021-05-11,317.2186584472656,318.0182699724501,311.0850994198257,311.74820859793095,71963600
2021-05-12,309.00811767578125,314.5955782997197,308.1402400573506,312.26503942688345,91164900
2021-05-13,311.397216796875,314.3811046094843,309.0179032816724,311.9628074198574,69877800
2021-05-14,318.2718811035156,319.18847358170007,314.0690541730112,314.5761395218071,44370000
2021-05-17,316.34112548828125,318.2523671141487,313.4547563326914,316.5556547351614,39395000
2021-05-18,314.20562744140625,318.5254357183024,313.9325928942071,317.2967951351731,36528500
2021-05-19,314.5663146972656,314.868601782045,308.43275559793784,308.7838169032285,66319100
2021-05-20,320.6512145996094,321.50933169978265,315.83411134824473,316.05837166406195,46466100
2021-05-21,318.8764343261719,322.630651170991,318.51564193400196,322.2113535129842,50330400
2021-05-24,324.23968505859375,325.37083663605836,318.7692037943875,321.17777013637414,32475800
2021-05-25,324.68817138671875,326.4824022306919,323.5082755657662,325.76081747782405,31280300
2021-05-26,325.8193664550781,326.28740862415475,324.66872311139065,325.36105532550357,25444900
2021-05-27,324.60040283203125,326.21911783299095,324.3956344172578,325.3707617846895,27931700
2021-05-28,325.624267578125,327.2234907100027,325.30248864762643,325.80954415458706,29927400
2021-06-01,324.54193115234375,327.4380609236313,323.1864896872683,326.960228228349,31145400
2021-06-02,325.17572021484375,326.02407625220616,323.4497555098141,324.961191006434,22047900
2021-06-03,321.7920837402344,323.6058066554029,320.114863204338,322.32839197638924,37057800
2021-06-04,327.2528076171875,327.7013579521592,323.52781328097404,323.5960793506632,38736500
2021-06-07,328.22784423828125,328.28634949365767,326.0240470906947,326.71637911833056,32611900
2021-06-08,328.3839416503906,330.851012999196,326.6969603868365,329.9831352527144,27282800
2021-06-09,328.4618835449219,330.53890950197797,328.27660697307493,329.7588195478507,21485300
2021-06-10,331.8846740722656,331.99192382076404,328.35471703372934,328.8032673830959,33702100
2021-06-11,332.75244140625,332.7622022023025,331.2410059443453,331.89432459232046,21222800
2021-06-14,335.9411315917969,335.9508626294628,331.99184798422266,333.1815045370329,27827700
2021-06-15,333.7470703125,335.9020932555925,333.025455893965,335.5900453858759,35963800
2021-06-16,332.52825927734375,335.2878571826971,329.056807539008,334.2152109133166,55399500
2021-06-17,336.7505187988281,337.76465970567807,331.4653445466975,331.51408901705815,59722700
2021-06-18,334.1079406738281,336.23371148551877,333.3570734520489,335.0830681755427,55414900
2021-06-21,336.184326171875,336.50650812591664,332.0742866762296,334.3001546222631,32992600
2021-06-22,339.3182067871094,339.76727739845506,335.6767515047022,335.9793892855056,28941600
2021-06-23,339.484130859375,340.6361385646766,338.64456282628737,339.25961046557273,27188500
2021-06-24,341.5831604003906,343.1158638698122,340.8802529661587,341.42695543800016,32581600
2021-06-25,341.16339111328125,342.3934867322006,340.5581154255762,342.14942203276763,28682800
2021-06-28,345.3123779296875,345.44906841727607,342.3933746140865,342.45194773932604,39130300
2021-06-29,346.5619812011719,346.5912677632518,344.29708421655744,345.13665219154376,29426000
2021-06-30,346.01531982421875,346.7963445605828,345.4295587202075,346.40581729587706,32724000
2021-07-01,346.15203857421875,346.6596823494976,344.30689541496236,345.66390924654877,29290000
2021-07-02,350.1253967285156,350.4475489558482,347.8214109524765,348.0557034814457,32727200
2021-07-06,351.63861083984375,351.92173419467537,348.02644186304775,350.73069743195805,38842400
2021-07-07,352.3805236816406,354.1475492142341,350.41823452839935,353.844911457362,35265200
2021-07-08,350.2522888183594,351.1114011572252,346.0055877231333,347.2942264383839,50890000
2021-07-09,352.4391174316406,352.91747459925864,349.0807855527018,349.66654665587436,35184500
2021-07-12,353.8157043457031,354.27454714352115,352.26342673698207,353.8449909160723,25717700
2021-07-13,353.8157043457031,356.79328157442376,352.95659189080544,353.4349491378521,39723000
2021-07-14,354.4501647949219,356.81269357450185,353.6203391486554,356.16835941833176,35336400
2021-07-15,351.9607849121094,354.56740881754735,349.94969432147866,354.36240282729324,53391600
2021-07-16,349.110107421875,353.8059092555403,348.7586388072104,352.81987846203856,47262000
2021-07-19,346.2496643066406,346.74753595283084,343.68209932138086,345.6443589248174,64404600
2021-07-20,350.2718200683594,351.726435801376,345.40026955318757,347.1868394173133,42183700
2021-07-21,352.97601318359375,352.97601318359375,349.6176816333436,349.84223180894577,30259900
2021-07-22,355.3093566894531,355.31909901692904,353.181090135199,353.181090135199,30252200
2021-07-23,359.45843505859375,359.74152860681386,355.2800493653481,356.6370333519593,31960800
2021-07-26,359.7414855957031,360.13201283064336,357.89637252070423,358.76522709444265,28438100
2021-07-27,355.7779235839844,359.47795211505394,351.60930998043244,359.47795211505394,57933100
2021-07-28,357.1446533203125,358.7262172022664,354.6161472433124,356.9201329206816,42066200
2021-07-29,357.77923583984375,358.9507281968726,356.5784271256694,356.5784271256694,25672500
2021-07-30,355.9146423339844,356.5004035141164,353.80591996133984,353.8352065306939,36484600
2021-08-02,355.9438171386719,358.1696850898206,355.2311377840999,357.58392409361477,27334100
2021-08-03,358.1014404296875,358.21858670322246,353.40563860950795,356.6077658560157,35558500
2021-08-04,358.6188049316406,359.5755490167949,356.9494111869438,358.0623304190597,29602200
2021-08-05,360.8935241699219,361.1278166965103,358.7262289198361,359.4388786192251,21443900
2021-08-06,359.31195068359375,360.60061913166464,358.19903141883935,359.62436057277097,33332100
2021-08-09,359.9758605957031,360.50301881256723,358.6676775876616,359.7708248294287,25960200
2021-08-10,358.13067626953125,360.78610066803964,356.9396396688831,360.49323502568603,35130800
2021-08-11,357.515625,359.89769817712653,356.1781555917457,359.399826590177,34249800
2021-08-12,358.8043518066406,359.16556275169273,355.65102554177224,357.0080394089147,25969200
2021-08-13,360.063720703125,360.39564506735485,358.6579058704754,359.1558073133449,19336200
2021-08-16,360.2199401855469,360.2589690819362,355.06529552234707,358.9410436921069,34856900
2021-08-17,357.0470275878906,358.43329795692483,354.6063813675751,357.4570394687986,44793900
2021-08-18,353.6106262207031,357.91593030778677,353.2787018652449,356.5101155122881,38541900
2021-08-19,355.3190002441406,356.9981658901107,351.41396662960943,351.6678033483274,48499400
2021-08-20,358.9996032714844,359.39987289223774,356.080569655366,356.3929795729856,39486000
2021-08-23,364.3689880371094,365.06212326307406,360.03439770718876,360.04414003338223,34034700
2021-08-24,365.4819030761719,366.087178601142,364.4958724217905,364.96448724420907,21732900
2021-08-25,365.9017639160156,366.4777827906296,364.9840783167677,365.73581661428807,20441900
2021-08-26,363.5782165527344,365.72596745295624,363.1388882949604,365.04260435458633,29133300
2021-08-27,367.1123046875,367.61994845115146,363.7246860393407,364.21281535583023,27104700
2021-08-30,371.2320861816406,371.7202154571993,367.8834967085929,367.90304094716504,27295700
2021-08-31,370.9294738769531,371.5444917802162,369.3771964562384,371.47617631966386,29628200
2021-09-01,371.5444030761719,373.6238382032306,371.3393971573615,371.99350338428815,28138300
2021-09-02,371.3688659667969,373.2335239725039,370.14854238660035,372.9015995338572,25453400
2021-09-03,372.5110168457031,372.9112864637317,370.19728863311667,370.2168030804415,24605400
2021-09-07,373.0380859375,373.69219217972363,371.45655208360785,372.6183019724382,23970200
2021-09-08,371.73968505859375,372.86237629833556,369.46501601783143,372.86237629833556,32949200
2021-09-09,370.46075439453125,373.0771196019203,370.21668980892315,371.96420058392835,29399000
2021-09-10,367.64923095703125,372.90150711132503,367.317306600651,372.17908526467676,40249400
2021-09-13,367.39544677734375,370.4218548980129,365.3355550902855,369.99229865930874,48741800
2021-09-14,366.35076904296875,369.62121113710475,365.39402500105473,368.88901727249913,41826600
2021-09-15,369.0744934082031,369.4259619409696,364.5056110335422,366.80959645733066,34097900
2021-09-16,369.3283386230469,369.90432754396636,365.8040598544436,367.7370325534172,35193100
2021-09-17,364.9546813964844,368.8987738564562,363.91010750301564,368.8499728514221,60912300
2021-09-20,357.4136047363281,360.8831532501428,352.7516692197343,359.1337045621642,76203200
2021-09-21,357.8533630371094,360.4530933991041,356.71964401883577,359.250953359865,41927500
2021-09-22,361.1959228515625,362.66193436099223,357.6677063093063,358.77210641858295,46972900
2021-09-23,364.52862548828125,365.5646044728743,361.7138788787916,362.35892746230616,44652000
2021-09-24,364.8706970214844,365.2909763131026,361.88003599170924,362.2514303384008,36056800
2021-09-27,361.958251953125,362.83785290403983,359.3976232583388,361.8116567656527,43338100
2021-09-28,351.71563720703125,361.90929483284276,351.20743071644927,357.38423187617605,97701600
2021-09-29,351.13909912109375,355.13642052605655,350.5136163446373,352.9862880635144,58076600
2021-09-30,349.8489685058594,354.4620191199714,349.0084695804032,352.7907743971153,61384600
2021-10-01,352.0186767578125,353.0644387936058,346.3501108474062,350.4744910901629,56375500
2021-10-04,344.6300048828125,350.7286036427231,342.38213234212515,350.39631125655694,76766000
2021-10-05,349.2820739746094,351.53972892765154,345.47045066597167,345.6952199703568,47232900
2021-10-06,351.5201416015625,351.7937958036704,345.1478611686527,346.0567808585749,56806500
2021-10-07,354.7454528808594,357.4038215108556,354.0417661897992,354.57929179257485,39411200
2021-10-08,352.9764709472656,356.06487201471975,352.43891551409297,355.8302898984293,41822300
2021-10-11,350.2691955566406,354.9702025786436,350.181208634699,351.43220370825765,34847200
2021-10-12,349.047607421875,352.16529802524025,348.40255873032544,351.72551243514926,43905100
2021-10-13,351.8427734375,352.51714113934173,349.3309998133116,351.3638858735561,40120800
2021-10-14,358.3224792480469,358.53749542727405,354.78451015664353,355.44909477386364,43433900
2021-10-15,360.5801696777344,360.69744581865064,358.50821165200404,359.5441906648692,40419900
2021-10-18,364.2060241699219,364.42104032775677,358.67427195114504,359.2802184433872,34513500
2021-10-19,366.9621887207031,367.0110438352462,364.25496516653203,365.2811611805549,29091000
2021-10-20,366.4832763671875,368.03724471283147,364.99769921204967,367.42151521574937,31390300
2021-10-21,368.721435546875,368.9169156811318,365.3789459640821,365.68191929392356,25469300
2021-10-22,365.6232604980469,368.42822429179034,363.95201580136415,367.46066628203914,36275800
2021-10-25,369.366455078125,370.28515794975675,365.0954799334532,367.0501618175925,32597800
2021-10-26,370.52947998046875,374.03813025832926,369.34690583401067,371.6143438970649,47191300
2021-10-27,371.3895263671875,374.4681441073845,370.7151587884873,370.97903008299244,45760500
2021-10-28,375.5138854980469,375.76800365183135,372.523225019177,373.2953326068553,38007000
2021-10-29,377.3610534667969,377.5272145313312,372.07366582467586,372.4254942068777,37310100
2021-11-01,378.6512145996094,378.778273701154,375.7094384858887,377.80093270598616,30765300
2021-11-02,380.2344970703125,380.71341443316834,377.9866247424185,378.0354798610806,25135300
2021-11-03,384.2709045410156,384.6911539879521,379.6774200077839,380.72315214824084,33748900
2021-11-04,389.1967468261719,390.15455177460143,384.9941923204072,385.541500912058,40265300
2021-11-05,389.568115234375,391.90394463488224,388.1607418564483,390.9754886123018,43383800
2021-11-08,389.04034423828125,390.5649937658109,388.39529561877566,389.53879767746264,29256300
2021-11-09,386.3624267578125,390.51612574419846,384.99415540986575,390.11541238050006,50490700
2021-11-10,380.6840515136719,386.4014717377395,378.7489058552316,383.5769721352575,54937400
2021-11-11,381.7396545410156,383.85071488437285,381.39757919270664,383.6748006456139,32243000
2021-11-12,385.7565002441406,386.2940258575965,381.29004476666773,382.89286847888087,34730600
2021-11-15,385.6684265136719,387.2614967392107,383.2153214653701,386.9389874089338,33716900
2021-11-16,388.4148254394531,388.9132490062469,384.74001418832967,384.9354644685762,27872900
2021-11-17,388.6201171875,390.66275635400825,387.65255911549116,388.73739333852154,28703300
2021-11-18,392.64678955078125,393.1549961887898,388.44423472311047,390.6725712529689,45721500
2021-11-19,394.83599853515625,396.11631291578215,393.45794408498483,394.28868993699933,45191700
2021-11-22,390.2522277832031,399.4490096636231,390.14473459566756,396.38017460293406,61715400
2021-11-23,388.4734802246094,391.1611677587994,384.01680800854774,389.0891799512638,70098700
2021-11-24,389.7244873046875,390.00789470580224,383.6454253942471,385.9812547584127,46954400
2021-11-26,382.3358459472656,388.5321848723962,380.9382255221724,387.134564447303,51533300
2021-11-29,390.63348388671875,391.6499270268855,386.186593615877,386.9195994732301,54447100
2021-11-30,384.8964538574219,392.0994525187281,382.8733507551593,389.7440570434403,81332700
2021-12-01,378.3482360839844,391.40552710976374,377.8791315014341,389.25536501947556,77766500
2021-12-02,381.07501220703125,382.86353301648745,375.6312159742233,377.0581254054781,84416600
2021-12-03,374.4486999511719,383.4500031197145,370.31453636590476,382.44334298100523,105349100
2021-12-06,377.4490966796875,378.817368080212,370.70542008767455,374.9373232143192,67588800
2021-12-07,388.8155212402344,389.43125078592595,384.0851948132798,384.12429680099547,56005300
2021-12-08,390.5551452636719,390.76040830775514,387.24197544008865,389.1478019426797,39204000
2021-12-09,384.8085021972656,391.13189998123516,384.6130220569125,389.32381307425476,49973700
2021-12-10,388.991455078125,389.2553263796161,384.4467961032411,387.6329369318251,52545800
2021-12-13,383.3717346191406,389.3041709611735,383.00034032081635,388.9816616014096,50166400
2021-12-14,379.40374755859375,381.2509063415046,374.9372925079584,378.5241168917935,75199200
2021-12-15,388.0532531738281,388.41489441735683,375.18168820807205,379.149690497274,73858000
2021-12-16,378.07464599609375,389.4509112718111,376.4815751531736,389.02087878073746,82591400
2021-12-17,376.18829345703125,380.37131136112106,373.1194286814025,374.6440781157666,80492500
2021-12-20,372.5391845703125,373.33183956006076,369.3881256473486,371.4431692691385,65336800
2021-12-21,380.8767395019531,381.1898952506263,372.0596700681834,375.8272150452584,48899500
2021-12-22,385.5152282714844,385.7207236420416,379.91769683860383,380.5831303289041,37042200
2021-12-23,388.421630859375,389.89928021503533,385.70115413078554,385.8674975676179,29595500
2021-12-27,394.8411865234375,394.8411865234375,389.6937977050739,389.7231541869053,32820700
2021-12-28,393.0111999511719,395.91761111169916,392.1304756312912,395.74147222055757,33113700
2021-12-29,392.95245361328125,394.4203373098033,390.5646937444718,393.1481833851523,32248500
2021-12-30,391.7782287597656,394.92928747243906,391.1910692121281,392.7372271522042,23850100
2021-12-31,389.3317565917969,392.4730198635764,388.8326664953194,391.1030008248077,34752900
2022-01-03,393.0796813964844,393.33412413123705,388.3824654365894,390.5059871616272,40575900
2022-01-04,387.9812927246094,393.6668940477097,384.8693859841103,393.62774211457224,58027200
2022-01-05,376.06207275390625,387.41371407230423,375.8076299913493,386.288312538948,75739800
2022-01-06,375.7978210449219,379.05653986739725,371.9911245132363,374.23210218621165,70814300
2022-01-07,371.7268981933594,377.50059866005824,369.94588845502057,375.80762850635017,72652300
2022-01-10,371.9715576171875,372.4902386062149,361.40280531808224,366.7948418180174,91770500
2022-01-11,377.5592956542969,377.7256390958331,369.14342248694857,371.2375878641206,68295700
2022-01-12,379.0565185546875,381.8455036442335,376.7666234951932,380.14273819165726,54576400
2022-01-13,369.5740966796875,381.1312357391142,368.6346591660763,380.44621117583057,77994000
2022-01-14,371.8736877441406,372.2064044851256,366.8339295230059,367.0394547551627,80121200
2022-01-18,362.6162109375,368.16482476252196,361.852912566964,366.03150750437925,75450900
2022-01-19,358.6334228515625,366.6676327643825,358.36918462348467,364.18200754273425,81791500
2022-01-20,353.975341796875,365.8651964574523,353.4371295986465,361.8725650393096,88610700
2022-01-21,344.1600646972656,354.4254566409495,343.8762654453955,351.77348806625537,143388900
2022-01-24,345.7355651855469,346.40102856289957,326.99558728614045,338.5038062597807,198685800
2022-01-25,337.72088623046875,343.5141471217004,334.36433262322146,339.2475127750252,124398400
2022-01-26,337.1925354003906,349.2389677634058,333.4836734469796,345.35396689653714,146559500
2022-01-27,333.796875,343.7491132101141,332.76933813549766,341.9191556750415,95255700
2022-01-28,344.2677307128906,344.4830215702914,330.71429173947706,335.6855126319435,108167900
2022-01-31,355.27679443359375,355.86395392199785,343.9936622372974,345.63771477766323,94326400
2022-02-01,357.6938781738281,358.349546013066,351.4505047826538,356.6272196352693,74433000
2022-02-02,360.6003112792969,362.17585536180354,356.4902547113536,361.84313862993463,78777100
2022-02-03,345.9801940917969,354.1807762327966,344.91353546483185,350.8535789797014,95384800
2022-02-04,350.3447570800781,353.66215920413816,344.434069477188,346.49887851959335,86318300
2022-02-07,347.5263977050781,353.3196292173552,346.26400923758325,350.94166455806754,58198100
2022-02-08,351.4309997558594,352.52701504074054,345.2463079463995,346.381475166934,64720900
2022-02-09,358.8780822753906,358.956356282978,354.3667698525903,355.97167071781223,55766400
2022-02-10,350.7557373046875,358.6431642614371,348.90621915369564,351.82239600225375,112468500
2022-02-11,339.6291198730469,352.3605732163351,338.39608808966364,350.75567280849225,101569100
2022-02-14,340.0500183105469,343.4653155966799,336.52712039026466,339.07142891842886,80254400
2022-02-15,348.5050354003906,348.73988729149744,344.28731762559215,345.3539764499388,55128800
2022-02-16,348.41693115234375,349.4444379375185,343.20103363278565,346.24446178399114,58947100
2022-02-17,338.0537109375,345.8921915096524,337.63289481022423,345.1876059663398,61801400
2022-02-18,334.19805908203125,339.3845707007806,331.8788070965872,338.993140932905,80001500
2022-02-22,330.8414306640625,336.67384392287386,327.1913119831495,331.2426558283352,85967100
2022-02-23,322.3668518066406,334.85362908683555,322.0536961103912,334.01205675035743,86215400
2022-02-24,333.1998291015625,333.7380710832161,311.44581017131446,312.0133787704004,130614100
2022-02-25,338.3667907714844,338.5723160140941,330.16623802600145,334.00229112295256,78842100
2022-02-28,339.374755859375,341.0775215418146,334.0121056311218,335.17662928233193,77515500
2022-03-01,334.17840576171875,340.6273048016596,331.6438633977363,338.34720517814924,67407000
2022-03-02,339.7858581542969,341.126521033521,332.9552924766924,335.73448316107886,70609000
2022-03-03,334.9320068359375,342.54543092867755,333.06289755830863,342.4377705687649,71089400
2022-03-04,330.078125,334.00227724598705,327.7491077914171,332.56374992835424,76936300
2022-03-07,317.9045104980469,331.2329220526594,317.6990151038907,330.06839837881466,89933800
2022-03-08,316.4268493652344,326.07572532221667,313.08985633985077,317.1118439420896,116153900
2022-03-09,327.8175964355469,329.17784979936283,322.04392595429846,324.6469768884842,64723400
2022-03-10,324.1773376464844,325.390808951843,319.71497185047383,323.73699028356475,69362700
2022-03-11,317.454345703125,327.4751198984384,316.96505107970336,327.1619641720468,66228400
2022-03-14,311.3577575683594,319.5974624023462,310.6531721075566,316.21155192934845,79802600
2022-03-15,321.1240234375,321.90691267560715,312.39502494784375,314.0096910716942,76471000
2022-03-16,333.03350830078125,333.1509342351838,321.36871103528034,325.05801170474854,105243000
2022-03-17,337.0652770996094,337.1239900643329,329.82372276336986,331.125233300305,67810000
2022-03-18,343.96429443359375,344.2578891002174,334.23711579005203,335.4016392800656,85446300
2022-03-21,343.0080261230469,345.35956768066393,338.5989305541544,343.1256271218021,73799100
2022-03-22,349.7490234375,350.62105885207745,343.1256028944174,343.50770893484,63345900
2022-03-23,344.7227478027344,350.43499402292696,344.6639622413859,346.8587328357616,70615500
2022-03-24,352.3847351074219,352.43374300235223,344.4875568706582,346.6529044772301,53555300
2022-03-25,352.09075927734375,353.3841010698633,347.76984231217006,352.3259014574051,57584200
2022-03-28,357.53851318359375,357.63649907929795,350.8366905525674,352.0810247148289,56833900
2022-03-29,363.691650390625,364.31870630065805,358.6652759460801,361.44790195550183,68073000
2022-03-30,359.67431640625,363.4857478629634,358.1850330836551,361.8200780420854,68757700
2022-03-31,355.21636962890625,360.1741506206063,354.3737268649104,359.821407400463,67011400
2022-04-01,354.540283203125,356.2647091545112,351.34612881303497,355.4808818948896,54527800
2022-04-04,361.8398132324219,361.84962079224846,355.1184054327063,355.3829404381518,45950200
2022-04-05,353.80548095703125,361.09518906450944,352.659102788854,360.37992491674953,62738700
2022-04-06,346.1238098144531,349.5726915849243,343.47834051193223,348.4655139131366,90077100
2022-04-07,346.94683837890625,349.1513861701998,341.64612210148704,345.12439665620184,63777400
2022-04-08,342.09686279296875,345.957273785848,341.4599993339712,345.2028392145551,61956100
2022-04-11,334.003662109375,338.7654704213429,333.6607265134016,337.84445706122665,66107400
2022-04-12,332.5928039550781,340.66633866728716,331.2112836878705,338.7753336516227,72790200
2022-04-13,339.3533630371094,340.41153271770617,332.2106205145378,332.935662149371,61367800
2022-04-14,331.5933837890625,339.96087600985703,331.37782680301086,339.4415837117909,73519400
2022-04-18,331.84814453125,334.15067829211495,329.006733250246,330.5352173848852,58560600
2022-04-19,339.2652587890625,339.84333669183434,330.1727239925915,331.20150112613345,56515700
2022-04-20,334.31719970703125,340.5389291751421,333.0924509889422,340.0784224610969,65500000
2022-04-21,327.39984130859375,340.8426852543083,326.46905016672895,338.2168310188275,75801000
2022-04-22,318.8266296386719,328.7813923475408,318.39551563111917,327.5566434399698,82562100
2022-04-25,322.92218017578125,323.2357230698255,315.91662246182705,317.1903792559708,101755900
2022-04-26,310.73345947265625,321.0409338651775,310.4590870562075,320.8547696689254,105819600
2022-04-27,310.3610534667969,316.3574168751304,308.63659814374205,310.8313377177506,111204200
2022-04-28,321.3838806152344,323.22590752546677,311.10576873869144,315.34831516725507,99450000
2022-04-29,306.92205810546875,320.6196598429337,306.28519469137467,317.1609703283237,91977900
2022-05-02,312.04638671875,312.28152890319217,303.3947450693504,306.51049861757616,115511800
2022-05-03,312.3794860839844,314.6820194320998,309.59686085303866,312.06594326613697,78185500
2022-05-04,322.9418029785156,323.6178667781544,307.5491668397692,312.85966144142554,116083400
2022-05-05,306.67706298828125,318.6795997985255,303.3653378434027,318.60122904114235,154607400
2022-05-06,303.0028076171875,308.7248295633636,298.94642584822117,304.6684776954865,139572800
2022-05-09,291.14727783203125,303.1008380425426,289.7461723855392,297.34942248016563,113387300
2022-05-10,294.68438720703125,299.5833827123957,290.5790265814482,298.3586338360546,124124600
2022-05-11,285.9445495605469,297.9470878557473,285.0725439595052,292.4112292345063,140326100
2022-05-12,285.26849365234375,289.77557536091507,279.1839497913746,281.6432550288911,120910900
2022-05-13,295.8405456542969,296.8791303187699,288.13930910141835,289.7461939942836,83684900
2022-05-16,292.4111633300781,296.154002012783,291.127629263149,294.0866109462604,59190400
2022-05-17,299.985107421875,300.367213527169,294.4786112928647,298.2998517523802,62715300
2022-05-18,285.2586975097656,296.1442501349046,283.9947484172809,295.4486012116083,79477100
2022-05-19,283.730224609375,288.44308602837043,281.7706263100045,283.4461043847562,79920700
2022-05-20,282.8484191894531,287.8649861906193,274.5495189657051,287.20853748676166,91764200
2022-05-23,287.5514221191406,287.93352818168177,281.48646389944696,283.896761074138,63648400
2022-05-24,281.4375,283.0247698485383,276.5483117799301,282.30953560136334,73491100
2022-05-25,285.3762512207031,287.46322776454093,279.7325997107295,279.9383491175458,67144500
2022-05-26,293.283203125,294.8411097502825,284.28865604520996,284.57280610969997,59462200
2022-05-27,302.8559265136719,303.0028904075385,296.3108752973003,296.4284464123936,66985600
2022-05-31,302.05242919921875,305.04080413610114,298.18221125700796,302.82647876787934,60968300
2022-06-01,299.8185119628906,306.3341697230418,297.59437886403043,304.19821495133345,65341700
2022-06-02,308.0292053222656,308.2055619608037,297.27100185506634,298.69172232361495,59291300
2022-06-03,300.01446533203125,304.1981962916638,298.76032380986584,302.7872833415911,60914700
2022-06-06,301.0138854980469,306.0402597453733,299.4462009328293,304.47257518015573,51785000
2022-06-07,303.61029052734375,304.39414761425036,296.57534136599065,297.67271138656946,44900300
2022-06-08,301.4254150390625,305.422982284352,300.57296468941104,302.8069054825926,38342100
2022-06-09,293.351806640625,302.80686075322944,293.18525755976697,299.73030752547965,55900500
2022-06-10,283.0051574707031,288.91334461832633,282.5544582745043,287.71798856668164,85963500
2022-06-13,269.84649658203125,276.6364977440551,268.9842685168032,274.09882144818044,94442000
2022-06-14,270.33642578125,273.03087382963923,267.81833442885466,272.0510745393159,64697500
2022-06-15,277.087158203125,281.0357471618166,271.02219971728766,273.7754625451046,86051400
2022-06-16,265.9076843261719,270.48332924476284,263.84029273705437,270.0228224851846,81910300
2022-06-17,269.1410217285156,271.59051951999356,265.0454685974276,266.68171637752107,82703400
2022-06-21,275.9313049316406,278.2579176303864,273.53602718473013,273.6439978800119,51633700
2022-06-22,275.52886962890625,279.9562378008329,272.8194160552946,273.4182280635802,67472900
2022-06-23,279.6322326660156,280.4862915454782,275.1753862607607,278.02225917849216,57457800
2022-06-24,289.21343994140625,289.63558614550607,282.23369239821085,282.4692865894706,58422300
2022-06-27,287.0930480957031,291.14737149998075,285.9542928443564,290.5780088535931,54151500
2022-06-28,278.34619140625,290.23434898193426,278.1596693835036,287.6328970312147,61609800
2022-06-29,278.6014709472656,280.11327032831275,275.6956992459022,278.2088039538767,57302700
2022-06-30,275.1459655761719,278.73892706471673,270.72839439561915,275.60735754226135,79313600
2022-07-01,276.96209716796875,277.3547641885174,271.9555102698973,273.8403539105333,56675100
2022-07-05,281.7035827636719,281.8213798623352,271.68061350479445,273.21203570455856,61829300
2022-07-06,283.5099182128906,285.6205597348825,280.3587255073505,282.0864964415513,63194700
2022-07-07,289.57672119140625,290.28353380575214,284.3247137057808,284.3247137057808,56620100
2022-07-08,289.93988037109375,291.3142296329139,285.7873533556904,286.72975999828606,59895500
2022-07-11,283.74554443359375,287.7409698096377,282.8620360935877,287.51520198724154,55273900
2022-07-12,280.9967956542969,286.9261664786108,279.3966483492465,285.00207712290694,55797100
2022-07-13,280.4176330566406,282.77366534154385,274.89075513936774,275.46014783301973,73939400
2022-07-14,281.4189147949219,282.29259657731825,274.67473134988074,277.8063006916459,63741800
2022-07-15,286.523681640625,286.6316822997966,282.8030963803812,284.42289655793724,63818100
2022-07-18,284.098876953125,290.7350594794217,282.9208760632567,289.32143444472456,59519600
2022-07-19,292.8359069824219,293.13042973694945,286.13102802025685,287.74097190242117,55172600
2022-07-20,297.479248046875,298.6670754885467,292.4726612837827,293.2580252622796,67769400
2022-07-21,301.74957275390625,301.80847130743723,295.27046223834657,297.9406398465166,55049400
2022-07-22,296.45831298828125,302.8981483216266,294.62257135556194,300.81698604370797,57127700
2022-07-25,294.7698059082031,296.9589687605159,292.7573686818506,296.48775035557804,40582400
2022-07-26,288.9778137207031,293.31686266641634,288.16303059385837,293.06161568179607,50074100
2022-07-27,301.1899719238281,302.88829324499227,292.99291796895704,293.5623105324181,69304400
2022-07-28,304.135009765625,304.7141987633981,297.20433469590876,300.97399136589223,55139900
2022-07-29,309.68157958984375,310.59456716156797,304.2528760981478,305.68615424109873,57501000
2022-08-01,309.4949951171875,312.9701591527909,306.8051949656981,307.9046744448888,46358800
2022-08-02,308.5722351074219,312.71493629552197,306.1278553637155,307.1880891995054,48676500
2022-08-03,316.9754333496094,317.8000429415315,310.2018010613774,310.260699606617,53735700
2022-08-04,318.4577941894531,318.7719397767298,314.894281952624,317.05399541693623,38973700
2022-08-05,315.8563232421875,317.89820952380035,312.55788464298894,313.34321860701607,53894000
2022-08-08,314.83538818359375,320.48988900620327,313.36286442425353,316.7791303310089,43878500
2022-08-09,311.2718811035156,313.1861740061334,309.642314479443,312.9309269634982,39764200
2022-08-10,319.9597473144531,320.25427001868235,316.160641102601,318.6442964528926,51459600
2022-08-11,318.14361572265625,324.30857993260713,317.4368032036174,322.29614301683057,45897700
2022-08-12,324.3380432128906,324.534361706065,319.14493523756295,320.20513898469363,40928400
2022-08-15,326.9591369628906,327.45980457243166,323.36617579248235,323.3858286139196,38266600
2022-08-16,326.19342041015625,328.2942350859301,323.13057617433947,325.9774490879605,41186900
2022-08-17,322.4728698730469,325.35901877529375,320.3818813868708,323.0422624910803,47842200
2022-08-18,323.2483825683594,324.43620989533196,320.8040029556997,322.42377293949306,41937200
2022-08-19,316.946044921875,320.85315264068606,316.18033365582005,320.1954420442241,51770600
2022-08-22,308.6017150878906,312.90148949275846,307.7869317451104,312.6658952651736,51098900
2022-08-23,308.3464660644531,311.1933392010768,307.590551398271,308.3660889285285,39497100
2022-08-24,309.23980712890625,311.06572215874206,307.2567893489152,307.86542769219386,38057100
2022-08-25,314.7077941894531,314.7274470149079,309.97610683404093,311.0264844457321,38098300
2022-08-26,301.8084411621094,315.6207197983979,301.7200933406373,314.41323965447384,69047700
2022-08-29,298.8339538574219,301.5924791051544,297.72464791166897,299.0400987805267,48321900
2022-08-30,295.5060729980469,301.11150197770036,292.9733451786884,300.4930371724244,51184500
2022-08-31,293.7881164550781,299.32482023818886,293.6801457581844,298.42165913961605,50044000
2022-09-01,293.9157409667969,294.2887851183657,287.5839066778044,291.28483899904273,57990700
2022-09-02,289.7632751464844,298.1860989320761,288.14347483974535,296.801922828424,64666800
2022-09-06,287.6820373535156,291.1670281153713,285.5419767477887,290.24424419206304,57005400
2022-09-07,293.49359130859375,294.4948965816833,287.89798958830795,288.1630630124858,49260400
2022-09-08,295.0152587890625,296.3405363564637,290.0381505288942,291.41250024529745,55649800
2022-09-09,301.46484375,301.9655113592957,295.0151832105773,297.2828671513401,56125200
2022-09-12,305.0479736328125,305.3817420474858,302.53486913292187,302.8490146850504,45905700
2022-09-13,288.3201599121094,297.46941796993195,287.42682524927307,296.2717641312316,79562200
2022-09-14,290.607421875,291.49092998917445,287.69182412722705,289.4686667657163,54907200
2022-09-15,285.7677917480469,291.0983207196412,284.15781801155794,288.68339007348123,65299400
2022-09-16,284.0203552246094,284.4130221874574,280.3881184114851,282.44965741464836,79920400
2022-09-19,286.23211669921875,286.38947175438466,281.30506971439746,281.36407410853366,52613800
2022-09-20,283.9505615234375,286.25182307860814,281.63945589781423,283.7145139194439,51271100
2022-09-21,278.8661193847656,289.0841441072476,278.7284524652978,284.7963012649863,82931000
2022-09-22,275.43389892578125,278.3448924843145,274.2045906647983,277.3319436777609,62757100
2022-09-23,270.94940185546875,273.2506634634764,267.51715256619866,272.9556114548125,74815200
2022-09-26,269.8282470703125,274.86348901391204,269.0316577010076,270.4773254475997,71176700
2022-09-27,269.9364318847656,275.5715616595922,267.6056382469152,273.21129583683074,69780100
2022-09-28,275.3059997558594,276.5943121956718,268.4317187207254,269.91670244176817,79652100
2022-09-29,267.36962890625,271.6771299220217,264.3897868355655,271.293571332646,81216000
2022-09-30,262.83599853515625,270.63472437200426,262.67864344736483,266.5435821266707,78482400
2022-10-03,269.0021667480469,270.6051896239408,263.1014867213907,264.6160029983741,61267400
2022-10-04,277.4598388671875,278.1679217340327,274.37180163854197,274.37180163854197,66696900
2022-10-05,277.3122863769531,279.11198047093876,270.86087900507005,273.67352190862977,55766300
2022-10-06,275.1290588378906,279.47587645192215,274.8045046194189,276.30917687233926,53489400
2022-10-07,264.64544677734375,270.59528581916004,263.3079439934362,270.4674329781537,71354700
2022-10-10,262.0,265.23554756548407,259.2758638504337,264.84214493403744,60393000
2022-10-11,258.4006042480469,263.1998286455813,256.7090748294472,260.31833719795344,66522500
2022-10-12,258.3121643066406,260.96745290812913,257.6139254166558,259.03990540289476,50580200
2022-10-13,264.3701477050781,265.69780674557035,250.05115122325435,250.93626225231773,112894100
2022-10-14,256.423828125,267.31058796915113,255.8337842410935,266.71070001637787,77244300
2022-10-17,264.891357421875,265.7666093215043,262.32454609533806,262.42289676142474,64576500
2022-10-18,266.98614501953125,272.6212759112337,264.291480409862,271.95253929785,69781000
2022-10-19,266.01251220703125,269.1497098632172,263.6325877859059,265.46178440648583,53115400
2022-10-20,264.65533447265625,270.29049502657455,263.4850604781689,265.1175556351495,60605500
2022-10-21,270.8608703613281,271.40175397554924,262.40322376796547,263.544025402643,77897700
2022-10-24,273.84075927734375,274.7750156814914,267.46801353904493,271.1264366459995,63963600
2022-10-25,279.5052795410156,279.88883802458093,273.29973545550223,274.78474905227927,59014500
2022-10-26,273.32928466796875,279.2791541337624,272.83756140694805,273.8505101241544,63492400
2022-10-27,268.35308837890625,273.67353847179663,267.8318628436462,272.20821253562247,57760300
2022-10-28,276.5648498535156,277.0369150188155,267.5564755327974,267.72367465771856,62651300
2022-10-31,273.3489685058594,275.1290042817571,271.4213917440518,274.30291281772764,47742000
2022-11-01,270.5559997558594,277.4008102076806,270.19212928889857,276.8402384011899,45895900
2022-11-02,261.2821044921875,273.60469008610704,261.21325602220105,270.5264972021962,79803100
2022-11-03,256.177978515625,260.1216087282925,255.79444997310082,258.65628299386873,70038900
2022-11-04,260.2986755371094,262.1967205393909,254.79136779915572,261.1346112672973,78313200
2022-11-07,263.1605224609375,263.70143620191243,259.2070771767226,261.35098397208424,47333800
2022-11-08,265.0782470703125,268.3334534323499,261.1247719024338,264.6848743703141,63213800
2022-11-09,258.961181640625,264.11443253359005,258.67597370583115,263.3276872107776,64862100
2022-11-10,278.06951904296875,278.3645410104651,269.31685052915526,271.44109873235175,99256700
2022-11-11,283.19329833984375,283.8620648934956,276.5353751025966,277.8826922558767,66961800
2022-11-14,280.7149963378906,284.42257916831056,279.7315497503875,281.1280270976934,55290700
2022-11-15,284.59967041015625,288.4056045443333,281.2362693076201,287.37296744567834,73985400
2022-11-16,280.7149963378906,284.6881289548776,279.88890480587696,282.632729188485,48859800
2022-11-17,280.0954284667969,281.5804424618016,276.0731354064789,276.2304904666206,55462100
2022-11-18,280.1052551269531,283.2227639007895,277.64663873832194,283.1244432551699,53588600
2022-11-21,277.22381591796875,279.86926003689535,276.3878801865664,278.7088000867857,40083500
2022-11-22,281.216552734375,281.3738777713209,275.81741077110536,277.9613470576814,41873400
2022-11-23,284.03900146484375,284.6683915655045,281.05916002073957,281.2361731728876,46390000
2022-11-25,282.17047119140625,283.14407358174225,281.6787479619591,282.4359909308422,15498800
2022-11-28,278.03021240234375,282.20986094121656,277.0959560305135,280.18396310925,38714200
2022-11-29,275.92559814453125,278.65957827781097,274.5487790148951,278.2563616019164,35618900
2022-11-30,288.50390625,288.6121009922329,275.33557069207126,276.1911645094292,74718100
2022-12-01,288.85797119140625,290.8543668283112,286.06498611396955,288.82846899036474,51547300
2022-12-02,287.7073059082031,288.59243190453293,283.5866620371841,283.7637052438961,53583200
2022-12-05,282.8785400390625,286.8516419301943,281.4131844783782,285.5731736009771,41482100
2022-12-06,277.0172119140625,282.8588867147824,275.62073464565435,282.721219806762,53937600
2022-12-07,275.88623046875,277.89246962332015,274.16519918717165,275.82722608294534,45614300
2022-12-08,279.15130615234375,280.1249086221745,275.15851560421373,277.2434174653173,42594900
2022-12-09,277.3713073730469,280.9117213896066,276.9287443663229,278.12855050492345,47860500
2022-12-12,280.8526916503906,280.9117260630251,276.50587410107335,277.54832518823514,35732500
2022-12-13,283.87188720703125,291.9656644452923,281.17725282210966,291.7394608972308,80667700
2022-12-14,281.76727294921875,286.58615491013046,278.50222328941175,283.2817589859241,64984400
2022-12-15,272.3064880371094,278.32517520169176,271.106682228899,277.65640884042523,60554100
2022-12-16,269.71026611328125,273.17198780368517,268.0973990676668,271.627999244667,68300400
2022-12-19,265.91986083984375,270.0700752675409,264.67774176094906,269.9813567739433,44167900
2022-12-20,265.71282958984375,267.46755429608197,263.1596084213672,264.74673370815214,51064200
2022-12-21,269.56732177734375,270.8784239981549,265.90997804993935,266.75778263644906,46394700
2022-12-22,262.9722595214844,266.669012921936,258.7332975717462,266.54085399057266,60278400
2022-12-23,263.5637512207031,264.23411879094067,259.7881464802111,261.7006029016984,39373600
2022-12-27,259.8374328613281,263.06102161499643,259.2952543063911,262.95256785345236,38009000
2022-12-28,256.4068298339844,261.7005760543287,256.0420883006284,259.4332459320169,47139000
2022-12-29,262.6568298339844,263.6031904027732,258.5263210959114,259.22623140626746,45893600
2022-12-30,262.4991149902344,262.62727394636755,258.5657782389029,259.87688046125936,37858300
2023-01-03,260.72467041015625,266.31414547093175,258.40803194467827,264.835443907979,42335300
2023-01-04,261.96673583984375,263.6524771315329,258.8023232016896,262.8539807656834,47754900
2023-01-05,257.8658142089844,260.45847567122775,257.5503807507386,260.2909063472002,45396700
2023-01-06,264.98333740234375,266.1071651551307,256.6434680869905,259.6107391789939,54659700
2023-01-09,266.6986389160156,271.38119415678966,266.08744704543864,266.9844995753099,45568700
2023-01-10,268.9560546875,269.0645084336913,265.15087753541735,265.6634831890521,35247800
2023-01-11,273.6091003417969,273.7175541133796,269.2420084165564,270.0306673963182,44077000
2023-01-12,275.08782958984375,276.12293896348126,269.85322730559403,274.1710416381993,60600000
2023-01-13,276.9805603027344,277.22701059911776,272.23885900705915,272.5740278000288,44802900
2023-01-17,277.5424499511719,278.83384698465653,275.61025813566175,276.7833638506993,36269700
2023-01-18,273.93438720703125,280.6476896228761,273.7273774202357,279.090107192771,47754500
2023-01-19,271.2431335449219,273.4414805599642,270.00104476780785,272.29794781341246,44150400
2023-01-20,278.666259765625,279.0014285439922,271.79522459843895,272.85990667961795,60613600
2023-01-23,284.8570556640625,286.0893069448957,278.71553453431596,279.5140309575551,52799900
2023-01-24,284.2754821777344,285.43872035283505,282.7080619077059,283.2305353310487,44875100
2023-01-25,283.6445617675781,284.26559119074875,277.18754650213555,279.74076774493295,50872000
2023-01-26,289.17486572265625,289.352302684884,284.423297616827,287.0849723872816,51596300
2023-01-27,292.053466796875,294.02506915406065,287.7356528211561,287.85394414910496,56441900
2023-01-30,286.1485290527344,290.20018799045044,285.7739498340593,288.7707640890668,49405800
2023-01-31,290.4366760253906,290.5352621389223,286.0794525993153,286.18787626521953,46705100
2023-02-01,296.6472473144531,299.1215873434466,288.149617505104,290.2296732389866,67562200
2023-02-02,307.29388427734375,309.22604578453854,302.3747469886799,303.2028162060491,83070600
2023-02-03,301.8325500488281,307.9543960632766,300.21585201467195,300.61016640708124,76170800
2023-02-06,299.27935791015625,301.5664237249543,297.928815191497,299.20050705776373,40802300
2023-02-07,305.48004150390625,306.6137067217061,298.0273877941517,299.15118537425184,67584000
2023-02-08,300.0482482910156,305.10541228058565,299.35820563528233,304.15905173555353,56720900
2023-02-09,297.39642333984375,304.6026258767324,295.93745718794486,304.4547617511018,49137800
2023-02-10,295.4446105957031,297.2880538947033,293.02938579430725,295.22773314380527,50050100
2023-02-13,300.17645263671875,300.7679393484222,295.67133412404945,296.8543075474563,39636700
2023-02-14,302.39447021484375,303.3506984307925,296.6373957286072,298.5892926258534,64079100
2023-02-15,304.7110595703125,304.8786288735794,299.8806412506642,300.5706838196108,43100600
2023-02-16,298.99346923828125,304.0506338240194,298.8456050863544,300.05815130068027,59498600
2023-02-17,296.8838195800781,297.64287548602135,293.86727106083885,296.7951011041308,58230700
2023-02-21,289.8550720214844,294.4883488382267,289.71707552282584,293.03922013888473,46526700
2023-02-22,290.0719909667969,292.1520169713458,288.4059846017418,290.43673258205797,51389200
2023-02-23,292.60546875,293.89686569169936,288.3960791007763,293.7391339168932,69294400
2023-02-24,287.7060546875,288.81014709694466,285.93159467152515,287.6173361993405,74332000
2023-02-27,289.766357421875,292.28013801689997,289.1748707864985,290.88031740024434,48995000
2023-02-28,289.3917541503906,291.9154024344328,288.80026750288624,289.1354362501446,48243100
2023-03-01,287.0653076171875,289.7565255093539,286.0795064647717,289.09605558442297,58287000
2023-03-02,289.4410705566406,290.24943474596466,284.27548199081644,284.56137275714116,53565900
2023-03-03,295.4248962402344,295.6615089854101,290.6831948774721,291.19583075513185,60511500
2023-03-06,295.7600402832031,299.6835395590809,295.5628981103666,296.6669905478917,56736300
2023-03-07,292.13226318359375,296.73596706629974,291.52107138031033,295.8093117244639,65955800
2023-03-08,293.5912780761719,294.19260228062,290.6930205612566,292.55616891555314,50876300
2023-03-09,288.5045471191406,296.706419308936,287.6863153771531,294.0940223846317,71456700
2023-03-10,284.452880859375,290.17054499823445,283.2995104784032,288.6721081487524,98593600
2023-03-13,286.56256103515625,290.28888846921865,281.1406542875685,282.65879660048756,97123600
2023-03-14,293.1476135253906,293.6996596315121,289.28329078254035,290.1310651297067,73602500
2023-03-15,294.68548583984375,295.0206545698806,289.0762757406273,290.52540441463725,83631500
2023-03-16,302.4536437988281,302.81838540526735,292.9702416943559,293.76873820690207,98198100
2023-03-17,301.024169921875,304.76036402379185,299.0624356174746,302.36487488561573,89923700
2023-03-20,302.0924987792969,302.4183034914635,298.1826915791253,300.404177736401,56359500
2023-03-21,306.4071350097656,306.8612971079246,302.5170632360702,304.03755563701196,49757000
2023-03-22,302.2405700683594,311.2548714028795,302.0727413329387,306.33797154836884,75791900
2023-03-23,305.8246154785156,310.16884934937974,303.1193484572319,305.992474368469,74576000
2023-03-24,306.9501647949219,307.0488734093291,303.06009325290194,305.4000538740448,57195200
2023-03-27,304.8471374511719,308.73720879404124,303.98816766012794,307.6511429136505,50287400
2023-03-28,303.2279357910156,304.2942660787827,300.9077107610776,304.26464746694677,48585900
2023-03-29,308.7569885253906,309.37900953336634,306.1208114275023,306.94030994401675,53274300
2023-03-30,311.679443359375,312.3113472303679,308.84581911544694,311.2450169807761,58354800
2023-03-31,316.8629455566406,317.0999245994047,311.6005042653662,311.90657332021647,62138100
2023-04-03,316.0927734375,316.359371045316,313.3973896666154,314.7302571823645,47126800
2023-04-04,315.0264892578125,317.55404441774607,313.8021830706826,316.5370986317637,45875400
2023-04-05,311.9163818359375,315.01657317390715,310.08982072661735,314.0687476214437,62795700
2023-04-06,314.01934814453125,314.51301165686715,308.85564708922874,310.2576345909981,46916500
2023-04-10,313.8417053222656,313.89108976282466,309.2802582891032,311.07720109939027,45134700
2023-04-11,311.8275451660156,313.8614669760929,311.31414585454934,313.80219962204313,40113600
2023-04-12,309.0729064941406,314.38473150274785,308.60886151786514,313.792329173123,62813300
2023-04-13,315.1252136230469,315.59911136214004,309.6554128812949,310.84018735986064,54613800
2023-04-14,314.53289794921875,316.30019230606905,311.6103871426524,313.56530624734785,56278300
2023-04-17,314.79937744140625,315.1548308750288,312.03487353915426,314.1181193135597,43007000
2023-04-18,314.8191223144531,317.3467075526955,313.6146121104409,316.9221339764313,46746900
2023-04-19,314.67108154296875,315.73741192123657,312.2718833881241,312.4002407605858,38960100
2023-04-20,312.2718505859375,315.22394931910367,310.9784543437977,311.6893311443569,62462100
2023-04-21,312.5977478027344,313.3777449705851,310.1195762469642,311.9066366257346,59002300
2023-04-24,311.9460754394531,313.71336962897465,309.76406039160014,312.3706189510697,44043100
2023-04-25,306.06158447265625,310.97848534424384,305.96287584591164,310.3071100020205,57121600
2023-04-26,307.917724609375,310.94882630113074,307.3944424061431,309.4678355224554,55400500
2023-04-27,316.2903137207031,316.79383016609904,311.0574608340806,311.69924769823785,65430400
2023-04-28,318.4722595214844,318.5611153538679,314.9178755719697,316.0532958268721,59652500
2023-05-01,318.10693359375,319.5286870855784,317.0208677137654,318.00819485359995,41013400
2023-05-02,315.33251953125,318.3636208203883,313.58493136080904,318.03778601909266,56519400
2023-05-03,313.26904296875,318.38339042510046,313.1604213131388,315.69785934521815,59882100
2023-05-04,312.1632385253906,314.197130045568,311.12652693855256,313.0419440215675,50224500
2023-05-05,318.798095703125,319.65706555058955,312.2027270739205,314.4340961992129,51776000
2023-05-08,319.5879211425781,319.93349166426896,317.24796066524726,318.33402653449,36465800
2023-05-09,317.56396484375,318.78824104466383,317.24801287872776,317.91938820627166,31768800
2023-05-10,321.0196228027344,321.87859275960585,317.52447561502805,320.0125296415701,60446600
2023-05-11,322.0661315917969,322.6091494773748,320.01247422606497,321.5724680118774,44278500
2023-05-12,320.9109191894531,323.0238136007019,318.84740921063883,322.5992400574228,48396200
2023-05-15,322.648681640625,322.88563053962133,319.8545286396681,321.3849039612503,33375600
2023-05-16,323.0139465332031,324.73188609257295,321.88837914545553,321.9278806671746,40019200
2023-05-17,326.9237365722656,327.50625593138466,322.8954553598983,324.0802297725563,47486100
2023-05-18,332.995849609375,333.2130628088576,327.29898224366775,327.3187179414984,64213500
2023-05-19,332.2454833984375,333.92392154823943,331.1791531566012,333.21304476396017,61462400
2023-05-22,333.3612060546875,334.37815197461583,331.97892372164165,331.9888066365697,43015900
2023-05-23,329.1353454589844,332.7884677576292,328.7799221680884,331.63331193138544,48216700
2023-05-24,327.4470520019531,328.69109388598935,325.3835418191344,327.17060159781556,62891200
2023-05-25,335.414794921875,336.6884554363801,332.40345903815637,334.84215840799624,66862800
2023-05-26,343.98480224609375,344.8240364210308,336.3428990979862,336.4416378475381,63007000
2023-05-30,345.5447692871094,349.4446934791333,344.1131328569886,348.2401531422444,72652200
2023-05-31,343.5799560546875,346.1568955149789,342.1187311956838,343.9551451825396,65105400
2023-06-01,347.5490417480469,348.88190930368324,342.2668354384562,343.32328272654104,50488600
2023-06-02,350.15557861328125,351.32061745512095,347.5490505242359,349.31634448350934,53293500
2023-06-05,350.4024353027344,352.96949218112803,349.36575374166983,349.93839028959843,47266200
2023-06-06,350.3431701660156,351.3107616418671,348.4573716514229,349.79026936005306,41390400
2023-06-07,344.3995056152344,352.5943099053851,343.767601699518,350.62953827959683,69225900
2023-06-08,348.6745910644531,349.13863604890946,344.4685977247189,344.695663694647,47153900
2023-06-09,350.007568359375,353.12752660417505,348.5561958551617,350.135925744165,53155900
2023-06-12,355.92156982421875,356.0203085695918,350.6986306724168,351.6760749506901,44606500
2023-06-13,358.6565246582031,359.49572875857564,355.4674466319384,358.68614327197116,57097800
2023-06-14,361.26300048828125,361.5493338002609,355.85246695512717,358.66632524610435,69525600
2023-06-15,365.5677795410156,367.0586231274211,359.3673659162197,359.9893567437257,71138800
2023-06-16,363.2673034667969,368.12496673560366,362.82302428817303,367.99660937372255,80875900
2023-06-20,362.7472839355469,364.1512251256031,359.77137274695355,361.8080544905476,49204700
2023-06-21,357.8038635253906,362.0354195489987,356.87450041146184,361.6003972330248,53378300
2023-06-22,362.0255126953125,362.18367518143276,356.1428457897687,356.5482088193424,47603000
2023-06-23,358.4366149902344,360.7501261798253,356.7360815296591,358.1103331846834,48873900
2023-06-26,353.63165283203125,360.71061721685294,353.54267510230414,357.9027648919522,52685500
2023-06-27,359.7119445800781,360.44358934147493,354.4521824030606,355.1837969922952,49428100
2023-06-28,360.41400146484375,362.37157173652076,357.8038675397168,357.8829789646912,46498000
2023-06-29,359.6922302246094,360.76002318888607,358.0411489420112,360.1173560473463,46151000
2023-06-30,365.2387390136719,366.29660530522773,363.07352407928244,363.3898792336409,58668800
2023-07-03,366.098876953125,366.7316174164611,364.7938101465283,365.88136581869225,19432900
2023-07-05,366.0890197753906,367.79944979665413,364.4873604191001,364.52691613110557,34460900
2023-07-06,363.3009033203125,363.74582207370446,360.3941772343043,362.3616739785019,49374700
2023-07-07,362.0947265625,366.28675691346,361.86734911282974,363.0735418285234,47083200
2023-07-10,362.2133483886719,362.89554105351294,359.29675599827556,361.81788181379034,48498800
2023-07-11,364.0028991699219,364.4576842342538,360.4930615676832,362.63851380475955,38214100
2023-07-12,368.60028076171875,369.9547697239979,366.1087838235301,368.1257027325,61975400
2023-07-13,374.8586120605469,375.6891009605245,371.21037464540075,371.79369315233146,46960000
2023-07-14,374.779541015625,378.52662255228773,373.89959990977724,375.2936445851813,55097800
2023-07-17,378.2794189453125,379.1593599739148,375.0167820235296,375.50122630947243,40868900
2023-07-18,381.3740234375,382.748305317866,375.69900081709324,377.6368082678377,55343400
2023-07-19,381.2850341796875,383.5886790903595,379.95030805115573,382.44180487032605,54093000
2023-07-20,372.4956970214844,379.7526164958165,371.46745968788315,378.27946036409077,71941700
2023-07-21,371.3784484863281,375.61990070445756,370.9434261987166,374.8882558541113,60439400
2023-07-24,371.9716796875,373.3063756755256,370.10305702879657,372.3572498120813,40380100
2023-07-25,374.4928283691406,376.16370274548734,372.6637613105882,372.68355425346954,38894400
2023-07-26,373.2471008300781,374.9476345441443,370.93358929562254,373.44484923699054,47075700
2023-07-27,372.3572082519531,380.3556376773695,371.06203794751116,378.73421576546514,63940200
2023-07-28,379.13958740234375,380.1677944246093,375.91647610043356,376.4305796115664,56902900
2023-07-31,379.33734130859375,380.523771273259,378.012511612279,379.44611197190227,44019900
2023-08-01,378.4573974609375,379.21867134918625,376.3811602895189,377.9828194819329,41060600
2023-08-02,370.15252685546875,374.9674015259203,368.90677835695016,374.9674015259203,72687100
2023-08-03,369.55926513671875,371.69482079046446,367.5621092029992,367.73019833320757,47666400
2023-08-04,367.82904052734375,373.8204474631019,367.3248033527368,371.49704011325724,61646200
2023-08-07,370.9434814453125,371.0423556476166,367.3051401090165,369.64831085998884,37230400
2023-08-08,367.78948974609375,368.44202310662536,364.6454900589381,368.42226034012293,44726500
2023-08-09,363.7458190917969,368.23444160931075,362.9845451887176,368.0762489465608,51150900
2023-08-10,364.41815185546875,370.1228338964352,362.88570742527753,366.7712189202798,72035300
2023-08-11,362.0947265625,363.83481577128214,360.56228220624314,361.847556171351,48683800
2023-08-14,366.158203125,366.27684007860887,360.57215863003734,361.29387682187973,42130800
2023-08-15,362.2726745605469,365.9802300428294,361.6003482355818,365.17937030026576,45539900
2023-08-16,358.4366149902344,363.27125204520655,358.33774080151693,361.72891125214596,53190500
2023-08-17,354.5213928222656,360.18654858061836,354.10616349590686,359.8405040272098,62604300
2023-08-18,354.0765075683594,355.3420186712716,350.6952035898633,351.2389965137788,61119500
2023-08-21,359.7812194824219,360.46341218365507,355.0849819962854,355.5496635439056,50696500
2023-08-22,359.26708984375,362.4110897859615,358.57500072190544,362.4011933158261,44613500
2023-08-23,364.9322204589844,366.0296726329871,360.235983250638,360.4534943913849,51770600
2023-08-24,357.13153076171875,368.5211307199367,356.92391609601503,368.42228670818764,66842500
2023-08-25,359.8998718261719,361.60040541650903,354.5214414089273,357.971960773817,69960500
2023-08-28,362.6088562011719,363.5480855736566,360.12725584690025,362.83623364828054,40910000
2023-08-29,370.5281677246094,370.88410876646157,362.08484914617145,362.41110077671715,58492400
2023-08-30,372.5945129394531,373.1778616030941,369.6284683014807,370.63694278857776,41731500
2023-08-31,373.71173095703125,375.4221609075029,372.6044124440515,372.6736273941544,35730700
2023-09-01,373.3162536621094,376.5195721502303,371.8233349032345,376.0944463355063,39772400
2023-09-05,373.7908630371094,375.01681857678574,371.5761957165791,372.5055588425171,32344200
2023-09-06,370.49847412109375,373.355777972663,368.48158570227645,373.00973343334255,42998700
2023-09-07,367.8488464355469,368.62991328990006,364.971779571992,366.01977957659284,52060700
2023-09-08,368.3629455566406,370.6072719057162,367.39405698219565,367.79942002397655,35800100
2023-09-11,372.7032775878906,373.21738112153423,369.43074413721547,371.4081071973051,39936600
2023-09-12,368.5705871582031,372.6835058448078,368.28386107318823,371.0224979834846,41391000
2023-09-13,369.9744567871094,371.5860122903015,367.67084240994296,368.8078199810279,46300700
2023-09-14,372.9998474121094,373.9885288823405,369.65812938734604,371.73433633710016,48039400
2023-09-15,366.6130065917969,372.06065163865605,365.67374704159124,371.6552885786814,69757700
2023-09-18,366.9952087402344,368.1140410225092,365.3813200651544,365.6684612334178,36903500
2023-09-19,366.21295166015625,367.01494046888934,363.17329865055154,365.6684018029116,37621700
2023-09-20,360.93572998046875,367.63878278491364,360.85650403528666,367.28235667912867,45514200
2023-09-21,354.32177734375,358.02482002630273,354.1534750766344,357.2327116003718,69584700
2023-09-22,354.3712463378906,358.222769096636,354.05440301649605,356.07424142058375,51589700
2023-09-25,356.054443359375,356.14358009977997,352.41083557006147,353.40094835297344,39168000
2023-09-26,350.70782470703125,354.0049170477041,349.7177119683523,353.460336911925,53657700
2023-09-27,351.5296325683594,353.45045368427867,347.88599475326794,351.86626727108796,56066000
2023-09-28,354.4702453613281,356.6088923466192,349.7473886045368,350.6087817897567,56453300
2023-09-29,354.7276611328125,359.36141146729653,353.49002027532197,357.96534895414624,64754300
2023-10-02,357.6881103515625,359.09405341233696,354.3811376826078,354.9950026992142,51625100
2023-10-03,351.41082763671875,357.4406106087587,349.78702823646006,355.2326483167024,60478500
2023-10-04,356.19305419921875,357.0445366424144,351.78704046955573,352.25239466074294,54786700
2023-10-05,355.1435546875,356.5891108826563,351.6286664126362,356.18316101785575,45897400
2023-10-06,361.0940856933594,362.29211350675075,351.3414703136706,352.1335483257325,74959200
2023-10-09,362.9356994628906,363.4802493474024,357.2128494142476,358.71780980143427,45304800
2023-10-10,364.9456481933594,367.60905385920597,362.76741831287455,363.27235525932656,46968800
2023-10-11,367.54962158203125,367.73774540404753,364.54958144124566,366.28227859025014,38215100
2023-10-12,366.27239990234375,370.04472703730863,363.8664331877617,368.05462096991204,49587900
2023-10-13,361.6683654785156,367.4902329831128,360.26239215097917,366.90607011660956,52469900
2023-10-16,365.7575378417969,366.81696568754876,362.84660407292904,362.9951149354546,44201100
2023-10-17,364.55950927734375,366.26250433488707,360.0643891459489,362.1931254139176,50999100
2023-10-18,359.7772521972656,364.2723723810808,358.4405939896562,362.0545295698926,54280500
2023-10-19,356.4109191894531,362.4010897677367,355.60893020864745,361.2030616952492,72274200
2023-10-20,351.0940246582031,356.4802410102305,350.8662878236979,355.905958633077,72369800
2023-10-23,352.15338134765625,355.70788215369834,347.6483506372773,349.7672062228745,60665200
2023-10-24,355.57916259765625,356.3514492598639,352.27218995610843,353.9751849312126,47082100
2023-10-25,346.8760986328125,353.3514445048259,346.29193573381605,353.17323146089683,71190500
2023-10-26,340.2621765136719,346.6088033375324,338.96513113229264,345.6681840689694,78621400
2023-10-27,341.89581298828125,345.3909096001034,340.6779634932523,343.00473437440115,63476700
2023-10-30,345.7474060058594,347.0741535479195,343.0245957731026,344.3909260722307,55298500
2023-10-31,347.40087890625,347.77712661085536,343.19289943836066,345.7771096002922,47671900
2023-11-01,353.4305725097656,353.99494392324584,348.1433750420398,348.24239234164224,58992700
2023-11-02,359.8465270996094,360.0841444554248,356.737559020444,357.9653191957805,58162400
2023-11-03,364.0743713378906,365.37141669614124,360.91590907031525,361.14364589333945,53239100
2023-11-06,365.5595397949219,366.1239113448356,363.2822924327418,364.8466573676216,38848700
2023-11-07,369.0149841308594,369.8862578517793,365.4010489091875,366.6089875095418,50777400
2023-11-08,369.2526550292969,370.09425691823225,366.9555861749313,369.39125510341984,35663400
2023-11-09,366.4110107421875,371.0942244316101,365.91595439677934,369.9457203002036,53859400
2023-11-10,374.6487121582031,374.79722300144425,367.60899603019476,368.1436652817007,58309800
2023-11-13,373.4804382324219,374.5398661728631,371.5299148213414,373.06460778018436,40733500
2023-11-14,381.5201110839844,382.44093885344375,379.39137483505306,379.9161333542393,67792600
2023-11-15,381.8072814941406,383.91622652856177,380.4409210371442,383.42117014361196,54141400
2023-11-16,382.1340026855469,382.3716200607679,379.76761886588633,381.0349618934672,45343500
2023-11-17,382.2231140136719,383.24292888295713,380.49041679390666,381.40130355428334,46571900
2023-11-20,386.87664794921875,387.54003678957616,382.233016714247,382.233016714247,44429600
2023-11-21,384.6290588378906,385.38155411408025,382.8765703411142,385.16372812443797,43337000
2023-11-22,386.203369140625,389.1836181277207,385.1934650334823,386.7083363021177,44121000
2023-11-24,385.6588134765625,386.3914872169499,384.65878996485594,385.7974135444921,15718800
2023-11-27,385.3221740722656,387.282577886834,384.44095926264674,385.16375241382264,34139700
2023-11-28,386.3321228027344,386.9162857393472,384.2132668689923,384.56972319564727,35491100
2023-11-29,385.9558410644531,390.24304610845127,385.60929556560467,388.8073705628687,38811700
2023-11-30,384.9855041503906,386.6884991866765,382.00528549877134,386.22314501350996,52834400
2023-12-01,386.0845642089844,386.67863789608543,382.25283274015476,383.91621489136344,40440500
2023-12-04,382.5003662109375,382.77759657330336,378.87654990697035,382.27262939991283,51186900
2023-12-05,383.46075439453125,384.658782295944,380.4111903707732,380.5894336200464,42933000
2023-12-06,381.242919921875,386.5103272471323,380.8964046160339,386.4113099243872,41994100
2023-12-07,386.5696716308594,387.4013626243819,383.1339795538938,384.23302029893995,49593500
2023-12-08,388.2925720214844,388.7381046771639,384.63905316568025,384.8271770255826,46623600
2023-12-11,391.609375,391.8767247744938,387.6588348873846,387.866750099669,41198000
2023-12-12,394.72821044921875,394.8470191287651,390.51032103028916,391.64894449706037,39221200
2023-12-13,399.74810791015625,400.3619729743164,394.8965615281547,395.66884825658883,55408100
2023-12-14,399.4015808105469,402.28278220829327,396.38171891387793,400.97585639441314,55447800
2023-12-15,401.332275390625,402.5204227086679,399.57978680156117,400.18374104074127,62598000
2023-12-18,403.8601379394531,404.76294381698955,401.39977317765283,401.72714968101656,46610000
2023-12-19,405.9237060546875,406.0427520568413,404.1280248777437,404.3165244732192,35711900
2023-12-20,399.8917541503906,407.2233161713468,399.7131851585027,405.12008953037247,54042400
2023-12-21,404.5447082519531,404.9118071471516,401.2708219069313,403.8403325161352,45568900
2023-12-22,405.1498718261719,406.72729188787474,403.2649061705883,405.76496301393325,34292400
2023-12-26,407.6300964355469,408.3047106214653,405.9137691944765,406.0129842868046,22722500
2023-12-27,408.45989990234375,408.747765907762,407.0503773201995,407.91397533645426,31980500
2023-12-28,408.26141357421875,409.86947089322064,407.9040876980777,409.6213178263041,27029200
2023-12-29,406.4945373535156,408.5989006634904,404.56886726160275,408.241544519487,42633400
2024-01-02,399.6157531738281,403.08989597129226,397.2831083799637,402.84174291433055,58026900
2024-01-03,395.38720703125,398.0374949521076,394.9504855289812,396.9753926206551,47002800
2024-01-04,393.3523864746094,396.6379306426437,393.13401056500635,393.5112080717863,39432800
2024-01-05,393.8188781738281,396.60811594622027,392.4192913800464,393.5211066398828,44867900
2024-01-08,401.95831298828125,402.24614870913854,394.9008246615034,395.04971042955367,42473800
2024-01-09,402.7524108886719,403.6854688049198,398.7422490119544,398.94078357409614,39132900
2024-01-10,405.4820556640625,406.49450913289587,402.1766705951372,403.07001545494523,33962800
2024-01-11,406.3257751464844,408.16211361681195,401.25351148926984,406.76252690025257,54536200
2024-01-12,406.53424072265625,408.21175772488306,405.1346539182594,407.3680313161463,39581400
2024-01-16,406.4945373535156,408.08272293238775,403.8244081113927,405.2934850729705,43903000
2024-01-17,404.2015686035156,404.5787660518419,399.94328446434014,403.16927382002206,54386000
2024-01-18,409.9389343261719,410.52457193417774,406.1372426361939,407.4871807918435,59562500
2024-01-19,418.0683898925781,418.22721147612486,411.56679224301826,412.1524297930296,70268500
2024-01-22,418.6143493652344,421.5921859321853,418.0088401780519,420.2819305726181,44880600
2024-01-23,420.3514099121094,420.5697857997683,417.4629048812153,419.3091489651431,33003800
2024-01-24,422.68402099609375,426.67434124955764,422.1877149181699,424.2821423189104,46948000
2024-01-25,423.2001953125,425.870324413701,420.84770936873315,425.19532513112364,44367200
2024-01-26,420.6789855957031,423.06124888261235,420.0238578906819,421.3043361455925,37137000
2024-01-29,424.9869079589844,425.18544251610695,420.48044008296193,421.13556777092185,38694700
2024-01-30,422.157958984375,424.5203808807755,421.2447727186817,423.9446791299793,36739000
2024-01-31,413.8895263671875,419.74593251687764,413.7108634343373,417.7408666999412,64010600
2024-02-01,418.76324462890625,419.2595507346498,414.72330565804486,415.6960765304657,51008600
2024-02-02,425.840576171875,427.0614698097153,419.6665269811323,420.6690447199256,59582300
2024-02-05,425.28472900390625,426.4361325524383,421.86020463764606,425.9001437498146,39889200
2024-02-06,424.4310302734375,427.0416051035235,422.0785442986814,426.4360959334308,35846100
2024-02-07,428.7985534667969,429.6323441164586,425.91998401846223,427.23023945026864,37712700
2024-02-08,429.5926208496094,430.356921299892,428.2327470509455,428.91762156564727,29889900
2024-02-09,433.8211364746094,434.615244385319,429.9400495497214,430.73412716831155,36943900
2024-02-12,432.123779296875,435.8957237255149,431.43887447486753,433.7119648304013,33203300
2024-02-13,425.38397216796875,428.0838787285154,422.18775947711663,424.12336550215684,64491700
2024-02-14,430.01947021484375,430.4462862023667,425.7115367844957,428.07395873161715,45092700
2024-02-15,431.2999267578125,431.7664556927263,428.1433970126776,430.7142892083879,38796100
2024-02-16,427.3890380859375,431.77636700387006,426.67435609717256,431.6771300185272,53661500
2024-02-20,424.1630859375,426.902675226346,420.37129976514063,425.3839796525748,53999500
2024-02-21,422.4656677246094,422.5550294804839,418.5150905198182,421.4135012064581,50179700
2024-02-22,434.8336486816406,435.87587941064345,430.50584358886897,431.28007991981656,53887800
2024-02-23,433.55316162109375,437.3350117330803,432.57048522270816,436.4019538285466,39853900
2024-02-26,433.3248596191406,435.35973287873094,433.13626087088295,434.36712064247854,33043200
2024-02-27,434.3670654296875,434.75416840071773,431.81604503667216,434.43655554750137,33713200
2024-02-28,432.0543212890625,433.4440026667669,431.09148619903,432.2131428834322,32938800
2024-02-29,435.75677490234375,436.83871861271865,431.80616726799695,434.9924743800023,42495200
2024-03-01,442.3179016113281,443.2807366433199,436.59054020394353,436.65009451172693,43809200
2024-03-04,440.7396545410156,442.74475055560475,440.4915014930413,442.3179042910777,34325700
2024-03-05,432.8285217285156,437.69234556281253,430.4462585948081,437.6824097477005,57917100
2024-03-06,435.5483093261719,438.72465014427263,433.6623522322808,437.0670047581934,46234500
2024-03-07,442.1591491699219,443.4197558515967,437.603032179318,439.15153519410916,44526700
2024-03-08,435.7765808105469,445.32553526213434,435.10161180994646,442.5164258778026,71954300
2024-03-11,434.1586608886719,435.41926746644725,432.22305499880775,434.2777695048875,45860000
2024-03-12,440.38232421875,440.7396500639856,433.23550439283974,436.4813656143289,55300900
2024-03-13,436.9975280761719,439.39966296732706,435.8758714253983,439.3797913360505,37928700
2024-03-14,435.8957214355469,438.7643548454782,433.1660379770549,438.23827160879904,52195200
2024-03-15,430.7143249511719,435.62773746019997,429.54301946300234,432.8484352505753,73038800
2024-03-18,434.82220458984375,438.3605742247722,434.5836420272337,436.06461051031516,47323800
2024-03-19,435.9055480957031,436.3130608486692,430.69736221940724,432.80450799058684,43004100
2024-03-20,441.0739440917969,441.41187484295807,435.3986426649936,437.1081943269805,43653500
2024-03-21,443.1612243652344,446.61014446830495,442.9624576141203,446.1529475753488,39345700
2024-03-22,443.6681213378906,444.77136321757473,441.7895890577687,442.64438008964424,28229300
2024-03-25,442.0579528808594,443.54883990928334,439.8514388655049,440.8552821720986,27789200
2024-03-26,440.626708984375,444.5129582338751,440.3980953818721,443.58858520265886,34142000
2024-03-27,442.1275329589844,443.8271661197388,439.24515725196704,443.7277675783569,41359200
2024-03-28,441.3125305175781,442.9326326859272,440.954701840876,442.077841642599,36839600
2024-04-01,442.246826171875,444.81113866057683,440.32852836698777,442.2666937471355,38729000
2024-04-02,438.43011474609375,438.7481779333621,435.3688399821171,437.40637350696596,44259700
2024-04-03,439.41412353515625,441.302574431378,436.28326674244977,436.2931853637425,39949800
2024-04-04,432.6951599121094,444.2346410425793,432.4665463196345,443.61838227140885,57267700
2024-04-05,437.7940368652344,440.4776458293539,433.31142652599976,434.1264521026199,54723000
2024-04-08,437.9232482910156,439.8116992382588,436.53175971579304,438.72832490711494,28144900
2024-04-09,439.5433044433594,440.5471477038284,434.7823969250047,440.2688500179301,39521600
2024-04-10,435.706787109375,436.57149678734754,433.62948802504957,434.34511505719513,61502200
2024-04-11,442.6642761230469,443.618435422518,435.2992898349749,437.5853350370997,45474600
2024-04-12,435.60736083984375,439.55324305316475,434.2258213002199,438.42018468482763,53602600
2024-04-15,428.44122314453125,439.4638455696807,427.59638099556554,439.37439597727416,63453600
2024-04-16,428.4809875488281,431.1248311579383,427.0894988946064,428.28219045586314,47619000
2024-04-17,423.2529296875,430.4887009582989,422.318637956662,430.4688333820474,56880500
2024-04-18,420.83770751953125,425.6383510065578,420.2612141436053,423.89898258873717,46549400
2024-04-19,412.130859375,420.18165528847595,410.5604717386472,419.6548764253516,75136600
2024-04-22,416.27557373046875,418.62122159598886,411.4252160663763,414.77473764209736,47807700
2024-04-23,422.4875793457031,423.6902197392302,416.32523407521103,418.21368493804744,44384700
2024-04-24,423.9188537597656,427.11929265998185,421.62289001962966,425.5985890096038,48440300
2024-04-25,421.8713684082031,422.7360780796387,415.59970571969336,416.69299866894346,57392200
2024-04-26,428.381591796875,429.9221631147815,424.3263919306638,425.0221210962244,41874900
2024-04-29,430.12091064453125,431.1247842901708,427.3677501661121,430.4986068807986,30022200
2024-04-30,422.010498046875,429.9320793690748,421.93099741452374,428.5306418580008,43665900
2024-05-01,418.9591064453125,427.5267623847796,418.10434580800614,420.5792084736945,52251700
2024-05-02,424.30645751953125,425.2109326559096,418.07456043563815,422.7161718987801,36559000
2024-05-03,432.8343811035156,433.8283058995658,429.99174041407974,431.8006908226137,48515300
2024-05-06,437.57537841796875,437.6648280070857,433.8680281196253,434.6432882241486,30227200
2024-05-07,437.6449279785156,439.2848976550699,436.90940308002365,438.0226242148974,30996100
2024-05-08,437.38653564453125,438.7979221763024,434.89177474394637,435.0110711964072,24896700
2024-05-09,438.3406677246094,438.91716104642546,435.7962228759371,437.6548572433791,24580100
2024-05-10,439.3743591308594,441.6106897500157,437.8238389948184,439.8514539158625,27116600
2024-05-13,440.3881530761719,441.39202675305245,438.96684800150217,441.2926282142823,22994200
2024-05-14,443.2208251953125,443.75755301542756,439.7719053430275,439.9607534587685,34478300
2024-05-15,450.14849853515625,450.39697971455655,444.184950229549,445.7056538341918,41464700
2024-05-16,449.234130859375,451.9276585074266,449.0651503014162,449.9596765327502,34780400
2024-05-17,449.01544189453125,449.96960113416935,446.80892779949755,449.3632912813186,35803700
2024-05-20,452.1462707519531,452.8121832881823,449.04523066568487,449.2340787776719,24474200
2024-05-21,453.0308837890625,453.2197319159989,450.0888750553738,450.287672135994,23167700
2024-05-22,452.9414367675781,454.04470900656946,450.3274098367153,453.2893164945457,25120000
2024-05-23,450.9039001464844,457.78184234537497,449.1048987978149,457.7520258165309,40899200
2024-05-24,455.1678466796875,456.4400691332198,450.81445146664186,452.5240032322174,29651000
2024-05-28,456.8872985839844,456.94693163938007,453.9154734387912,456.39033623423705,26216800
2024-05-29,453.6670227050781,455.45607515134446,452.5736993958368,452.71286342254785,29739200
2024-05-30,448.80670166015625,452.8718805159378,447.4748461559964,452.73271649368525,30714100
2024-05-31,447.9718017578125,449.731067923625,440.3682837213459,449.0353084872214,55941300
2024-06-03,450.3771057128906,452.81220303695954,445.1788685944322,451.80835971238633,32997500
2024-06-04,451.6095886230469,452.8122290903697,448.38928210498244,450.11870148213904,23767400
2024-06-05,460.71392822265625,460.79342885478496,451.64933955120875,455.19765811194037,33817400
2024-06-06,460.5549011230469,461.7178064129903,459.3820772116002,461.3997432170189,21966800
2024-06-07,460.1473693847656,462.9104788300673,459.0341785768994,460.1871348656679,25829700
2024-06-10,462.00604248046875,462.36387117426364,458.7261028369313,459.0143495163526,20719800
2024-06-11,465.1766357421875,465.2959321874115,459.22303638582815,460.72387241676694,22053300
2024-06-12,471.2693786621094,473.60510771517727,468.42676865058667,469.1224977238964,34532600
2024-06-13,473.8237609863281,475.4836285001739,471.5377464211818,474.8176856376392,25859000
2024-06-14,476.2787780761719,476.34836008469756,473.157839967531,473.62498578850034,23372600
2024-06-17,482.1131286621094,483.9021810490091,475.2351864943454,476.54714408972313,37054500
2024-06-18,482.26220703125,482.9480175176574,480.4930222351118,482.063440285676,24438600
2024-06-20,478.544921875,483.8822926090193,476.70615513142184,483.46486122509094,33918700
2024-06-21,477.26275634765625,479.6084344181934,475.7619506728201,478.26663000343706,39432900
2024-06-24,471.8293151855469,477.7724784027067,471.6899603501367,476.0303454875639,37751000
2024-06-25,477.2249450683594,477.5235842618228,472.9840862388635,473.92982765214083,29250200
2024-06-26,478.2104797363281,478.7580254257424,475.98055943432456,476.39865430075747,22737100
2024-06-27,479.4449157714844,480.9282381602352,477.1453027680209,477.96162376312043,26222100
2024-06-28,476.9561462402344,485.009804377067,476.3090743915452,480.24132931728025,34881600
2024-07-01,479.7535400390625,480.3209545126409,474.11898094653327,477.8819867258792,24898300
2024-07-02,484.790771484375,484.8504993213737,478.1208794692536,478.25029990954596,26723600
2024-07-03,488.8325500488281,488.9619704978305,484.0342109510959,484.0342109510959,18064900
2024-07-05,493.92950439453125,494.36752879434596,489.3800416485015,489.67871121949463,28495900
2024-07-08,495.10418701171875,495.6616670817265,493.2724624416382,494.2978308254437,22109400
2024-07-09,495.5322570800781,497.7522430208902,494.0091364316496,496.6273180908013,25614500
2024-07-10,500.6989440917969,501.2564241916965,496.1495115315863,497.46355440684283,28046900
2024-07-11,489.7185363769531,501.01751887372984,488.5239491686358,500.8084714288421,49966600
2024-07-12,492.5955505371094,497.37396004854935,489.82804920549296,490.2959375419354,37109400
2024-07-15,493.9195556640625,498.7577233716833,491.86881880761507,494.3774792313232,31151400
2024-07-16,494.10870361328125,496.19926915513554,490.93304180388435,495.38294816768223,25950600
2024-07-17,479.60418701171875,486.6025823583047,479.534524786541,486.0849309606581,56268800
2024-07-18,477.33447265625,483.5265122463868,474.12894675176653,483.3473287165408,49347400
2024-07-19,473.103515625,479.5245313511087,471.809372018062,476.9959415922219,42042900
2024-07-22,480.1517333984375,481.17710180896916,475.56244189705,478.99694454321184,40300000
2024-07-23,478.4593811035156,482.25225092252134,477.981558373806,479.2458381866789,23282500
2024-07-24,461.296875,472.05827609627306,460.43079095538235,471.68994429618385,58818600
2024-07-25,456.2098388671875,465.836380804191,453.5817227700731,461.63535057513343,59256800
2024-07-26,460.88873291015625,463.8354178088728,457.7031062658662,460.5701641696498,39992100
2024-07-29,461.8145446777344,465.8065275585934,459.54479556805506,463.6164054438207,28218500
2024-07-30,455.4731750488281,464.46257951556646,452.1083649603911,463.75577982338285,41317200
2024-07-31,468.9523010253906,470.66456994014675,464.31324651936075,465.76667454850946,44552100
2024-08-01,457.5935974121094,473.4121479567119,453.93014818105814,469.63920781437156,56653900
2024-08-02,446.7326354980469,451.53097438399254,442.4718775379271,448.8630296682996,66323200
2024-08-05,433.4128112792969,440.3017161359523,421.546414050656,422.8007291255903,87483500
2024-08-06,437.5541076660156,445.06022037693447,432.6064489049222,435.26445938446454,63164400
2024-08-07,432.8154602050781,446.9814995118465,432.4172644998528,444.4827736124513,54929200
2024-08-08,446.05572509765625,446.9715722585002,435.1848021883716,439.0772285729269,47890100
2024-08-09,448.3851623535156,450.02773861767974,443.60672277185614,444.73164765967067,33574000
2024-08-12,449.3507995605469,452.32734811821604,446.5335049787422,449.3607643266826,27795000
2024-08-13,460.50042724609375,460.7692328864476,453.6314527345255,453.77083793772886,40084500
2024-08-14,460.6498107910156,463.0190859947047,456.33925926895904,461.4263030901307,34733700
2024-08-15,472.2872619628906,472.68545768993755,466.27440622920614,466.65270280303605,38280600
2024-08-16,472.8945007324219,474.26830180128684,469.52969066645085,470.4953312452627,38383600
2024-08-19,479.1064453125,479.1462739994683,471.2419657477301,473.0338920966615,23737700
2024-08-20,478.1009826660156,480.76892733301804,476.3986481620322,478.19057442195395,29209300
2024-08-21,480.3309020996094,482.1924905795276,477.1652052071158,478.8874084800057,25658800
2024-08-22,472.7153015136719,483.3572466801833,471.67996836305514,482.6603814021867,37739600
2024-08-23,477.8421630859375,480.56983571182934,473.143380600377,477.08556993932774,36061500
2024-08-26,473.203125,478.220476394492,471.1125593872627,477.2946644624071,27452600
2024-08-27,474.6167297363281,475.6918612167135,469.5894138403523,471.56052366484244,27510000
2024-08-28,469.2310485839844,474.8755420430586,465.78661154667714,474.1488432070302,37372400
2024-08-29,468.5441589355469,475.7814658266737,467.25994960397594,471.1523759054323,41081500
2024-08-30,474.12890625,474.75607893127403,468.3948211220354,472.9044551869276,33466500
2024-09-03,459.73394775390625,471.20214908201854,457.34474294143126,471.0727590117474,44985200
2024-09-04,458.539306640625,462.36207060099395,455.6722792409272,456.60805588804857,32505100
2024-09-05,458.9673767089844,463.26793281179454,455.88130686094047,456.9066752215722,34452400
2024-09-06,446.67291259765625,459.14658265747556,446.1751603520443,458.260569077701,50624400
2024-09-09,452.4169616699219,453.412466159154,447.7978366376856,451.0232614610741,32981200
2024-09-10,456.5981140136719,457.1058310486294,450.1970271400793,454.1889796697815,29680300
2024-09-11,466.5133056640625,467.2599340258347,449.2512615855353,457.8424701291892,57843000
2024-09-12,471.0926513671875,471.90897236695554,464.75129241952897,466.5431884079294,40175500
2024-09-13,473.203125,474.3877778345382,470.12701961313286,470.3559965945637,29111800
2024-09-16,471.112548828125,471.72975676901467,467.77763299393825,471.0627857543321,22585600
2024-09-17,471.3614501953125,475.4529897850827,468.8527896101697,474.1488812258597,30084400
2024-09-18,469.3206481933594,476.67741071769484,468.7133746450166,472.56600261469947,39909200
2024-09-19,481.1870422363281,484.04416568094024,478.3299491721025,480.440413858692,52782500
2024-09-20,480.27117919921875,481.5155597873976,476.1497761085855,480.32094227059173,34577700
2024-09-23,481.54425048828125,482.640850366717,480.1087070879797,481.4545328286473,24843000
2024-09-24,483.86700439453125,484.8240231519451,478.6831249040518,482.9598186385049,25952600
2024-09-25,484.3156433105469,486.2795443317962,483.05953522315605,483.23897054333213,26549900
2024-09-26,487.954345703125,492.17125835967835,484.2956965593865,491.8422631756141,32020200
2024-09-27,485.24273681640625,489.1207057003584,484.0564193197731,488.9811246193061,22851100
2024-09-30,486.55865478515625,486.8975982939018,481.42460830653164,484.2757374570207,30281100
2024-10-01,479.7796936035156,486.48886451106847,475.92168227108954,486.1898056570345,42735400
2024-10-02,480.4576110839844,482.3816273656089,476.24069870329294,478.8725078882411,23744000
2024-10-03,480.0987243652344,483.04955003130146,477.50676933474847,478.25444691528793,25337200
2024-10-04,485.81097412109375,486.3692375934672,480.89624764109163,485.9405764313014,30686600
2024-10-07,480.6071472167969,485.0633067429107,479.3809450518926,483.8869680030971,24975100
2024-10-08,487.78485107421875,488.4727168958394,482.35174546810964,483.15923483730273,28272000
2024-10-09,491.6228942871094,492.20111528269723,486.4390149805114,487.4857513571396,24995000
2024-10-10,491.0646667480469,492.9388501015995,488.01414462512105,489.3300644805617,25750400
2024-10-11,491.8322448730469,492.8590845771344,488.65215102887265,489.2203628430835,20644500
2024-10-14,495.95947265625,497.2853408753872,493.726418635354,494.2348187135991,26060100
2024-10-15,489.330078125,496.95638364496574,487.1667841921858,496.28844492873617,34784500
2024-10-16,489.389892578125,490.1674760780814,486.06023859507707,489.65904556627453,22996800
2024-10-17,489.72882080078125,494.95258515393766,489.66900902750683,494.90275215056863,27210700
2024-10-18,492.9388427734375,494.035442636669,491.77245236820977,492.5301087142749,25335000
2024-10-21,493.88592529296875,494.69341466131954,489.78863625441153,491.72263139969306,30336500
2024-10-22,494.4242248535156,495.90963167663193,490.4465898369971,491.20424619179255,26685800
2024-10-23,486.8477478027344,492.7195236486866,483.5479998607037,492.0615637296155,39346600
2024-10-24,490.7955017089844,491.47338873673766,487.92441497605495,490.5861300850279,22024900
2024-10-25,493.7862243652344,498.73085696087213,492.8989656912797,493.60678904569716,38762100
2024-10-28,493.865966796875,496.976300716809,493.5669079288349,496.916488943201,20477800
2024-10-29,498.6112365722656,499.7975541196288,492.3207781941025,494.1849827905077,28014100
2024-10-30,494.8429260253906,498.8006338320153,494.35445308345726,497.84361506430247,29756000
2024-10-31,482.35174560546875,490.9051639132044,482.25204917477026,490.85533090939475,41245200
2024-11-01,485.9206237792969,489.2303504152802,483.69754863687035,483.9966074918361,33655800
2024-11-04,484.5050354003906,487.864595020036,482.7504756656839,485.3125247275959,23291600
2024-11-05,490.6858215332031,491.3537602076177,486.0103420815346,486.1000597381435,24353600
2024-11-06,504.0144348144531,504.841881718078,498.05297163116376,499.00999042840357,43082200
2024-11-07,511.9497375488281,512.73733015701,506.7658582500825,506.8256700187663,32853100
2024-11-08,512.5479736328125,513.3255267130085,510.82328922416144,511.4513432889382,22924500
2024-11-11,512.2488403320312,513.9834424127648,509.3378691854966,513.774070806205,24167500
2024-11-12,511.32171630859375,513.0662973274696,508.25126710152693,512.1790995095207,25835300
2024-11-13,510.6637878417969,513.3853147659668,508.3709220958773,510.8133476964653,24567400
2024-11-14,507.11480712890625,511.202086844484,506.19764258916234,510.3248373833927,28679500
2024-11-15,495.0323486328125,501.7713952012952,492.95877244014196,501.38261867959363,51461100
2024-11-18,498.4716491699219,500.5851100268142,495.19185874342753,496.5875174805612,27192700
2024-11-19,501.9010009765625,502.3895043533527,495.54075211614304,495.8797260604786,24523000
2024-11-20,501.6119079589844,501.9209455857888,495.0223605231752,501.60192918938486,29565500
2024-11-21,503.4162902832031,505.3901395459976,496.01925366318784,504.6723678805058,34526700
2024-11-22,504.22381591796875,504.96151475229726,501.22312673009804,502.85806302821806,23826600
2024-11-25,505.02130126953125,509.86626772399495,502.69852968072695,508.32104916491807,26375200
2024-11-26,507.7328796386719,508.5603265162039,505.6593339061935,506.5066774767877,26557100
2024-11-27,503.73529052734375,506.66618904258314,500.37573083915373,506.5964289240894,24957400
2024-11-29,508.1615295410156,508.7596776658199,503.7452547791602,504.3633300196629,15334000
2024-12-02,513.6943359375,514.6613638846421,509.0388140524132,509.42762098516585,25147200
2024-12-03,515.2694702148438,515.5486323809755,511.78030821513613,512.3585292405829,18597900
2024-12-04,521.6397094726562,521.8989141052851,517.9910087683786,518.7088108930553,26086200
2024-12-05,520.1941528320312,522.4172279095515,519.80534590885,521.689507909356,18169600
2024-12-06,524.8496704101562,525.0889174852325,520.7324545957838,520.8620569024756,23762600
2024-12-09,520.7623901367188,524.7200673311128,519.6059481473477,523.9225567999812,20674400
2024-12-10,518.9879150390625,523.7531427665872,517.5523716280675,521.99858294802,24350000
2024-12-11,528.279052734375,528.9669185403193,522.9656012200102,523.3743048572086,32168600
2024-12-12,524.8696899414062,527.3220944429013,524.3911957347382,526.0460287635723,23577500
2024-12-13,528.88720703125,531.5189858488804,525.6671675702225,528.8174164894651,28780400
2024-12-16,536.5035400390625,537.4805468453278,531.3495659763669,531.4293352933635,31979900
2024-12-17,534.1408081054688,535.8155984486888,532.4759965312329,534.6990715532088,28579100
2024-12-18,514.8706665039062,535.2174988418191,513.4152264907397,533.492875441602,54703200
2024-12-19,512.5778198242188,520.1443436340368,512.2389067316958,519.576101377112,46441800
2024-12-20,517.0538940429688,523.1948531008555,507.712944414834,508.85937724769343,60530000
2024-12-23,522.0914306640625,522.470869711588,515.3614764173324,518.7763669007879,29672800
2024-12-24,529.1708984375,529.2607302964886,523.4094706075514,524.0485322584022,17558200
2024-12-26,528.8114013671875,530.4489740342622,525.5263221162263,527.5333389778602,19090500
2024-12-27,521.7818603515625,525.6660824304424,517.0888468707806,525.2267351908741,33839600
2024-12-30,514.8422241210938,518.5866402404552,511.0678538916629,514.7423974022865,34584000
