Price,Close,High,Low,Open,Volume
Ticker,TQQQ,TQQQ,TQQQ,TQQQ,TQQQ
Date,,,,,
2015-01-02,3.8648948669433594,4.004055071267984,3.8053122122999343,3.952870208471823,61113600
2015-01-05,3.6909451484680176,3.822907489417853,3.658954548354174,3.808911701975247,63508800
2015-01-06,3.544586181640625,3.725734418044444,3.4938015221166467,3.704140555201862,84321600
2015-01-07,3.68094801902771,3.7045408225126506,3.587773972600005,3.612167404740276,68733600
2015-01-08,3.890887975692749,3.912881353553809,3.7629242163368004,3.7757210041419738,72468000
2015-01-09,3.812110185623169,3.931676383366709,3.7473285917218937,3.9272771585812998,90710400
2015-01-12,3.694943904876709,3.847700845558789,3.664552276379333,3.8377031688063483,82627200
2015-01-13,3.6917455196380615,3.9180804609420115,3.602970912844872,3.7993144236585636,99854400
2015-01-14,3.6349613666534424,3.684147295472014,3.5325904837278146,3.5745783043169896,108074400
2015-01-15,3.4906020164489746,3.6969429558441376,3.4754065459110985,3.676548775935234,98006400
2015-01-16,3.614967107772827,3.6237639559421666,3.456212199942907,3.473407755669942,70898400
2015-01-20,3.694943904876709,3.7217367083915396,3.5525850697186523,3.675749408914994,70946400
2015-01-21,3.751728057861328,3.802113665902999,3.624564467590992,3.6613535741842402,66765600
2015-01-22,3.96046781539917,3.9708643175366447,3.6981421641644747,3.7989133661705545,81328800
2015-01-23,3.986860752105713,4.022449943348258,3.9244785305720793,3.960468150555717,71179200
2015-01-26,3.978062629699707,3.9948577546304653,3.9116811569011722,3.9748637762047205,50402400
2015-01-27,3.670151710510254,3.791317119045042,3.624564836130893,3.7889177496523234,111993600
2015-01-28,3.606968641281128,3.8508990846010334,3.60456927217973,3.8385024967880983,94464000
2015-01-29,3.711338758468628,3.7293335683662483,3.502998660182678,3.5945728229118057,88279200
2015-01-30,3.6261632442474365,3.7849181485346026,3.609368117671278,3.698542917664652,109111200
2015-02-02,3.721336841583252,3.726934836311132,3.4782065376356712,3.645758306753564,99422400
2015-02-03,3.8229072093963623,3.8321051726832898,3.68614613971627,3.7525276197213433,91166400
2015-02-04,3.812910318374634,3.8900873508027543,3.7517277824710202,3.7749203859134255,62316000
2015-02-05,3.9140799045562744,3.9192786127014756,3.8165084815870705,3.840101280857994,50162400
2015-02-06,3.842902421951294,3.9568699512740055,3.80011397281358,3.930876401457994,61764000
2015-02-09,3.800513505935669,3.8572975038640176,3.7769204737376305,3.796914452473382,47896800
2015-02-10,3.9824609756469727,3.9968571894059353,3.849298972990004,3.8704937801625063,59628000
2015-02-11,4.027249813079834,4.051643023576194,3.9724656543094037,3.9968584071727884,60926400
2015-02-12,4.168008327484131,4.169607296483439,4.085631220255047,4.099627919408977,76550400
2015-02-13,4.2731781005859375,4.273977585135045,4.1788055165948865,4.201198863727955,60448800
2015-02-17,4.284775257110596,4.291973365093819,4.241587524477069,4.272379354577595,41364000
2015-02-18,4.3031697273254395,4.308368894118977,4.250784952773075,4.270378960820966,35239200
2015-02-19,4.367951393127441,4.374350015727182,4.290772984775385,4.292773297991196,37795200
2015-02-20,4.451927661895752,4.4607251962889105,4.316366278700553,4.3575550680015205,45386400
2015-02-23,4.469522476196289,4.4699224473474075,4.417538125006194,4.449128066185315,39487200
2015-02-24,4.478720664978027,4.491916967831111,4.409539838975684,4.449928689877397,52300800
2015-02-25,4.442729949951172,4.507910590625731,4.4135380108372955,4.455125849789351,56275200
2015-02-26,4.510310173034668,4.515909310691209,4.418736928788718,4.455526031870805,58168800
2015-02-27,4.450728416442871,4.513110651190036,4.4291345483522,4.505113515495456,44395200
2015-03-02,4.570693016052246,4.5742922982654886,4.472721606763296,4.474720546967675,44522400
2015-03-03,4.5051116943359375,4.543100247285073,4.420335225749516,4.530703433479203,64195200
2015-03-04,4.455126762390137,4.480719424720893,4.379948202385317,4.462324412650099,58320000
2015-03-05,4.474721908569336,4.516710191192914,4.42273663371775,4.489117668904263,46173600
2015-03-06,4.320765018463135,4.4863178462518505,4.2903745314599275,4.461925553941317,74863200
2015-03-09,4.3623528480529785,4.3931437572624406,4.296771318763692,4.35155591686711,56635200
2015-03-10,4.120821952819824,4.268780149867225,4.118823012462823,4.26638078075281,95983200
2015-03-11,4.048442363739014,4.151213893731954,4.0428445984126435,4.132019398057988,111576000
2015-03-12,4.126021862030029,4.140816677603882,4.02964893952399,4.03684704816209,61195200
2015-03-13,4.072835445404053,4.1640091724387505,3.9956570449542155,4.11522368439832,99057600
2015-03-16,4.228791236877441,4.230790177216516,4.104427218597885,4.118022575647614,57480000
2015-03-17,4.252384662628174,4.268780735185557,4.164809737292019,4.1924017994418,48681600
2015-03-18,4.374748229980469,4.4315322191582105,4.1488135592867454,4.215994507331439,83911200
2015-03-19,4.395944118499756,4.428733972082921,4.368751115055767,4.389945466690736,55692000
2015-03-20,4.487117290496826,4.543900371212788,4.47752027255925,4.500712646411638,52406400
2015-03-23,4.449527740478516,4.50871110472033,4.449127311762401,4.4731205427992,49617600
2015-03-24,4.404340744018555,4.5123095890969624,4.401941375332441,4.448727920629696,46490400
2015-03-25,4.097238063812256,4.434775529368108,4.097238063812256,4.427576703612781,87943200
2015-03-26,4.063643455505371,4.128431505565917,3.9596634819732817,4.000855002717423,98280000
2015-03-27,4.102835655212402,4.136030158433598,4.038848545318997,4.055645344737399,49272000
2015-03-30,4.250409126281738,4.258408432261143,4.182822359380687,4.185621521491343,75607200
2015-03-31,4.11883544921875,4.238813172187959,4.110837056401787,4.211618362003071,62253600
2015-04-01,4.049246311187744,4.113234797698237,3.9692615039869756,4.113234797698237,87938400
2015-04-02,4.056045055389404,4.095238356106163,4.01725313874141,4.057245088488947,55288800
2015-04-06,4.153626918792725,4.188821022559149,3.9660615727915496,3.9828583738140573,75472800
2015-04-07,4.1344313621521,4.239212300006528,4.134031351058867,4.148428546665081,57345600
2015-04-08,4.232812881469727,4.249209674257649,4.136031253698842,4.1376303826554945,84571200
2015-04-09,4.311598300933838,4.3147983896884625,4.182822646954657,4.228813396194639,55464000
2015-04-10,4.363187789916992,4.364787833943029,4.278804232361928,4.310797790026712,56692800
2015-04-13,4.330794334411621,4.439974011976321,4.3155975755891545,4.374786855034869,57600000
2015-04-14,4.293601036071777,4.3535898792537,4.220414574161263,4.321195849014035,84487200
2015-04-15,4.369586944580078,4.400781398098869,4.311198147929455,4.330394558680044,47678400
2015-04-16,4.354390621185303,4.377585771602544,4.31959743788086,4.3399934261048925,45444000
2015-04-17,4.150827407836914,4.266005867296161,4.096037797577016,4.230412666946138,93213600
2015-04-20,4.336394309997559,4.358789896288577,4.20801821245371,4.214816570182989,71097600
2015-04-21,4.391982555389404,4.43437502986064,4.377585361657241,4.413578574826919,63693600
2015-04-22,4.463169574737549,4.485165603736414,4.341991867415169,4.425976330946605,60957600
2015-04-23,4.516759395599365,4.574348627450753,4.416378594154249,4.420777342513719,65500800
2015-04-24,4.693526744842529,4.716322797109258,4.635937512978768,4.655933487993493,71208000
2015-04-27,4.663532257080078,4.776311568314793,4.632338261901906,4.751115907875608,80580000
2015-04-28,4.633138656616211,4.699126300391921,4.517160609390306,4.672731059810194,85876800
2015-04-29,4.544754505157471,4.636736902105364,4.47156804940582,4.5555525143286735,96976800
2015-04-30,4.3311944007873535,4.525158118244791,4.263606718948729,4.469168926557881,154084800
2015-05-01,4.506362438201904,4.510361633721789,4.379185915348052,4.380785959698878,95006400
2015-05-04,4.5223588943481445,4.608342498484037,4.5171596664660365,4.543554443859438,65985600
2015-05-05,4.307999610900879,4.496364582232752,4.297201598507647,4.4715693836816675,140347200
2015-05-06,4.216015815734863,4.363188303642159,4.1276325953868955,4.325995056192091,106699200
2015-05-07,4.2884016036987305,4.323994797726933,4.200817970436031,4.211615977697373,84309600
2015-05-08,4.445573806762695,4.477167358279205,4.401581285173265,4.42157817714573,89188800
2015-05-11,4.396781921386719,4.485565610711146,4.3879844242544666,4.457970797757507,69513600
2015-05-12,4.339993476867676,4.403581508755276,4.2196153131157,4.31799744407187,95167200
2015-05-13,4.3623881340026855,4.461569350645493,4.344391300515555,4.396382203664874,66249600
2015-05-14,4.5555524826049805,4.564750447628609,4.421577625289371,4.471568018266974,88416000
2015-05-15,4.555152416229248,4.607942890996083,4.520759246170091,4.591546099234079,73252800
2015-05-18,4.611141681671143,4.639536053791597,4.521557986845272,4.532756005908314,55293600
2015-05-19,4.597944259643555,4.648733751623401,4.576348244715816,4.629138249162265,49288800
2015-05-20,4.605542182922363,4.6883266017555485,4.533955782519132,4.608341801949462,55632000
2015-05-21,4.677929878234863,4.695526244344865,4.5623509482050295,4.583147402536248,46111200
2015-05-22,4.665132999420166,4.713923825801596,4.652734944020827,4.661932910699572,39909600
2015-05-26,4.503561496734619,4.651133979968899,4.447972781206721,4.631937570548468,70228800
2015-05-27,4.720322132110596,4.73431931503604,4.514760390648539,4.542755214177973,67144800
2015-05-28,4.685528755187988,4.72472114034445,4.644335857197469,4.69152754761901,45321600
2015-05-29,4.606343746185303,4.697926139246115,4.57194920320962,4.677529694699058,53030400
2015-06-01,4.646735191345215,4.6867280538810885,4.536755963567809,4.678728749088316,68580000
2015-06-02,4.604342937469482,4.673130645966366,4.529956905317876,4.597945049440593,65731200
2015-06-03,4.644737720489502,4.698327315106396,4.612742778215327,4.669932930871772,58533600
2015-06-04,4.543554782867432,4.6559336304601535,4.497563123569209,4.568750444442594,92851200
2015-06-05,4.509160995483398,4.555552201795562,4.425976100630683,4.5235581874977795,69295200
2015-06-08,4.371187210083008,4.511160873931251,4.343592396836599,4.500362863732347,72211200
2015-06-09,4.349591255187988,4.395182442869523,4.250009563701367,4.339192341628527,76500000
2015-06-10,4.521958351135254,4.563950811482998,4.378385520036226,4.3919822330095,77383200
2015-06-11,4.546753406524658,4.608342285512836,4.521958216672216,4.5703494787343555,58540800
2015-06-12,4.431175231933594,4.501161593196538,4.416378029247203,4.472367209793252,60448800
2015-06-15,4.369987964630127,4.388383897945684,4.258408670040558,4.33439384287354,100442400
2015-06-16,4.436775207519531,4.459570805325918,4.3471924029852795,4.350391118689274,50632800
2015-06-17,4.473967552185059,4.51795915219411,4.389183524901414,4.461169945890226,84194400
2015-06-18,4.663132667541504,4.691927056819637,4.508761806461131,4.5115614262470976,81314400
2015-06-19,4.591946125030518,4.688728204735228,4.591946125030518,4.676330150432013,42314400
2015-06-22,4.702723979949951,4.74431688302113,4.671529989164256,4.702723979949951,65858400
2015-06-23,4.714323043823242,4.727120650481182,4.654733758748603,4.719122260739598,57453600
2015-06-24,4.6419358253479,4.755914701856628,4.637537077442467,4.696326336333405,42451200
2015-06-25,4.611542224884033,4.70832476509967,4.589946204083259,4.693927570458675,42602400
2015-06-26,4.525957107543945,4.641135541501447,4.469567923363026,4.607541946016778,65952000
2015-06-29,4.206017017364502,4.447172402466825,4.197219520994274,4.366388025876846,136872000
2015-06-30,4.2540082931518555,4.32119549916173,4.20681751914319,4.293600688453601,88396800
2015-07-01,4.341192722320557,4.396781901350672,4.287203129823429,4.369187088522781,70812000
2015-07-02,4.357589244842529,4.394382021220908,4.309998459096131,4.380384838984561,52761600
2015-07-06,4.320796966552734,4.39318295224794,4.239212099184732,4.267606477958817,65904000
2015-07-07,4.34279203414917,4.363188479598698,4.095638283764967,4.333194056868298,125164800
2015-07-08,4.125232696533203,4.272805185112364,4.100037494071071,4.256407936817889,92440800
2015-07-09,4.113234519958496,4.295999714265976,4.113234519958496,4.291600966654372,62630400
2015-07-10,4.304399013519287,4.351190237617886,4.234412640575692,4.271205419100736,61629600
2015-07-13,4.524357795715332,4.5415550648506775,4.412378515747088,4.413178995420214,52430400
2015-07-14,4.615140914916992,4.6555342477638515,4.542754938396983,4.549953763785884,51100800
2015-07-15,4.637138366699219,4.687128770761125,4.594346331845062,4.641537115838059,59570400
2015-07-16,4.818304538726807,4.831101690508857,4.720722423330268,4.749117720024304,69840000
2015-07-17,5.038661956787109,5.0390624254882725,4.922683932537728,4.94507951534231,71664000
2015-07-20,5.095052242279053,5.1502418705973305,5.028665507689676,5.080655047430496,47944800
2015-07-21,5.0810546875,5.123447162163085,5.040662725730328,5.103051175756762,43704000
2015-07-22,4.914285182952881,4.985072025545897,4.851896740525268,4.852696304835292,54194400
2015-07-23,4.855497360229492,4.974275019462839,4.819103675274393,4.928683825857401,48391200
2015-07-24,4.717522144317627,4.942679832769196,4.694326082137061,4.93148272805258,53236800
2015-07-27,4.5963454246521,4.694727092895763,4.567150566886419,4.633538215281678,60312000
2015-07-28,4.717522144317627,4.743516910579211,4.548353640877209,4.661932054966107,77798400
2015-07-29,4.770313262939453,4.800307688645678,4.691927561922397,4.745118055189092,60868800
2015-07-30,4.836700916290283,4.859896066285338,4.651134681865559,4.736319190597398,68522400
2015-07-31,4.821902751922607,4.889090416894506,4.788709616984242,4.881092027012633,54518400
2015-08-03,4.777510643005371,4.861495101083852,4.679128993098099,4.824702328374554,73867200
2015-08-04,4.746717929840088,4.791909114659067,4.686329069478279,4.763914287822703,70675200
2015-08-05,4.857896327972412,4.9502787362174745,4.809905074250535,4.825502300361922,63705600
2015-08-06,4.624739170074463,4.888689683302876,4.557951977429609,4.8674941343357565,87648000
2015-08-07,4.606343746185303,4.637937296439612,4.490364340378492,4.589146474697461,80088000
2015-08-10,4.761914253234863,4.792708239555237,4.693126996899578,4.693126996899578,66902400
2015-08-11,4.580347537994385,4.7419181324565,4.502362318086891,4.68512846353488,86644800
2015-08-12,4.620741367340088,4.65393496487018,4.338793963164446,4.487965604183946,112173600
2015-08-13,4.599945068359375,4.705125104463664,4.573549827718301,4.639137460539586,70329600
2015-08-14,4.624739170074463,4.643136015020207,4.543954795894739,4.5691499972646055,72991200
2015-08-17,4.738319396972656,4.741918581372316,4.555152765459579,4.589146842428639,62678400
2015-08-18,4.662733554840088,4.731120807937307,4.64793634773614,4.711524382940562,54499200
2015-08-19,4.5751495361328125,4.696726357094231,4.493564668941596,4.619141142958608,117758400
2015-08-20,4.19842004776001,4.489965903171322,4.191620774235276,4.447173410219716,150009600
2015-08-21,3.6761159896850586,4.121233066311193,3.6761159896850586,4.019252222833106,190144800
2015-08-24,3.2405970096588135,3.658519501071798,2.6115137840591407,3.001441225456543,196358400
2015-08-25,3.1978049278259277,3.6445210783341335,3.183407736349139,3.579333934549316,144832800
2015-08-26,3.6593191623687744,3.6861144088907762,3.2661925377992773,3.470954245379155,142509600
2015-08-27,3.9452662467956543,3.9532646367261766,3.6925128228129984,3.8312875884108677,242976000
2015-08-28,3.9420671463012695,3.9832600547293326,3.856883082232473,3.8824787602449997,107047200
2015-08-31,3.7956933975219727,3.9412665171080077,3.767299022287966,3.8772784835576135,103435200
2015-09-01,3.4513580799102783,3.684514882001401,3.392569037165728,3.51054736257511,156931200
2015-09-02,3.7321054935455322,3.7321054935455322,3.5069475647330814,3.6265250059943814,90139200
2015-09-03,3.670517683029175,3.8504839836845863,3.6441226744187603,3.7776970751707224,111612000
2015-09-04,3.5477402210235596,3.616927031468568,3.4829523880712387,3.523344580666407,139821600
2015-09-08,3.848884344100952,3.857282745414009,3.7045105622262384,3.7489024062457443,112675200
2015-09-09,3.714909553527832,3.9828588366849287,3.6841144231042677,3.9808596967559673,140642400
2015-09-10,3.8336868286132812,3.9084721791895123,3.686513447352731,3.699711064077279,123580800
2015-09-11,3.89567494392395,3.89567494392395,3.749302045606367,3.7824956344930425,94860000
2015-09-14,3.860882043838501,3.940467310823569,3.81848956729029,3.93926773531984,88332000
2015-09-15,3.995656728744507,4.034849110269085,3.8472837720931357,3.889675783891537,76327200
2015-09-16,4.062445163726807,4.077242828969171,3.9592642642185907,4.003655886909815,70207200
2015-09-17,4.073642253875732,4.253208759109119,4.019252196437502,4.058045485328538,121180800
2015-09-18,3.9012744426727295,4.040049462491367,3.878079748381917,3.8868772466288832,136171200
2015-09-21,3.934468984603882,4.029650575140874,3.8292880317189475,3.960864225602167,100156800
2015-09-22,3.7609000205993652,3.7952941038000145,3.6505205474099878,3.7525016197326617,141897600
2015-09-23,3.7668988704681396,3.8168901807607027,3.7073102702757352,3.7872950852439566,111880800
2015-09-24,3.7233080863952637,3.766499899688091,3.5593378730431935,3.655720174537076,146918400
2015-09-25,3.6329238414764404,3.854882571336906,3.560536955632859,3.84968288614227,141912000
2015-09-28,3.3197827339172363,3.588932975405198,3.2877889421925213,3.582533942453112,180028800
2015-09-29,3.270591974258423,3.445359058182873,3.196205703099048,3.3437784410140177,182875200
2015-09-30,3.4869515895843506,3.5033483806775756,3.3673732329686663,3.406566534070333,166932000
2015-10-01,3.5357422828674316,3.5381418914809166,3.3705734186925556,3.5089470347489717,109632000
2015-10-02,3.7193081378936768,3.72370688629314,3.359375092291063,3.3937682611574105,158702400
2015-10-05,3.8888769149780273,3.912872083945297,3.7816963882697405,3.806092025934011,104076000
2015-10-06,3.833287477493286,3.894475901054875,3.7365056189263273,3.8604818238777825,115060800
2015-10-07,3.8948755264282227,3.9220698669240885,3.7497024267544554,3.9016738827129442,126554400
2015-10-08,3.9424667358398438,3.9632631909819565,3.739704387534384,3.8532830380153484,145936800
2015-10-09,3.9904584884643555,4.019253340641587,3.9164729042021253,3.947666907855365,87612000
2015-10-12,4.024051189422607,4.047646346442718,3.976460406701146,4.020852016757623,76269600
2015-10-13,3.9452662467956543,4.078041533427842,3.935267801703975,3.9552637765302805,106483200
2015-10-14,3.928469181060791,4.006054381998109,3.877678309984281,3.9464660148744475,91665600
2015-10-15,4.120434284210205,4.121233848738754,3.9556649507885147,3.970861711295649,107284800
2015-10-16,4.171624183654785,4.179223020607826,4.087239701138556,4.147628554996651,66321600
2015-10-19,4.246410369873047,4.25320872653205,4.129231397404478,4.152427459892134,81811200
2015-10-20,4.176023006439209,4.249209469192389,4.136031054095531,4.220815091492667,72626400
2015-10-21,4.108835697174072,4.253609506507892,4.096838110417929,4.241611919751749,88248000
2015-10-22,4.352390289306641,4.362788745975987,4.176423413212444,4.211617063038413,129876000
2015-10-23,4.714323043823242,4.7715122627611875,4.633137740303516,4.703525034600698,102028800
2015-10-26,4.728321075439453,4.7543158467702495,4.655134606189933,4.708325097492687,59944800
2015-10-27,4.759114742279053,4.775911545688357,4.685928277985452,4.689927930982562,52231200
2015-10-28,4.869493007659912,4.872693095549866,4.662732180262095,4.7807097912096,104479200
2015-10-29,4.851497173309326,4.875093247343871,4.7923088134216405,4.806305995751505,49912800
2015-10-30,4.7851104736328125,4.883092132923441,4.784710462561364,4.857896927565034,60036000
2015-11-02,4.948278903961182,4.964275223498959,4.793907166218186,4.820702408805199,55300800
2015-11-03,4.995469570159912,5.052659237513374,4.8950883305905215,4.917884378411684,61812000
2015-11-04,4.997470855712891,5.059058828058217,4.937881565614432,5.04506164483038,72916800
2015-11-05,4.95347785949707,5.049459908302387,4.88149143731271,5.012667132852565,71126400
2015-11-06,4.969875812530518,4.985872134943149,4.83470045776039,4.932682566532907,68124000
2015-11-09,4.809905052185059,4.932282336703773,4.7183217510472595,4.912286362476819,75657600
2015-11-10,4.775911331176758,4.7859097767025975,4.6911272958032,4.7331197601189245,49360800
2015-11-11,4.754715919494629,4.881092411841648,4.731120301339987,4.8123051550058396,50414400
2015-11-12,4.616741180419922,4.76511323978776,4.606343639379283,4.6935268242032695,68964000
2015-11-13,4.345191955566406,4.572350203274128,4.337594033087485,4.558752114317364,98848800
2015-11-16,4.526357650756836,4.533156922741454,4.300399938324561,4.330793910674217,92772000
2015-11-17,4.54195499420166,4.637537959931157,4.5051622139074,4.553953037931154,110707200
2015-11-18,4.802306175231934,4.815104239378893,4.5811476814735554,4.593145723586796,98138400
2015-11-19,4.809504985809326,4.876692654796385,4.784710250300891,4.810305465595284,51979200
2015-11-20,4.905088901519775,4.919086087372022,4.864696015453143,4.876693603326497,50997600
2015-11-23,4.865495204925537,4.967076036811299,4.803505853306674,4.911086392895099,56438400
2015-11-24,4.850296497344971,4.886690173471655,4.696326139088545,4.771111257838718,66247200
2015-11-25,4.861095428466797,4.891890329787212,4.835100659791824,4.869094734185429,27988800
2015-11-27,4.878693580627441,4.914286329205325,4.835101067977024,4.895889480606459,13603200
2015-11-30,4.847898483276367,4.928283316881395,4.79990722361345,4.927483752416776,46636800
2015-12-01,4.991870880126953,4.991870880126953,4.886690862061044,4.902288088644808,58521600
2015-12-02,4.901088714599609,5.068657203855256,4.875493497111872,5.001469986789241,61046400
2015-12-03,4.651134967803955,4.96187722594839,4.5655518157750805,4.939882107815168,112956000
2015-12-04,4.970675468444824,4.999069845165128,4.66313242260174,4.690727234909884,86644800
2015-12-07,4.909887790679932,4.994671837731476,4.837100873019055,4.985473870716475,69225600
2015-12-08,4.9102864265441895,4.9554789812488504,4.748316727885535,4.754315520858343,81300000
2015-12-09,4.6815290451049805,4.923884009308074,4.597945047770445,4.840699107642696,144866400
2015-12-10,4.747918128967285,4.840700110738159,4.674331188289283,4.715524094310336,81463200
2015-12-11,4.422378063201904,4.620340992161102,4.411980063070068,4.583548209441867,147436800
2015-12-14,4.5215582847595215,4.525557937150074,4.250408489568628,4.441573475161429,116172000
2015-12-15,4.598343849182129,4.718721988045814,4.585546700912356,4.63753714670661,95779200
2015-12-16,4.801506996154785,4.82990137313108,4.555152365351588,4.695526494429965,98256000
2015-12-17,4.6015448570251465,4.869494155821442,4.59554606385247,4.865495875730155,94756800
2015-12-18,4.348789691925049,4.584346263545709,4.339191717149691,4.551952240531782,102477600
2015-12-21,4.477968215942383,4.478367311686943,4.358790079937411,4.456372193232711,64029600
2015-12-22,4.562750816345215,4.5827467903164125,4.4763672018969265,4.547953612535126,67022400
2015-12-23,4.6671319007873535,4.674330268620218,4.609142201022908,4.634337403794981,54948000
2015-12-24,4.657533645629883,4.700725684999817,4.655134037033937,4.663132427234728,24240000
2015-12-28,4.656334400177002,4.656334400177002,4.526758272883821,4.624739932823328,51336000
2015-12-29,4.86869478225708,4.903888432560887,4.727521085340321,4.737119520033561,72652800
2015-12-30,4.744317054748535,4.865893849857847,4.740717871210263,4.859895058067901,44796000
2015-12-31,4.568349361419678,4.71792235120784,4.563151049205736,4.692726693020685,87952800
2016-01-04,4.289201736450195,4.289201736450195,4.108834761344067,4.264006535393606,132933600
2016-01-05,4.250809192657471,4.35638967805606,4.192819493099442,4.339192407560315,66163200
2016-01-06,4.136830806732178,4.201218402148954,4.0328503528725586,4.038449134919667,121893600
2016-01-07,3.7433037757873535,4.019252353283018,3.737704994254302,3.867281110702556,170174400
2016-01-08,3.6549201011657715,3.8940749558685317,3.6381230721497198,3.824487689217762,165909600
2016-01-11,3.6869139671325684,3.76050066335027,3.5153458520432723,3.730905568542854,168088800
2016-01-12,3.811290740966797,3.8684806484147836,3.655319618340676,3.786095308956734,158760000
2016-01-13,3.412565231323242,3.884077510016314,3.399367614423267,3.8572822652172465,206700000
2016-01-14,3.63332462310791,3.7253070267264015,3.2913881751807317,3.4557574754371503,181708800
2016-01-15,3.2993860244750977,3.4113655374047416,3.156612528795548,3.2705914102676616,282357600
2016-01-19,3.3133833408355713,3.4441587998622896,3.1998046945978036,3.4285618023472995,129614400
2016-01-20,3.2833893299102783,3.3905696437504673,2.941053533310933,3.1578128544241526,277348800
2016-01-21,3.29538631439209,3.439759851594517,3.1938057165168945,3.3245811679401625,169056000
2016-01-22,3.579334259033203,3.584932811365128,3.4597559090973293,3.4893510032085446,143440800
2016-01-25,3.4181644916534424,3.6029302511781487,3.4113661339738175,3.547340152745071,138542400
2016-01-26,3.515746593475342,3.557338592352759,3.3745722020658278,3.4633558972794547,121519200
2016-01-27,3.254195213317871,3.49574948744409,3.207403759758576,3.4517581112825515,179157600
2016-01-28,3.382571220397949,3.415364345732353,3.219800821242793,3.4069659444555205,157785600
2016-01-29,3.6029303073883057,3.6029303073883057,3.381371763077737,3.3901694897867305,128858400
2016-02-01,3.623326301574707,3.668917722733596,3.5053477524613372,3.5441410450929176,114120000
2016-02-02,3.393369436264038,3.5805345708380827,3.3601749248318358,3.5805345708380827,128433600
2016-02-03,3.3453776836395264,3.4581567610505424,3.1650109331451537,3.4573562813469856,235651200
2016-02-04,3.33937931060791,3.4213635001646567,3.2254004146932367,3.312183821645636,142017600
2016-02-05,2.995842695236206,3.310584568746429,2.9586496771701656,3.307384480364445,214888800
2016-02-08,2.8590681552886963,2.8946611285033854,2.6930988148004222,2.8286734948841095,257481600
2016-02-09,2.8258748054504395,2.9590501172925987,2.728292698731151,2.741090078214533,229747200
2016-02-10,2.859468460083008,3.036234898923243,2.8550685673787983,2.9294548326587497,187764000
2016-02-11,2.8526694774627686,2.915858185851255,2.726692758293738,2.751488869091099,238538400
2016-02-12,2.9742467403411865,2.9866445649060096,2.864267507556872,2.9418527124373295,158215200
2016-02-16,3.172210454940796,3.172210454940796,3.0542318949770357,3.1122216048866016,149656800
2016-02-17,3.391368865966797,3.4085659080000545,3.2234001578863545,3.252595013819487,182616000
2016-02-18,3.2761900424957275,3.4285617466287337,3.265392033299577,3.427361942402577,128949600
2016-02-19,3.3101842403411865,3.3377790520768063,3.20820316562339,3.2389971502983554,119467200
2016-02-22,3.46655535697937,3.47815293092527,3.3905692790642936,3.40016748435263,124132800
2016-02-23,3.293787717819214,3.434960951139487,3.2905876294842042,3.4053667703794446,133912800
2016-02-24,3.3917689323425293,3.4033665057721527,3.121019598824942,3.1822082406289414,175279200
2016-02-25,3.485351800918579,3.489351453904322,3.321382733770767,3.414164705647271,129799200
2016-02-26,3.477353811264038,3.573336105262161,3.4537575051230314,3.564937703165675,124288800
2016-02-29,3.3853697776794434,3.546940365515927,3.3853697776794434,3.469354244479197,114984000
2016-03-01,3.7093095779418945,3.710110057674785,3.4505580512935436,3.478152862348531,155568000
2016-03-02,3.7133092880249023,3.7173087118408894,3.627724776344621,3.6953124529511205,96986400
2016-03-03,3.692512273788452,3.706909465058438,3.61412751490981,3.7037105214725408,103298400
2016-03-04,3.6989123821258545,3.7696992415246253,3.624526109441973,3.706511219785298,118922400
2016-03-07,3.63012433052063,3.706110406976384,3.550139516826545,3.6413225797341893,94562400
2016-03-08,3.534142255783081,3.6493209525559864,3.520145301600896,3.55293957141184,106281600
2016-03-09,3.6017301082611084,3.608129140775195,3.519345682577301,3.581734132826395,104172000
2016-03-10,3.588132381439209,3.7137097663054304,3.450158086331391,3.659319475398293,171727200
2016-03-11,3.7740976810455322,3.7780973339312434,3.6725170701230683,3.704111536081007,84830400
2016-03-14,3.796093702316284,3.824088982361762,3.731706114318672,3.73610486262689,78583200
2016-03-15,3.793694257736206,3.8040917982997557,3.7197082369685037,3.757700817234862,96559200
2016-03-16,3.8904757499694824,3.9228697786546634,3.760100528515124,3.760100528515124,88228800
2016-03-17,3.8792788982391357,3.914072537731624,3.815690640980078,3.860882050839172,63753600
2016-03-18,3.901674270629883,3.9344683107066603,3.843684569516349,3.911272247189833,73768800
2016-03-21,3.9480652809143066,3.96126244080123,3.8772784338912127,3.88487727022215,68004000
2016-03-22,3.983259439468384,4.013253862269082,3.8804785628760876,3.8840782048335996,63607200
2016-03-23,3.888476610183716,3.970861034003307,3.8612818096007526,3.96206307961824,77227200
2016-03-24,3.8872766494750977,3.8944750166838373,3.811290350198992,3.8252882178169787,63511200
2016-03-28,3.8732800483703613,3.9272700989129494,3.854482732506888,3.9264696191231896,64692000
2016-03-29,4.058445453643799,4.06724432505037,3.8332877120733815,3.8520836575051147,89896800
2016-03-30,4.119234085083008,4.195619717874815,4.0928388483853295,4.132431703431847,104942400
2016-03-31,4.09523868560791,4.156027094865125,4.08204106652223,4.110035433597925,59260800
2016-04-01,4.231612205505371,4.236411421841634,4.010053724229942,4.0328493153095,81511200
2016-04-04,4.179223537445068,4.239212387669844,4.154028330193529,4.225214287510201,68316000
2016-04-05,4.0668439865112305,4.132032069336659,4.04564843141316,4.0836407922830595,73420800
2016-04-06,4.261607646942139,4.264806820150778,4.075241848342521,4.079241501371175,91044000
2016-04-07,4.07764196395874,4.210017726430026,4.024452384583762,4.189221267274491,126112800
2016-04-08,4.0680437088012695,4.180423026715209,4.02565214416816,4.1516286355021474,83121600
2016-04-11,4.024451732635498,4.181222198235509,4.021251644190335,4.120833343832562,68529600
2016-04-12,4.118433475494385,4.146428755481708,3.9568638027713177,4.032049400063977,91212000
2016-04-13,4.279203414916992,4.299599399878209,4.202018223197566,4.218815482062606,81091200
2016-04-14,4.282003402709961,4.329195095247789,4.248409797446928,4.280403358513781,55620000
2016-04-15,4.249208927154541,4.298399754548074,4.216814900674142,4.268006240786783,41546400
2016-04-18,4.311997890472412,4.320796760651629,4.205618291389662,4.214016692835104,50731200
2016-04-19,4.237611770629883,4.359189499056498,4.169224527229185,4.355189846260533,79291200
2016-04-20,4.248009204864502,4.3051988774067125,4.192819129615233,4.232012426520962,53884800
2016-04-21,4.249208927154541,4.293600537807607,4.191619699304442,4.2456097434384406,66736800
2016-04-22,4.056845188140869,4.141228744104843,3.9584635356054982,4.086039125888121,100660800
2016-04-25,4.053646087646484,4.0560456965463585,3.996457315860308,4.012454555966605,48475200
2016-04-26,3.9980576038360596,4.10203761130849,3.9600638702196314,4.077242871642048,54657600
2016-04-27,3.9020743370056152,3.9268695296757685,3.8016926178318218,3.8768791332900965,91502400
2016-04-28,3.763699531555176,3.982058621032354,3.7369040584072697,3.9148714201217514,80385600
2016-04-29,3.7037103176116943,3.7816957477427686,3.6113274681638723,3.75090176971245,95630400
2016-05-02,3.801692247390747,3.818889288076697,3.681315250981581,3.7269066656221104,59008800
2016-05-03,3.700512170791626,3.772098589743903,3.6665180957354893,3.722108191331496,72981600
2016-05-04,3.6273257732391357,3.6701175751924446,3.59853115494462,3.6325243152588333,77572800
2016-05-05,3.6253252029418945,3.6889134563483945,3.599730675217898,3.6617188844753867,71988000
2016-05-06,3.67771577835083,3.680914950992667,3.557337868551551,3.5673363128338926,78424800
2016-05-09,3.7101099491119385,3.7605005816174986,3.676115877973747,3.6813153346572265,59270400
2016-05-10,3.865680694580078,3.8680803029143607,3.7305060384446924,3.7497024474404603,58240800
2016-05-11,3.760100841522217,3.880878096574912,3.754502288436162,3.8468849362756643,63532800
2016-05-12,3.707310438156128,3.796494137903838,3.629725228198609,3.789694865379054,92371200
2016-05-13,3.6625185012817383,3.7656991529606647,3.645322145540578,3.7049107471057905,77983200
2016-05-16,3.8036928176879883,3.8440850076440864,3.673316451658506,3.677315875505804,58646400
2016-05-17,3.657719135284424,3.8260880786004896,3.630924803994816,3.7992928319538413,93614400
2016-05-18,3.699312210083008,3.758900811901181,3.6121278806462036,3.637323084318244,118984800
2016-05-19,3.6409220695495605,3.684914583404301,3.561337501630832,3.654119457563193,127048800
2016-05-20,3.762500047683716,3.805691856065489,3.6789158215833155,3.6853139384435223,62676000
2016-05-23,3.744102716445923,3.8144904641361084,3.7365047958682323,3.772097994194021,43464000
2016-05-24,3.9732601642608643,3.9852577478060143,3.8056914883843524,3.8084913364555146,75002400
2016-05-25,4.0588459968566895,4.093239172498489,3.9964575350736258,4.018852665557937,70423200
2016-05-26,4.092839241027832,4.107635989611235,4.040049220246655,4.072443252661894,47635200
2016-05-27,4.154426097869873,4.157626185658923,4.099236483148709,4.099636494122341,53570400
2016-05-31,4.179223537445068,4.198819046954146,4.117234631712769,4.177223481937544,56474400
2016-06-01,4.180822372436523,4.207617622209445,4.1300324080828466,4.141229514387198,50268000
2016-06-02,4.204418182373047,4.206817790982533,4.087239659948962,4.152427730417455,52329600
2016-06-03,4.146829128265381,4.188021114421898,4.065643816112608,4.180422734895104,77764800
2016-06-06,4.191220283508301,4.2244138754156815,4.148028704462283,4.165625070290581,42998400
2016-06-07,4.161626815795898,4.211217672484202,4.153628423398043,4.204818867030184,38553600
2016-06-08,4.180022239685059,4.206417474796119,4.13523015912865,4.184420987858391,41131200
2016-06-09,4.161626815795898,4.174024873226975,4.106037622487871,4.130033257360104,49864800
2016-06-10,4.021651744842529,4.070442104880434,3.97646056861891,4.04964702403279,80880000
2016-06-13,3.918470859527588,4.017252985419422,3.903274102274932,3.954064059587273,59524800
2016-06-14,3.9204704761505127,3.958863300327232,3.8312879173225878,3.8864777737060843,70864800
2016-06-15,3.8852779865264893,3.9588635510068726,3.8636819643497797,3.946066399816202,53188800
2016-06-16,3.91327166557312,3.928469338314534,3.7505021922771613,3.8280873963201585,82180800
2016-06-17,3.779297113418579,3.897275659646968,3.7533023447429312,3.897275659646968,83510400
2016-06-20,3.8472843170166016,3.964462840228733,3.8416855353425112,3.9148719965491194,69621600
2016-06-21,3.8856770992279053,3.910072738602384,3.843684635234362,3.870880351934565,43207200
2016-06-22,3.8604812622070312,3.9612625304585998,3.849284157163119,3.896874942929772,51648000
2016-06-23,4.023252010345459,4.024851139152584,3.9012738151448536,3.9500655509036324,64279200
2016-06-24,3.530543088912964,3.773298308980212,3.503348515999286,3.5993305730790164,162751200
2016-06-27,3.324982166290283,3.4549571587298558,3.271391438521524,3.450158170101042,117981600
2016-06-28,3.5333428382873535,3.5381418265870312,3.4229633613235446,3.4261623054578823,99734400
2016-06-29,3.7169084548950195,3.7429034509635786,3.6129282417815203,3.6197265986036053,104232000
2016-06-30,3.8520824909210205,3.856482611809677,3.70331044017994,3.7393036487348157,82905600
2016-07-01,3.9048733711242676,3.9516645929722003,3.840885793995491,3.8452845423148743,65712000
2016-07-05,3.835686445236206,3.8616814420850303,3.7736984638425755,3.8544826163367993,65469600
2016-07-06,3.926069498062134,3.9344678983012322,3.74610299406119,3.7832962363189737,86738400
2016-07-07,3.9632627964019775,3.9912567014642875,3.909272752902012,3.9436659186621266,63115200
2016-07-08,4.14642858505249,4.15602656099552,4.0112536960725755,4.0220517050575495,75021600
2016-07-11,4.2172160148620605,4.265607285324779,4.189620743219803,4.193620396234725,71323200
2016-07-12,4.283603668212891,4.3175968286026345,4.2668068647135895,4.295601711911369,57895200
2016-07-13,4.2536091804504395,4.320796851098971,4.2508095606838365,4.318397242395964,63206400
2016-07-14,4.339993476867676,4.3631886275562195,4.307599444298922,4.337993421451162,54952800
2016-07-15,4.3155975341796875,4.375586377489704,4.289202296666144,4.367987540472826,42708000
2016-07-18,4.401580810546875,4.426376917304662,4.323595137120646,4.327194778666107,41930400
2016-07-19,4.355989456176758,4.395982323125797,4.332794307324851,4.359189544589792,39333600
2016-07-20,4.505161285400391,4.531956529474992,4.409978808037176,4.422776871270498,45362400
2016-07-21,4.478367328643799,4.542355832490163,4.439974500943145,4.518760669539497,56402400
2016-07-22,4.530357360839844,4.5471546218446734,4.444773299946159,4.488765821268336,43401600
2016-07-25,4.534357070922852,4.534756624314909,4.487165833517322,4.520358971843731,38121600
2016-07-26,4.549553394317627,4.59754464926671,4.479167013701751,4.5299569728413935,68176800
2016-07-27,4.6383376121521,4.6779304706906775,4.583547994066255,4.661133209151579,65282400
2016-07-28,4.688728332519531,4.706324700299317,4.619940617270007,4.663933138594448,43560000
2016-07-29,4.7195210456848145,4.758314331805885,4.676729480313219,4.722321122659941,51316800
2016-08-01,4.793509006500244,4.829901776782965,4.713523266451833,4.731120550326781,52658400
2016-08-02,4.685528755187988,4.7867091198102045,4.593945451562652,4.773112406180784,80553600
2016-08-03,4.729920864105225,4.732320472864827,4.665932365099176,4.675130331385982,42667200
2016-08-04,4.772311687469482,4.7859093157750605,4.693926921081629,4.7287205561892245,42014400
2016-08-05,4.9102864265441895,4.941081328899831,4.829102029359812,4.849498017003073,61740000
2016-08-08,4.894688606262207,4.921483849875525,4.845897793134108,4.918683773005606,37951200
2016-08-09,4.927083492279053,4.972275587513463,4.8950894733472765,4.903087863660583,39909600
2016-08-10,4.8890910148620605,4.938281850937578,4.849098145204258,4.9306830134775925,43860000
2016-08-11,4.9522786140441895,4.983073514666989,4.908287010373789,4.935082258227879,34324800
2016-08-12,4.961477279663086,4.961477279663086,4.908687266014474,4.923084459249819,34137600
2016-08-15,5.023865222930908,5.05705881201337,4.974273929443869,4.979073145933385,28627200
2016-08-16,4.944680690765381,4.999069835507351,4.937881418364642,4.994671087052618,31298400
2016-08-17,4.967875003814697,4.9714741872535795,4.862294532049001,4.944679859272155,44918400
2016-08-18,4.972675323486328,4.991871737317112,4.927084126687345,4.95227933402551,28377600
2016-08-19,4.96587610244751,4.997870119938675,4.903888122631996,4.945480116531248,36808800
2016-08-22,4.970675468444824,5.002669029216198,4.916685419286047,4.942281091724522,36621600
2016-08-23,5.000269412994385,5.059859159018619,4.996670228948805,5.031064313618352,31327200
2016-08-24,4.903887748718262,5.0146665395512775,4.8570965303100975,4.993070522181587,35599200
2016-08-25,4.8806915283203125,4.9254836056117846,4.8482975033212,4.865094303466263,29222400
2016-08-26,4.904287338256836,4.997470688811439,4.815104555812241,4.887091440186907,53656800
2016-08-29,4.917885780334473,4.961876929328333,4.904287692278578,4.907087769782733,24916800
2016-08-30,4.873493671417236,4.941081354088747,4.823902825434462,4.899888909846431,32875200
2016-08-31,4.860695838928223,4.87429255194715,4.797107818193145,4.8522974383661746,35808000
2016-09-01,4.882291793823242,4.911885743236423,4.791908070837775,4.863894948884063,42976800
2016-09-02,4.939480304718018,4.9986700312836145,4.887489860577275,4.9690747103223405,45369600
2016-09-06,5.031064033508301,5.035062770697446,4.935081983648887,4.969075140024007,32992800
2016-09-07,5.040261268615723,5.068655639599262,4.986671699008009,5.046660528691349,29037600
2016-09-08,4.953879356384277,5.001870161908298,4.915486528893619,4.999070541879206,35032800
2016-09-09,4.578348159790039,4.8630955963107,4.578348159790039,4.833101176904927,80457600
2016-09-12,4.813104629516602,4.84469909527193,4.5011623708946855,4.509560772311569,65325600
2016-09-13,4.699525356292725,4.794307830317925,4.626739369293344,4.748716642897979,62654400
2016-09-14,4.759914875030518,4.839100126528255,4.706724391207936,4.711523608311685,55764000
2016-09-15,4.980673789978027,5.004268948924315,4.763114012251514,4.767113664926993,65930400
2016-09-16,4.975073337554932,4.991870137062455,4.903086923185984,4.968274981699761,40761600
2016-09-19,4.909887790679932,5.0602590131864025,4.8834925499131945,5.013068687118696,45835200
2016-09-20,4.937082290649414,4.999070277685706,4.914286235877532,4.959078323261377,37891200
2016-09-21,5.080654621124268,5.103450215861637,4.914686196701858,4.999069761030426,69300000
2016-09-22,5.199431896209717,5.221428382647286,5.157439893741042,5.175836738768082,39050400
2016-09-23,5.105850696563721,5.185836441522813,5.082255533397274,5.183036821452806,36532800
2016-09-26,4.979074001312256,5.035863671611264,4.954278807987526,5.017867293201606,40941600
2016-09-27,5.1202473640441895,5.129446703196966,4.954278928406847,4.9734753404508725,41450400
2016-09-28,5.148242473602295,5.15744043941048,5.070256794848257,5.138644496741895,37848000
2016-09-29,5.039062976837158,5.151441829535672,4.971475294648631,5.1262466244943425,57415200
2016-09-30,5.142643451690674,5.193833879697798,5.0602581128891,5.085453773537661,39993600
2016-10-03,5.131045341491699,5.146243473495958,5.065057704118794,5.125046548581174,40879200
2016-10-04,5.101850509643555,5.205031377359571,5.045860412537228,5.1674381245192835,56102400
2016-10-05,5.1550397872924805,5.205031089771959,5.1410426070481305,5.148241431495156,34428000
2016-10-06,5.147043228149414,5.180236367076196,5.073856761972181,5.135844748683568,37264800
2016-10-07,5.113448619842529,5.18263542557347,5.039862150400831,5.163439014981531,45280800
2016-10-10,5.205031871795654,5.245824301100694,5.18623501475072,5.189034634291597,29944800
2016-10-11,4.989871978759766,5.2006324936757355,4.921084265626131,5.194234147537036,64821600
2016-10-12,4.979474067687988,5.025864819820065,4.928683194296278,4.995070836180376,41028000
2016-10-13,4.921084403991699,4.961477740976021,4.785909955600686,4.8754932115609995,52214400
2016-10-14,4.9322829246521,5.051860146283217,4.927884175940631,4.987472552382943,40905600
2016-10-17,4.898289203643799,4.956678924144867,4.878693694361217,4.931083248409065,27931200
2016-10-18,5.023865222930908,5.096251192868491,5.019066006441392,5.069056395558687,38484000
2016-10-19,5.025864601135254,5.045860574660179,4.998670260212753,5.014666581354197,23527200
2016-10-20,5.004669666290283,5.039862400940531,4.919884714356994,5.002669153335355,34975200
2016-10-21,5.05905818939209,5.070656677852335,4.96827537120363,5.015467058664144,29316000
2016-10-24,5.243424415588379,5.253822413461367,5.157439897854488,5.1614395502781,34324800
2016-10-25,5.191033363342285,5.255821414937688,5.170637379142893,5.2482234943359884,29856000
2016-10-26,5.091452121734619,5.173436984670293,5.043061775184652,5.091052568414482,47654400
2016-10-27,5.020265579223633,5.166238467344646,4.997469987427497,5.1538404151398245,51520800
2016-10-28,4.9334821701049805,5.052660288051752,4.87909211047036,4.972674556246663,71479200
2016-10-31,4.905487060546875,4.981473135181025,4.903087452118585,4.981473135181025,28452000
2016-11-01,4.804705619812012,4.937081343489393,4.671930342809904,4.937081343489393,50961600
2016-11-02,4.679530143737793,4.82110338976366,4.647535209832694,4.7887098178476135,40881600
2016-11-03,4.544754505157471,4.704324576600229,4.527557235009209,4.660332975552171,43507200
2016-11-04,4.4931640625,4.601943260769701,4.47036801112158,4.502762038597351,42460800
2016-11-07,4.815104007720947,4.830300764202411,4.692326719126987,4.710723563589369,50481600
2016-11-08,4.909487247467041,4.974275315087581,4.767114418498511,4.799107983531544,55293600
2016-11-09,4.978274822235107,5.000269939870948,4.721921721612602,4.735519810173891,91646400
2016-11-10,4.741518020629883,5.067057895876516,4.537956339568923,5.038662146662169,123984000
2016-11-11,4.737519264221191,4.7719133547942345,4.623141258113078,4.6683324449975645,56781600
2016-11-14,4.577548503875732,4.7567145369980794,4.525558055897828,4.74631699661671,88776000
2016-11-15,4.78950834274292,4.8331008456317734,4.680328681896502,4.693526298759006,52785600
2016-11-16,4.867494106292725,4.882690863085918,4.717122005599112,4.717122005599112,43168800
2016-11-17,4.980274200439453,4.980274200439453,4.833901715461969,4.864296152018587,37768800
2016-11-18,4.924284934997559,5.021866132624635,4.909087259250264,4.989472098663373,31528800
2016-11-21,5.072256565093994,5.087853792911452,4.953478450863231,4.955478963870951,41812800
2016-11-22,5.117847442626953,5.159039880295352,5.082254243677655,5.133844679094889,38340000
2016-11-23,5.056260108947754,5.0858540618645645,4.991071579605491,5.068656790234847,36912000
2016-11-25,5.105051040649414,5.112649878509528,5.059459386524543,5.080255844605957,19140000
2016-11-28,5.07665491104126,5.143042085018434,5.0558584601247,5.081853222833119,35733600
2016-11-29,5.12544584274292,5.195832212643837,5.043860996356304,5.081053778485364,37291200
2016-11-30,4.959476947784424,5.148242341554167,4.9322826044310455,5.135844287646266,75648000
2016-12-01,4.68712854385376,4.934682773931335,4.657934599650662,4.93428230516532,93192000
2016-12-02,4.705924987792969,4.765513819554291,4.649934882464765,4.691527793667745,51492000
2016-12-05,4.814704895019531,4.874293272105612,4.7159227557104835,4.781910394595359,44971200
2016-12-06,4.849497318267822,4.877092585788121,4.79270765454583,4.851896926646913,34627200
2016-12-07,5.029463768005371,5.0534593938334895,4.779110885025807,4.821102886966141,74433600
2016-12-08,5.060258388519287,5.1010508202692275,5.013068068277022,5.042262010136949,56508000
2016-12-09,5.17863655090332,5.187434046599874,5.117447684518185,5.117447684518185,51336000
2016-12-12,5.106650352478027,5.140643510547071,5.047861544243964,5.107850385605234,47575200
2016-12-13,5.30621337890625,5.388198259127562,5.155041227046953,5.162240053504543,84597600
2016-12-14,5.267420768737793,5.374200839276758,5.222228671916601,5.316611603177493,71188800
2016-12-15,5.299414157867432,5.386998271188599,5.25342249809751,5.28181779067128,53212800
2016-12-16,5.235026836395264,5.358604170263667,5.2058319778900595,5.324209625488454,57376800
2016-12-19,5.299013614654541,5.394995662043041,5.233425996692026,5.257021611946605,41786400
2016-12-20,5.363002300262451,5.388997067184709,5.331008283294999,5.340606717224494,31392000
2016-12-21,5.3442063331604,5.375799883976693,5.310612727048334,5.365001873772306,24144000
2016-12-22,5.297814846038818,5.353804954306319,5.240625619909212,5.346606128026517,32760000
2016-12-23,5.314212322235107,5.316611931097068,5.259022691445796,5.2762190492124255,16125600
2016-12-27,5.391796588897705,5.4841794542401265,5.3374065322002995,5.343006228795633,37821600
2016-12-28,5.267021179199219,5.441788041453817,5.255423603445251,5.424592141050183,45669600
2016-12-29,5.241425037384033,5.297415144081322,5.194234258690685,5.2642206334462545,42864000
2016-12-30,5.088253021240234,5.274618788891887,5.039062194317135,5.271418700857515,52692000
2017-01-03,5.211429595947266,5.274618516363431,5.1338443992267,5.183435234591842,48823200
2017-01-04,5.30021333694458,5.329408191821891,5.228627382529008,5.235425739210372,33256800
2017-01-05,5.394196033477783,5.400994389889748,5.291015162134104,5.2958143788660195,30686400
2017-01-06,5.530971527099609,5.573364005815303,5.363003029597444,5.404195475069492,47899200
2017-01-09,5.586960792541504,5.614955616469387,5.5333707533285335,5.544569232113948,33086400
2017-01-10,5.618954658508301,5.671744669875527,5.555366638261585,5.584560576819463,33168000
2017-01-11,5.662147045135498,5.666145782448695,5.540569320530072,5.622953744252402,47052000
2017-01-12,5.633352756500244,5.650149560194881,5.481380585742643,5.606157495586476,40258800
2017-01-13,5.698140621185303,5.7253354234707325,5.65014936286649,5.651748491750943,29306400
2017-01-17,5.644549369812012,5.678943451235666,5.595758553564709,5.646948978175453,27765600
2017-01-18,5.682942867279053,5.694140888420239,5.625353632711092,5.6709448240282985,24664800
2017-01-19,5.667745590209961,5.7621275949711865,5.635751573931958,5.698939584451572,29865600
2017-01-20,5.704538345336914,5.786923680686688,5.66294635316302,5.742931164733666,28423200
2017-01-23,5.717336654663086,5.74293141101335,5.612555732344373,5.686942223584263,27625200
2017-01-24,5.836513996124268,5.861310104041419,5.724535618560355,5.748531246711788,25845600
2017-01-25,6.006882667541504,6.015681079967138,5.929296999918042,5.942094607504682,28074000
2017-01-26,6.031678199768066,6.067671870866952,5.999683723751604,6.034077808353228,25428000
2017-01-27,6.0604729652404785,6.080468940389066,6.0052833415447235,6.062872573794016,16624800
2017-01-30,5.922898292541504,5.999683939311312,5.821317452298404,5.996484766201848,37521600
2017-01-31,5.890103340148926,5.890103340148926,5.782123721095601,5.8621085223917415,29808000
2017-02-01,6.002082824707031,6.0404756434654425,5.925297187190208,6.005282912787984,36255600
2017-02-02,5.986886024475098,6.042875208167528,5.922097971659152,5.9716888099499315,28947600
2017-02-03,6.038877010345459,6.058872985707315,5.992484882934628,6.010881729481782,24096000
2017-02-06,6.061271667480469,6.064470839977776,5.9932844462887465,6.009280766453756,20853600
2017-02-07,6.123661041259766,6.166053515898583,6.083668175198885,6.09326615183209,23317200
2017-02-08,6.158053398132324,6.18204902306804,6.0684706165507105,6.102064216853625,18483600
2017-02-09,6.222042560577393,6.265234598623651,6.165252893463674,6.174850869874772,25762800
2017-02-10,6.283631801605225,6.31082614592755,6.233240935129875,6.265234954448132,23936400
2017-02-13,6.394010543823242,6.417205691090472,6.33322122544951,6.342819659318656,21494400
2017-02-14,6.453999996185303,6.456399604880771,6.338021045071009,6.3980098894220045,31332000
2017-02-15,6.565178871154785,6.57797602061788,6.430803538489155,6.446000754179655,36782400
2017-02-16,6.5595808029174805,6.620369214610792,6.512389106562975,6.581176824527044,31975200
2017-02-17,6.641965389251709,6.646764606981871,6.528386954161822,6.532385234353573,25803600
2017-02-21,6.74754524230957,6.7571432191686895,6.673158747678291,6.688355506232016,33364800
2017-02-22,6.748343467712402,6.765140725959573,6.691554720721614,6.726747908180163,21528000
2017-02-23,6.675558090209961,6.778738968984125,6.592373186461272,6.777939404590224,31338000
2017-02-24,6.711551189422607,6.711551189422607,6.5747767087760725,6.5795759257724304,25365600
2017-02-27,6.7315473556518555,6.735547008381643,6.639564954115994,6.676357731658924,26218800
2017-02-28,6.678757667541504,6.738746511607317,6.6179692590333765,6.73234816535457,20952000
2017-03-01,6.894716262817383,6.9267111924859845,6.763541490657393,6.795535047290548,31627200
2017-03-02,6.785938739776611,6.891518784116673,6.763543153093015,6.891518784116673,21459600
2017-03-03,6.821131706237793,6.8307296830848125,6.717950823480677,6.769940360553794,17323200
2017-03-06,6.773939609527588,6.8115328656066785,6.695553924503986,6.747544831513037,19387200
2017-03-07,6.740346431732178,6.830729707227015,6.708352870343337,6.730747997172685,17714400
2017-03-08,6.7747392654418945,6.840327802211492,6.733946835946214,6.75714289908728,19326000
2017-03-09,6.795535564422607,6.82033075577158,6.684356756697766,6.773139981539425,22086000
2017-03-10,6.8699212074279785,6.9075149187053615,6.791535527575838,6.88271881340239,25728000
2017-03-13,6.909914970397949,6.916313316540997,6.857124953289396,6.863523299432443,16941600
2017-03-14,6.858724117279053,6.873121311531759,6.776339689283425,6.862723770156771,26510400
2017-03-15,6.978702068328857,7.03229256752769,6.834728747312269,6.9059160721968595,31906800
2017-03-16,6.974702835083008,7.026692828626103,6.924312428030807,7.026692828626103,19437600
2017-03-17,6.957906246185303,7.018694653810975,6.9539065933175594,6.990699372129535,17660400
2017-03-20,6.978702068328857,7.02829337217703,6.926712528770286,6.957906527112572,18348000
2017-03-21,6.667559623718262,7.078682604055116,6.651561929622447,7.05628702228506,46784400
2017-03-22,6.798735618591309,6.817132466654349,6.640365100747401,6.6715590994893805,35686800
2017-03-23,6.744345664978027,6.827529651699318,6.712350732544133,6.773939615885777,29532000
2017-03-24,6.781137943267822,6.887517985024686,6.709151066873613,6.808332283687508,25843200
2017-03-27,6.817131519317627,6.852325166249431,6.5931734041832355,6.642763786418395,37629600
2017-03-28,6.945107936859131,7.004297213544163,6.773939825774743,6.816332300183798,42000000
2017-03-29,7.037090301513672,7.046688734474642,6.935508564164481,6.9515057998732726,24085200
2017-03-30,7.07228422164917,7.095480285986768,7.011495814142455,7.034691878480053,26463600
2017-03-31,7.055487632751465,7.112277304477335,7.017895288442477,7.041090438126292,27073200
2017-04-03,7.040290355682373,7.125074388288637,6.9283106070549,7.076283568436382,32260800
2017-04-04,7.07228422164917,7.077883918724473,6.973902555616235,6.978701772905293,16212000
2017-04-05,6.991498947143555,7.229055138210464,6.949906041058585,7.1066778590082205,36680400
2017-04-06,6.997098445892334,7.055487243302026,6.946708038646401,7.015495292483229,30825600
2017-04-07,6.989099025726318,7.052286569177212,6.913112504630729,6.992297740360996,20787600
2017-04-10,6.997098445892334,7.081082915647428,6.937109604307058,7.013095683898393,24188400
2017-04-11,6.909113883972168,7.005096390547163,6.753142997305568,6.969903201457708,42673200
2017-04-12,6.817931175231934,6.915513269966864,6.797135636359778,6.901116076791668,34047600
2017-04-13,6.737147808074951,6.908315938463787,6.733148154896626,6.790737393914298,30685200
2017-04-17,6.897116184234619,6.905915053458087,6.785937379922753,6.793935311765671,18166800
2017-04-18,6.877121448516846,6.933110642925014,6.820331774262521,6.833129840550731,25377600
2017-04-19,6.901117324829102,7.024294197663434,6.872322475592766,6.956306956713593,28784400
2017-04-20,7.068285942077637,7.118676350578895,6.953107015528879,6.9851010346594915,41246400
2017-04-21,7.065084934234619,7.100278579537657,7.016294118619628,7.091479710533406,27013200
2017-04-24,7.32183837890625,7.342634835594482,7.26744923030132,7.298643228815808,30036000
2017-04-25,7.484207630157471,7.521000406142733,7.377827581726592,7.39462438330215,32056800
2017-04-26,7.451413631439209,7.54499653710617,7.435417308521434,7.491406498287107,43830000
2017-04-27,7.581789493560791,7.582589057905719,7.489006161339897,7.507403464129293,28838400
2017-04-28,7.624982833862305,7.682571614404495,7.5865900083817905,7.673773201355387,34250400
2017-05-01,7.816948413848877,7.8561412687727135,7.6857722158967725,7.695370652889821,32317200
2017-05-02,7.863337993621826,7.87453647288981,7.795350757300895,7.855339602920203,30206400
2017-05-03,7.785752773284912,7.816147208925877,7.722563835439192,7.815347186737948,36793200
2017-05-04,7.793749809265137,7.825743368361696,7.713764996166701,7.789750614378066,36303600
2017-05-05,7.87853479385376,7.87853479385376,7.765755470588695,7.849740404106753,27253200
2017-05-08,7.925724983215332,7.928924156018045,7.842540082845613,7.890531336314411,30633600
2017-05-09,8.012910842895508,8.064901302655414,7.945722707101344,7.9633204497839065,37858800
2017-05-10,8.02570629119873,8.03290557384787,7.940921350909279,8.02170709655231,28096800
2017-05-11,8.006511688232422,8.010509968195157,7.848940280415352,7.9609195800859345,31216800
2017-05-12,8.058501243591309,8.063300461056226,7.9961132472616585,8.016909246038209,29269200
2017-05-15,8.133688926696777,8.147285643542016,8.04570478618484,8.066501703292946,34670400
2017-05-16,8.236066818237305,8.236866840198484,8.125686671517894,8.191275657337531,38533200
2017-05-17,7.612984657287598,8.084896576687946,7.602586200098932,8.042504556501196,70118400
2017-05-18,7.805747032165527,7.880932624843561,7.568990861324007,7.601785356306548,60192000
2017-05-19,7.900130748748779,8.001712507192854,7.8753355545813255,7.881734816336519,36422400
2017-05-22,8.104891777038574,8.114490210077204,7.946521293329003,7.955318789031298,32677200
2017-05-23,8.124890327453613,8.17448163698198,8.064101452732258,8.171281548049201,34429200
2017-05-24,8.236867904663086,8.246466338723794,8.128887809872761,8.192875844682389,32470800
2017-05-25,8.45362663269043,8.507216207772439,8.275260169278006,8.327249700338436,43752000
2017-05-26,8.489622116088867,8.498420529375382,8.415235614244436,8.447229178662901,27428400
2017-05-30,8.507217407226562,8.5384118625466,8.460027086220395,8.468824583508486,27596400
2017-05-31,8.496820449829102,8.603200515651514,8.3672443176136,8.584804582329943,48451200
2017-06-01,8.598401069641113,8.6055994383429,8.442429701816552,8.547210635856938,37046400
2017-06-02,8.891946792602539,8.898345139028615,8.645592148055789,8.683185865898265,41622000
2017-06-05,8.884745597839355,8.931136798421583,8.847151891955255,8.884745597839355,25738800
2017-06-06,8.783966064453125,8.939136480890104,8.739173981218048,8.852753318120302,38866800
2017-06-07,8.879947662353516,8.902342786307512,8.731175607210906,8.846354061065538,40705200
2017-06-08,8.90394401550293,8.948735184729982,8.76396943769527,8.935138470289857,46281600
2017-06-09,8.26006031036377,8.96872859040585,7.891329897066271,8.935935019501228,116569200
2017-06-12,8.110492706298828,8.147285490960142,7.7929525302231,8.030507874441874,83224800
2017-06-13,8.300056457519531,8.332850956801483,8.113690664701098,8.236868440662624,63246000
2017-06-14,8.18887710571289,8.397638939051404,7.9929137954060385,8.397638939051404,69506400
2017-06-15,8.078498840332031,8.105693187862734,7.788952130403753,7.938524245572871,70579200
2017-06-16,7.981715679168701,8.068099763735313,7.884134030637107,8.062500524074249,46928400
2017-06-19,8.368042945861816,8.395238203260527,8.167280434266821,8.204073210138286,55472400
2017-06-20,8.178479194641113,8.377642606671749,8.167281630437737,8.348048194159741,42969600
2017-06-21,8.416033744812012,8.424032134118885,8.212071156058823,8.228867956674653,41794800
2017-06-22,8.406435012817383,8.499217423908897,8.342446985278935,8.4536262403368,34222800
2017-06-23,8.500819206237793,8.534413728502747,8.308855084366597,8.37684232031949,34393200
2017-06-26,8.388039588928223,8.691982051506791,8.328849858956298,8.640791626395831,52840800
2017-06-27,7.926524639129639,8.317652101102214,7.926524639129638,8.290456845142735,72044400
2017-06-28,8.259262084960938,8.28485821131207,7.873733876102186,8.009709235446119,60430800
2017-06-29,7.838541507720947,8.163280876552585,7.5985861647841535,8.15768255319824,115782000
2017-06-30,7.811347961425781,7.96731841926225,7.765755850459257,7.9065304635688705,49308000
2017-07-03,7.598587512969971,7.975317394993796,7.579391100436227,7.950521285076691,40842000
2017-07-05,7.815346717834473,7.877735629749067,7.586589815099999,7.656976202342476,57016800
2017-07-06,7.608983993530273,7.733760886434369,7.521000333936721,7.634579664350292,53162400
2017-07-07,7.836941719055176,7.910528185282031,7.678571224170931,7.684169547707689,44811600
2017-07-10,8.000911712646484,8.058501408043604,7.803349262558974,7.8665372823151305,46057200
2017-07-11,8.066499710083008,8.09689322526905,7.876134737001128,7.9657179845228825,54285600
2017-07-12,8.353647232055664,8.379242451298431,8.224071091380184,8.26886318273365,52653600
2017-07-13,8.408835411071777,8.468025146264656,8.33524985500176,8.386440284628076,45738000
2017-07-14,8.606400489807129,8.636794009331382,8.440830684616584,8.50801881636576,42318000
2017-07-17,8.611198425292969,8.708779146679943,8.568805494918921,8.634393572566484,50331600
2017-07-18,8.782365798950195,8.791165126315367,8.518415269420823,8.593600867165582,42091200
2017-07-19,8.943135261535645,8.978328905221995,8.851951979809265,8.858351240187211,52117200
2017-07-20,8.976730346679688,9.027120754646798,8.853553488752164,9.008723907792612,54230400
2017-07-21,8.963132858276367,8.963932880388214,8.824759239711572,8.865551213844638,43458000
2017-07-24,9.079910278320312,9.103106339984421,8.927138110857383,8.96073171265182,44366400
2017-07-25,9.019120216369629,9.07910904452648,8.941534567648702,8.995925073158347,47090400
2017-07-26,9.099906921386719,9.116703723519649,9.038318952018333,9.07671177337318,30303600
2017-07-27,8.937538146972656,9.306268687499635,8.611198707494875,9.28307353946598,94478400
2017-07-28,8.908744812011719,8.949537708634551,8.723979032224547,8.779968690201184,35011200
2017-07-31,8.792763710021973,9.015922253939687,8.733574895831275,8.981528630104958,44358000
2017-08-01,8.850354194641113,8.887947913822623,8.770369369323374,8.880748629640433,30578400
2017-08-02,8.915141105651855,9.026321289099606,8.673586616637191,9.017522877071878,55183200
2017-08-03,8.822359085083008,8.951935205192038,8.767169459560368,8.948735116776682,36320400
2017-08-04,8.856751441955566,8.923938643324718,8.755170617912786,8.874348264286908,35744400
2017-08-07,9.013521194458008,9.0279188430893,8.870348391500563,8.908741205827111,27418800
2017-08-08,8.97992992401123,9.198289283723378,8.903144275454682,8.973531577643419,51943200
2017-08-09,8.94473648071289,8.95593404364936,8.697582751182077,8.759970742440231,49540800
2017-08-10,8.364045143127441,8.810362321571358,8.343249143272917,8.794365539430522,81691200
2017-08-11,8.555209159851074,8.61199883426326,8.345648203866304,8.404837944787873,52635600
2017-08-14,8.887947082519531,8.92633990492397,8.75197170223303,8.75437176852167,47744400
2017-08-15,8.90394401550293,8.955934468362106,8.831157564571503,8.9375385366196,36148800
2017-08-16,8.950335502624512,9.074313303453177,8.86155226820849,8.966333199240648,49526400
2017-08-17,8.400038719177246,8.884748718253682,8.39843867483917,8.841556674697364,79291200
2017-08-18,8.370444297790527,8.551211797930565,8.278461876245016,8.412837239127176,64926000
2017-08-21,8.355247497558594,8.43363320182226,8.19047769722595,8.384841913381148,43240800
2017-08-22,8.727176666259766,8.752772797013224,8.474424600738608,8.478422880577364,47132400
2017-08-23,8.629593849182129,8.689582684324412,8.572805102047313,8.584001748645525,42038400
2017-08-24,8.557608604431152,8.72637757106273,8.406436462827509,8.692783965230166,48590400
2017-08-25,8.500019073486328,8.717579324132954,8.468025511269376,8.644792871660838,46310400
2017-08-28,8.5744047164917,8.6367927058173,8.495219010246133,8.5744047164917,33121200
2017-08-29,8.679986000061035,8.718378825674096,8.331251396248371,8.351247373539392,42561600
2017-08-30,8.980730056762695,9.022322054737167,8.679985805200028,8.695183479885756,53124000
2017-08-31,9.235881805419922,9.268675385862604,9.039117576692778,9.053515227191939,53088000
2017-09-01,9.229484558105469,9.341463867688363,9.158298142824744,9.306270213472503,35500800
2017-09-05,8.982327461242676,9.204686891680735,8.771967445320499,9.14149888470493,64617600
2017-09-06,9.05991268157959,9.12070061351104,8.866348579575034,9.05511346570348,42778800
2017-09-07,9.115903854370117,9.190289424635354,9.022320501997514,9.112704681697384,36985200
2017-09-08,8.891146659851074,9.097508432917643,8.85835307527183,9.081511651694317,41323200
2017-09-11,9.174294471740723,9.232684190262749,9.088710407052888,9.091909580362307,42639600
2017-09-12,9.25187873840332,9.291870687081792,9.123901756561116,9.26227627891691,36709200
2017-09-13,9.290270805358887,9.292670871299284,9.161494727266227,9.19828750013972,25802400
2017-09-14,9.133501052856445,9.263077175667346,9.110305903504038,9.187891572766473,36788400
2017-09-15,9.207088470458984,9.319067779523055,9.076713227523214,9.123903553184837,39632400
2017-09-18,9.1846923828125,9.335864525814893,9.098308301096846,9.247080377742074,45754800
2017-09-19,9.223885536193848,9.267077582779088,9.133502247254901,9.227885647319553,28471200
2017-09-20,9.14709758758545,9.246279265440625,8.931138324116105,9.219084008741897,53653200
2017-09-21,8.971131324768066,9.123102558945666,8.878347990973289,9.119903386154679,42445200
2017-09-22,8.948735237121582,8.98472890942162,8.859151982785896,8.882348047323694,31083600
2017-09-25,8.667986869812012,8.85275259621494,8.53041237369629,8.839154967936084,67760400
2017-09-26,8.727176666259766,8.841556028789867,8.635994283508449,8.793564771082428,47545200
2017-09-27,8.963932037353516,9.059113606498126,8.79836317469993,8.866350402099089,55674000
2017-09-28,8.948735237121582,8.974331368003174,8.833556767261415,8.899144850301816,32268000
2017-09-29,9.138299942016602,9.157496810791175,8.93113907274065,9.003125499931134,44124000
2017-10-02,9.163894653320312,9.275874856091002,9.041517825355939,9.185490671826619,46102800
2017-10-03,9.221487045288086,9.252681506801967,9.138302119703503,9.198290975883959,31369200
2017-10-04,9.245479583740234,9.303069271999462,9.14309872937453,9.167894836268822,45076800
2017-10-05,9.511829376220703,9.527026132544691,9.314266967224034,9.353458891014412,47145600
2017-10-06,9.546221733093262,9.55022092714075,9.41824569285994,9.42224488690743,42980400
2017-10-09,9.52223014831543,9.619012703734848,9.483837318122522,9.590218309929485,34425600
2017-10-10,9.54222583770752,9.643806683128895,9.415049775391443,9.612613141846525,35878800
2017-10-11,9.625409126281738,9.630208343515804,9.49023468305771,9.530227549770204,29894400
2017-10-12,9.573419570922852,9.684598843117666,9.53902502825267,9.584617134209193,33090000
2017-10-13,9.680598258972168,9.713392755843806,9.65020474363106,9.68379834720348,24436800
2017-10-16,9.780580520629883,9.785379737893436,9.688598116590247,9.753386176612553,28539600
2017-10-17,9.814974784851074,9.818174873472408,9.722992374845171,9.768583568770456,30094800
2017-10-18,9.777381896972656,9.843768168002876,9.73658900943785,9.842169039212944,28950000
2017-10-19,9.669401168823242,9.670200275487433,9.46383853115536,9.609412332231686,40340400
2017-10-20,9.739787101745605,9.808574346721437,9.710992717793873,9.785378285948928,33277200
2017-10-23,9.558222770690918,9.803777401548876,9.512631575924843,9.801378250395787,30728400
2017-10-24,9.607012748718262,9.659803220484681,9.495033459408488,9.603812660472746,29436000
2017-10-25,9.490234375,9.636607292137878,9.275875142764807,9.54222482543148,44595600
2017-10-26,9.402251243591309,9.53982667847978,9.388654528355254,9.476637743097031,36384000
2017-10-27,10.21250057220459,10.269290239968324,9.82457224741501,9.849368354989867,73909200
2017-10-30,10.285285949707031,10.404464522614365,10.164509163385647,10.186904289037539,48278400
2017-10-31,10.394067764282227,10.442058107454876,10.294885158725476,10.377270961100376,30098400
2017-11-01,10.380468368530273,10.53883886795505,10.266089928767114,10.524442132325463,41532000
2017-11-02,10.327679634094238,10.36367239138929,10.114119495262726,10.349275654614118,45890400
2017-11-03,10.61562442779541,10.62762201147926,10.331677037159487,10.437257970434073,43350000
2017-11-06,10.723604202270508,10.740401003448435,10.584430576030972,10.597228182421631,38048400
2017-11-07,10.741201400756836,10.789192655237793,10.634821351127556,10.699609407373293,46660800
2017-11-08,10.875577926635742,10.881976273079983,10.690812171540369,10.730805040566889,34431600
2017-11-09,10.701210975646973,10.718007779804099,10.37007227945744,10.610827692852487,81597600
2017-11-10,10.698010444641113,10.722806554123373,10.569235256546575,10.629224101872333,33218400
2017-11-13,10.730006217956543,10.777197460847749,10.576434901840873,10.585232400345914,37572000
2017-11-14,10.622024536132812,10.657218186399575,10.465253154165271,10.622024536132812,45500400
2017-11-15,10.466053009033203,10.55403621024204,10.298883187558078,10.486048983090434,40334400
2017-11-16,10.857980728149414,10.934766374987316,10.625223721283648,10.63082296074801,40426800
2017-11-17,10.736400604248047,10.890772801004298,10.70760622193848,10.869176785432895,34676400
2017-11-20,10.710006713867188,10.78999244137225,10.66681467731442,10.753198750419955,25029600
2017-11-21,11.047545433044434,11.069940559658148,10.848382036959567,10.859580515623518,35371200
2017-11-22,11.091536521911621,11.126730171203338,11.024349311705317,11.086737304703016,30058800
2017-11-24,11.216313362121582,11.225111774396549,11.11313248109174,11.133929394001358,19976400
2017-11-27,11.197917938232422,11.279502803316534,11.124331463695777,11.20191621814903,33418800
2017-11-28,11.280301094055176,11.30589722345538,11.094736249920883,11.273902748222918,35152800
2017-11-29,10.700408935546875,11.252307010780804,10.53883925727546,11.252307010780804,104144400
2017-11-30,10.965961456298828,11.025150281363508,10.75400135095137,10.83478528227515,59390400
2017-12-01,10.819586753845215,10.976357203957562,10.34127609854264,10.753999592912578,85147200
2017-12-04,10.44605541229248,11.056342201979657,10.413261833987745,11.03154609739927,82722000
2017-12-05,10.46125602722168,10.821189129293192,10.314083063717494,10.427662417485493,57740400
2017-12-06,10.599627494812012,10.650017899114324,10.306881672062724,10.345274491820252,47379600
2017-12-07,10.704408645629883,10.797991088607352,10.565234098894228,10.606026985659076,38078400
2017-12-08,10.845982551574707,11.020349834016661,10.797991296076288,10.94196414721448,44200800
2017-12-11,11.09473705291748,11.108333767634374,10.857980848204287,10.862780065604358,35784000
2017-12-12,11.053141593933105,11.151523239574715,10.983554330700601,11.078736803931623,36688800
2017-12-13,11.108333587646484,11.220312884214778,11.068341635555743,11.178720887897564,41671200
2017-12-14,11.092337608337402,11.253107267877997,11.04994467498488,11.173121533803114,35623200
2017-12-15,11.453068733215332,11.502660030299483,11.161122935651546,11.22191179511882,55834800
2017-12-18,11.747413635253906,11.781007235010376,11.629835120749316,11.678625476450119,40540800
2017-12-19,11.55625057220459,11.721819447827302,11.44827047273017,11.684226647375347,49434000
2017-12-20,11.508257865905762,11.671427570039286,11.365084134950422,11.666628353405127,35575200
2017-12-21,11.50265884399414,11.654630061632037,11.463465091302846,11.549050048164057,33259200
2017-12-22,11.46426773071289,11.477065337741102,11.367485198254066,11.453869274533757,21246000
2017-12-26,11.278700828552246,11.319493715021219,11.149125632100137,11.28110089471003,24433200
2017-12-27,11.278700828552246,11.369085013354653,11.24590816260922,11.27950176596188,22598400
2017-12-28,11.30909538269043,11.389080190566633,11.276300888329176,11.378681735324948,23365200
2017-12-29,11.095537185668945,11.351489347177212,11.087538795041453,11.351489347177212,34279200
2018-01-02,11.665029525756836,11.689025611429782,11.189118906992523,11.269903745484449,45867600
2018-01-03,12.006567001342773,12.050559063597271,11.710621981792968,11.712222026004804,42612000
2018-01-04,12.076953887939453,12.190532308453944,12.034560955989456,12.147340269782458,35012400
2018-01-05,12.44168472290039,12.468079958263875,12.182533416896334,12.245721428145352,41190000
2018-01-08,12.580059051513672,12.605654264437115,12.42808690268259,12.440084487111013,36126000
2018-01-09,12.5896577835083,12.699237005384179,12.477678495475658,12.65684590554211,52084800
2018-01-10,12.500075340270996,12.504874557887652,12.254521627159404,12.41449219140499,47926800
2018-01-11,12.750429153442383,12.750429153442383,12.504873627878844,12.563263341741308,37419600
2018-01-12,13.020777702331543,13.07036900248621,12.67124311178831,12.707236782620615,44780400
2018-01-16,12.919994354248047,13.491088306725585,12.804016796892482,13.28392746594928,82510800
2018-01-17,13.32712173461914,13.393509839882718,12.915198219209941,13.09196557718373,41312400
2018-01-18,13.33991813659668,13.428702282386995,13.174349261136273,13.268732646258913,47197200
2018-01-19,13.4678955078125,13.525485200889818,13.265532932956454,13.454297877824999,42474000
2018-01-22,13.888615608215332,13.888615608215332,13.401505636007746,13.435899259825948,51931200
2018-01-23,14.240551948547363,14.274945576502077,14.00059657497626,14.022192595211944,64671600
2018-01-24,13.951803207397461,14.418116254931881,13.7134479137165,14.318134559119002,104536800
2018-01-25,13.934208869934082,14.25334996531388,13.803032700531647,14.242951508275015,66650400
2018-01-26,14.556492805480957,14.556492805480957,14.083780431205287,14.157366903717012,53218800
2018-01-29,14.363728523254395,14.568490242693668,14.270146075876733,14.470108578097012,66174000
2018-01-30,13.996596336364746,14.185361264987803,13.779836128054912,13.963801839721462,66253200
2018-01-31,14.169364929199219,14.322137118338592,13.91741196463501,14.241351359737974,55498800
2018-02-01,13.815030097961426,14.253348826411578,13.667857159050135,13.855822070008315,63984000
2018-02-02,12.971186637878418,13.74384316430831,12.95039064162208,13.660658263925928,95092800
2018-02-05,11.473865509033203,13.24873450488228,11.406677389457444,12.617651686225983,115314000
2018-02-06,12.358500480651855,12.397694240120343,10.800390642683064,10.943564389699382,119691600
2018-02-07,11.869791030883789,12.636848285782207,11.869791030883789,12.24252164964383,88056000
2018-02-08,10.39886474609375,12.008965818977343,10.398064724071016,11.992169017927981,108202800
2018-02-09,10.888373374938965,11.12992783939877,9.694195934262117,10.813987806655614,160172400
2018-02-12,11.497859954833984,11.709020903135652,10.976356386825973,11.26030377357499,87528000
2018-02-13,11.637835502624512,11.72581962691728,11.227512037578505,11.296299292804816,54027600
2018-02-14,12.31930923461914,12.367300493646955,11.451470122883984,11.463467708801655,84057600
2018-02-15,12.963187217712402,12.979984018976316,12.252120495040309,12.637648732791428,95187600
2018-02-16,12.818415641784668,13.235139288613071,12.745630105888084,12.868806966004232,85276800
2018-02-20,12.882404327392578,13.216742165995322,12.659245760958486,12.671243346338978,72934800
2018-02-21,12.766425132751465,13.454297690172334,12.757627635613321,13.067170286452711,88738800
2018-02-22,12.768823623657227,13.145553439537682,12.67124199149632,12.951990219238356,83301600
2018-02-23,13.529481887817383,13.538280299399421,12.92079602138805,13.058369603235976,71384400
2018-02-26,14.072582244873047,14.07898059070887,13.712649203931898,13.742243612975956,66975600
2018-02-27,13.568678855895996,14.172565648456835,13.551081113209644,14.097380036557139,86654400
2018-02-28,13.295927047729492,13.929409079627664,13.282329418067544,13.795034657926292,76507200
2018-03-01,12.656046867370605,13.503089107126542,12.29211549968648,13.32552262987501,125958000
2018-03-02,13.003979682922363,13.064768540463893,12.060155093085415,12.21212723693924,96699600
2018-03-05,13.411905288696289,13.52708375459636,12.666443975658575,12.820815285612428,74440800
2018-03-06,13.581474304199219,13.732646451706207,13.341518921330984,13.611869653486337,71030400
2018-03-07,13.683053016662598,13.717447555950152,13.2151408252318,13.284727179754201,66882000
2018-03-08,13.887017250061035,13.935008507900898,13.686254721532103,13.835826819127078,57584400
2018-03-09,14.695666313171387,14.695666313171387,14.13976995218531,14.202158860751238,73674000
2018-03-12,14.915627479553223,15.050801938584874,14.74445934473543,14.837241781158674,66339600
2018-03-13,14.374126434326172,15.05080051854694,14.226154380253904,14.837240381270068,91146000
2018-03-14,14.325333595275879,14.599681635673285,14.141366985230436,14.555690495786463,66811200
2018-03-15,14.261347770690918,14.542096048310146,14.12857338465978,14.368528770671325,55448400
2018-03-16,14.166964530944824,14.451711970229645,14.14136840185591,14.342930938833634,39134400
2018-03-19,13.277530670166016,13.796635189833355,12.883203972815798,13.796635189833355,97116000
2018-03-20,13.375113487243652,13.469495047197203,13.131157992869149,13.280731011932955,46096800
2018-03-21,13.181546211242676,13.64546103524903,13.01677829096352,13.277528714879438,66248400
2018-03-22,12.218527793884277,12.925597257594271,12.17373662230634,12.669644175057037,102939600
2018-03-23,11.231511116027832,12.277716669993486,11.231511116027832,12.173735766130596,108799200
2018-03-26,12.495274543762207,12.544864923640038,11.388280254255903,11.917782231072747,91752000
2018-03-27,11.297101020812988,12.788823925669202,10.971560627129035,12.788823925669202,136807200
2018-03-28,10.907572746276855,11.423476287613955,10.638022027181199,11.099536875968735,121144800
2018-03-29,11.511459350585938,11.813803651764136,10.760398730595671,11.073141489129211,98536800
2018-04-02,10.489248275756836,11.397879260729468,10.139713702313465,11.239508764457824,122476800
2018-04-03,10.841182708740234,10.973957989253117,10.269289616851633,10.777994698915654,110902800
2018-04-04,11.353888511657715,11.452270173132105,10.17410768067861,10.208500391501907,108364800
2018-04-05,11.532256126403809,11.737817881699996,11.29070069723419,11.69222668810318,91677600
2018-04-06,10.671614646911621,11.503460047210417,10.511645011332146,11.17312140416388,116145600
2018-04-09,10.885173797607422,11.538652656658966,10.841981761900751,10.953161939262,87945600
2018-04-10,11.604241371154785,11.721818985107808,11.169122732750541,11.39388041984777,97437600
2018-04-11,11.409077644348145,11.787406600708518,11.374683104289543,11.405877556203238,71720400
2018-04-12,11.809002876281738,11.937778966210319,11.597042799912982,11.637834771079406,71383200
2018-04-13,11.63383674621582,12.048959444184216,11.490663906350168,11.998568118662874,71242800
2018-04-16,11.890588760375977,12.028963296179027,11.660230902959425,11.87139189085913,59149200
2018-04-17,12.651246070861816,12.743229386697623,12.185732998603743,12.247321883185105,62073600
2018-04-18,12.739229202270508,12.873604523940058,12.485676231056797,12.669641933083222,59044800
2018-04-19,12.392894744873047,12.636049278896975,12.257719391058346,12.555264441579105,64509600
2018-04-20,11.798604011535645,12.317707548176905,11.66982792606851,12.297711574313285,70406400
2018-04-23,11.705821990966797,12.103347823128379,11.517857084209592,11.962574148573738,61666800
2018-04-24,10.959561347961426,11.924982068831106,10.730804456285325,11.860194008985792,106509600
2018-04-25,11.002754211425781,11.133930385137596,10.548438651758426,11.012352646645116,105408000
2018-04-26,11.685025215148926,11.797804517825302,11.311494577345773,11.421074707380322,70996800
2018-04-27,11.712221145629883,12.209727761334074,11.511457718561859,12.196131047983894,82429200
2018-04-30,11.462667465209961,12.005766189030506,11.368285000779972,11.790606939912177,80562000
2018-05-01,11.835399627685547,11.850597302580416,11.2883007232563,11.362687222704078,58489200
2018-05-02,11.629034996032715,12.017762371055282,11.597840547095782,11.913782400193728,71826000
2018-05-03,11.629837036132812,11.75701400447244,11.073940673949549,11.473866595096268,98036400
2018-05-04,12.284114837646484,12.369698893495134,11.452270364895218,11.482663881231382,92966400
2018-05-07,12.57606029510498,12.712035669438258,12.428087335925044,12.466480156648581,69531600
2018-05-08,12.534468650817871,12.632850313873556,12.278515590170732,12.508873436288866,63357600
2018-05-09,12.954389572143555,12.985584023570084,12.485676440149923,12.621650892760268,57498000
2018-05-10,13.357516288757324,13.384710633445186,13.048773654927237,13.077568043861435,59503200
2018-05-11,13.317523002624512,13.407106255106736,13.141555670695157,13.289527721335453,59848800
2018-05-14,13.37671184539795,13.63666317312963,13.317522113735407,13.40150612128282,54591600
2018-05-15,12.943991661071777,13.08076614145963,12.728832410843788,13.058370100638001,87260400
2018-05-16,13.182348251342773,13.277529825572255,12.970387252812696,12.973587341130077,44856000
2018-05-17,13.033576011657715,13.332719275069358,12.840010946698245,13.047972747469402,51609600
2018-05-18,12.824812889099121,13.013577802515083,12.772023337544413,12.884801723187126,42733200
2018-05-21,13.048772811889648,13.295926541267727,12.877604702875162,13.119159193109937,58446000
2018-05-22,12.980785369873047,13.285528783787074,12.923995703365655,13.215941510415837,48471600
2018-05-23,13.307127952575684,13.315126344339296,12.680844174697919,12.693641784591149,61522800
2018-05-24,13.295927047729492,13.367913475834813,12.895202018217049,13.303125415932895,35555200
2018-05-25,13.329521179199219,13.475894107492275,13.214342706613813,13.30072678989215,31540800
2018-05-29,13.159150123596191,13.384707800664398,12.91679564692487,13.147152540359242,47225600
2018-05-30,13.439900398254395,13.50468846053919,13.209543453702093,13.293528385711479,35403200
2018-05-31,13.411103248596191,13.672654594936862,13.303123167013908,13.420701681482827,40528400
2018-06-01,14.034987449645996,14.056583465645126,13.59346961227474,13.59346961227474,38585600
2018-06-04,14.394923210144043,14.421317532239451,14.11417494811663,14.133371817302859,32024800
2018-06-05,14.543695449829102,14.615681879379549,14.351731332575536,14.510101843729366,27950000
2018-06-06,14.783649444580078,14.795647029158504,14.368526793738734,14.589285279124269,28814000
2018-06-07,14.44051456451416,14.810046062308539,14.212556774817259,14.802846778603843,39226000
2018-06-08,14.430912971496582,14.493301868045041,14.116572084353285,14.212553664290809,24660400
2018-06-11,14.543695449829102,14.65167555183333,14.387724089672203,14.394923373377226,20418000
2018-06-12,14.774051666259766,14.812444487828333,14.558091472838402,14.603683577759062,23924000
2018-06-13,14.757255554199219,15.100391813484777,14.67087147279067,14.829241983587304,36123600
2018-06-14,15.205971717834473,15.275558995631256,14.927623522004446,14.9684164113656,45226400
2018-06-15,15.054798126220703,15.138782127358956,14.829239525408891,15.030802043497658,38844800
2018-06-18,15.021204948425293,15.057198618037521,14.61807987633931,14.757254422459084,34363200
2018-06-19,14.886832237243652,14.891631454764639,14.306139732204256,14.442914227802378,53816800
2018-06-20,15.198774337768555,15.38833839893184,15.052401404388387,15.083595861180184,39822400
2018-06-21,14.80524730682373,15.354745353306734,14.716464071457793,15.304354027230314,51140400
2018-06-22,14.656476020812988,14.968417852408773,14.54369669182669,14.954020199126312,31113600
2018-06-25,13.720649719238281,14.366129409782548,13.315125426490615,14.306140560333398,85653200
2018-06-26,13.871818542480469,14.104574599964437,13.701449555316414,13.852621675898668,47082800
2018-06-27,13.315123558044434,14.234152126656891,13.274330670157534,14.046987235553779,65919200
2018-06-28,13.641463279724121,13.775838624937577,13.166351726966862,13.250336660984205,55650000
2018-06-29,13.703850746154785,14.05178620097478,13.691853161234866,13.838225161829172,39268000
2018-07-02,14.010995864868164,14.027792669885738,13.26473441347486,13.355917723111132,41648400
2018-07-03,13.52868366241455,14.176563327509898,13.492689991714839,14.1621656761586,28212800
2018-07-05,14.025391578674316,14.058985184062937,13.579074443409288,13.795034642846268,32811200
2018-07-06,14.656476020812988,14.706866434265814,14.042189877785868,14.111777162281975,37506000
2018-07-09,15.064398765563965,15.08119556927221,14.730860927132852,14.896430728481498,36188800
2018-07-10,15.10038948059082,15.20117028309286,14.944418144882079,15.129183864826121,33392000
2018-07-11,14.879631996154785,15.035603351804033,14.706864753298191,14.757255160991486,39914800
2018-07-12,15.613896369934082,15.625894871117248,15.03080472828865,15.061999183722056,40676000
2018-07-13,15.659488677978516,15.748270997298858,15.498717181352132,15.61629663616631,33938000
2018-07-16,15.553906440734863,15.755469896126899,15.472322496664503,15.671484055130312,27780000
2018-07-17,15.841854095458984,15.933038315622223,15.064399141849467,15.069198359508436,37796800
2018-07-18,15.741072654724121,15.88264728173078,15.597099792017582,15.837055173433237,23268800
2018-07-19,15.50831413269043,15.731472688919537,15.448325293174154,15.587499840223296,38437200
2018-07-20,15.486720085144043,15.796262737839376,15.436329676200275,15.635493076345323,28698000
2018-07-23,15.62109375,15.652289118816777,15.165179109956615,15.349944849130186,31513600
2018-07-24,15.820260047912598,16.280973989724096,15.633095123471332,16.113005937203592,47533200
2018-07-25,16.480134963989258,16.511328503181986,15.82985612785141,15.841852797980522,38620800
2018-07-26,15.760269165039062,15.966630934805535,15.671485016883736,15.817857942664938,55944000
2018-07-27,15.102789878845215,16.053013790677362,14.824441700624519,16.038615224334794,59049200
2018-07-30,14.452510833740234,15.119586423661133,14.234151498635097,15.105189688277363,50402800
2018-07-31,14.740456581115723,14.946818319576469,14.375724355173446,14.606081261445311,47856000
2018-08-01,14.942022323608398,15.07639767224263,14.694868563524807,14.877234258125315,34650800
2018-08-02,15.537109375,15.597098214285715,14.598883965185712,14.61328161614282,46121200
2018-08-03,15.67628288269043,15.69067961733646,15.429129174125732,15.618692282678369,36066800
2018-08-06,15.96423053741455,15.97382897193887,15.594699046442113,15.657087955493095,34034000
2018-08-07,16.120201110839844,16.22098192237344,15.993025063326384,16.089007573188237,35985200
2018-08-08,16.163394927978516,16.280972554377104,15.933037977381268,16.067412407551085,31717200
2018-08-09,16.148996353149414,16.34095954144742,16.08180731499531,16.148996353149414,27265200
2018-08-10,15.772266387939453,15.969029707036901,15.601896473799513,15.827455094733446,42813200
2018-08-13,15.726675987243652,16.16579477654842,15.705079050849275,15.85865034917756,46337200
2018-08-14,16.01702308654785,16.07461187043877,15.652291680952798,15.89944545214552,30363600
2018-08-15,15.433929443359375,15.789064199193124,15.136385294880853,15.654687946078466,57928800
2018-08-16,15.575504302978516,15.87304845600867,15.484320088628303,15.774665873307487,32571200
2018-08-17,15.573104858398438,15.69788085313026,15.167579671769985,15.450727099403204,35131200
2018-08-20,15.54190731048584,15.700278721211909,15.357142495352807,15.68588198595101,33730800
2018-08-21,15.702680587768555,15.98582800822037,15.647490045083648,15.678683585296874,33534800
2018-08-22,15.885043144226074,15.937833613164976,15.54670705894839,15.597097461831705,31656800
2018-08-23,15.805864334106445,16.139402224818223,15.7338769750935,15.805864334106445,35566800
2018-08-24,16.244979858398438,16.285773667768225,15.957034110494824,15.973830915277295,31978400
2018-08-27,16.734487533569336,16.736887599947096,16.41774650813224,16.506530656966866,36425600
2018-08-28,16.808874130249023,16.93365011512653,16.71049155138967,16.873661273592038,32612400
2018-08-29,17.396764755249023,17.420759926699624,16.880860330847067,16.895258898288812,32867600
2018-08-30,17.298381805419922,17.603126151592082,17.120815343595144,17.291183437208865,43931600
2018-08-31,17.348772048950195,17.504741557488718,17.173603842866676,17.233592678678104,31590000
2018-09-04,17.142412185668945,17.283984974953935,16.85206640821289,17.197600895462887,40104800
2018-09-05,16.4609375,17.04402910405549,16.29776778028489,17.036830736095343,53864800
2018-09-06,16.01222038269043,16.54012138979925,15.6882792144,16.489730988906366,57752400
2018-09-07,15.853850364685059,16.242578702104776,15.649888677365993,15.683482280890823,38504800
2018-09-10,15.993024826049805,16.12979930559164,15.72427416856669,16.098603937688747,27724400
2018-09-11,16.348159790039062,16.432145639715216,15.66908743896388,15.78186493259018,35261200
2018-09-12,16.206584930419922,16.31456410811105,15.786663058288074,16.28097050479763,44130800
2018-09-13,16.68649673461914,16.801674287606822,16.477734902596943,16.484933270819397,37338000
2018-09-14,16.5593204498291,16.83046935647362,16.3673554232414,16.746485343859316,38344000
2018-09-17,15.86104965209961,16.516128620243233,15.803460875677223,16.46573821203437,36411600
2018-09-18,16.237775802612305,16.47293281792604,15.870644461859671,15.894639627329127,36379200
2018-09-19,16.2017822265625,16.360153614801128,15.882643045738778,16.244974256926326,29481200
2018-09-20,16.710494995117188,16.79208078838879,16.403352356078393,16.513731627563303,31341600
2018-09-21,16.444141387939453,16.936050633952703,16.391350913064173,16.85926498796526,30140800
2018-09-24,16.58571434020996,16.602511141369142,15.894641765171615,16.103403577333452,26437600
2018-09-25,16.65290069580078,16.684094230444856,16.39134842741272,16.554518129231585,21629600
2018-09-26,16.6361026763916,17.149606911691652,16.58331221339021,16.66729620874979,35460000
2018-09-27,17.096820831298828,17.27198906427764,16.85206714912293,16.88326068947729,29262800
2018-09-28,17.070425033569336,17.216797957083205,16.864063266999423,16.950447347457256,30928800
2018-10-01,17.168806076049805,17.557532572553516,17.05602676829881,17.396762926944845,34116000
2018-10-02,17.070425033569336,17.45915339562958,16.950447347457256,17.123215508372922,32393600
2018-10-03,17.120817184448242,17.396766256732395,17.04403153075055,17.279188624976577,33284800
2018-10-04,16.144197463989258,16.936050939999415,15.765067529137644,16.9168540704771,75444800
2018-10-05,15.537109375,16.276172314371383,15.073995462485723,16.124999267714365,66462000
2018-10-08,15.258761405944824,15.657087267633557,14.694866675092417,15.318750246050701,59676800
2018-10-09,15.37633991241455,15.741071254200993,15.162778873055691,15.27795733604463,52144800
2018-10-10,13.382309913635254,15.131584626231941,13.30312420915269,15.114787825042976,121428000
2018-10-11,12.840010643005371,13.73744407344237,12.436886488742871,13.19994367549731,111216000
2018-10-12,13.924610137939453,14.042188674612115,13.149554385441146,13.864621294104998,84244000
2018-10-15,13.3991060256958,13.847822248614733,13.257532340557917,13.787833414494562,79867600
2018-10-16,14.553293228149414,14.678069212218759,13.761439792737264,13.83102706815226,62233200
2018-10-17,14.60128402709961,14.82444259639581,14.145369369293974,14.800447425327077,65060400
2018-10-18,13.588671684265137,14.428515406636285,13.3919083711096,14.411718605417422,78174400
2018-10-19,13.533482551574707,14.250948559088968,13.387109636799964,13.867020352595421,67418400
2018-10-22,13.737445831298828,14.056586933650655,13.430303230517703,13.77583865639647,57463200
2018-10-23,13.586271286010742,13.792633027776713,12.532867475019186,13.003179728362985,88390800
2018-10-24,11.738615989685059,13.605469347574704,11.681027214816222,13.535882072197543,102421200
2018-10-25,12.94318962097168,13.142352975784505,12.10094685119895,12.259317325658648,76036800
2018-10-26,11.937777519226074,12.676840365817828,11.393078817048707,11.61383819389236,122380800
2018-10-29,11.29949951171875,12.621653326583708,10.519644483175757,12.472881238977056,108980800
2018-10-30,11.73621654510498,11.769810148830652,10.934765611272494,11.0955361774187,92432800
2018-10-31,12.52806568145752,12.876001040867848,12.297708818877352,12.297708818877352,90078800
2018-11-01,13.075166702270508,13.106360236991005,12.3433021928971,12.6384471472569,63033200
2018-11-02,12.48967456817627,13.180746165179249,12.18973040988502,12.945590054921741,87178800
2018-11-05,12.36729907989502,12.51127192516326,11.940177930266122,12.496875189850654,51300400
2018-11-06,12.628849983215332,12.844809243125663,12.302510569636706,12.336104171265625,55730800
2018-11-07,13.79023551940918,13.811831539499792,12.998382059658157,13.079966922738567,69276000
2018-11-08,13.555078506469727,13.754240976599862,13.355915120982546,13.627064930428125,58762400
2018-11-09,12.866406440734863,13.264732310817294,12.547266280632211,13.17834823278738,68369600
2018-11-12,11.73621654510498,12.667243592185383,11.659430903630003,12.597656318549607,77183600
2018-11-13,11.73141860961914,12.357702310041494,11.623438503450261,11.870593172093953,77227200
2018-11-14,11.43387508392334,12.194533256416817,11.249109317570698,12.064957121776178,78062000
2018-11-15,12.045760154724121,12.144141823057597,11.088337794060726,11.371485213236511,84908400
2018-11-16,11.91378402709961,12.09375054765787,11.546651702717961,11.700222987137213,67162400
2018-11-19,10.77159595489502,11.79380630023634,10.654018341193732,11.738615761968491,93246000
2018-11-20,10.17410659790039,10.615624452119246,9.766182344216075,10.010936896426665,101495600
2018-11-21,10.40206527709961,10.706808717205854,10.34687564996563,10.56523500747708,57557600
2018-11-23,10.171708106994629,10.490849192204465,10.138114501258247,10.145312869528299,28440000
2018-11-26,10.869976997375488,10.889173864438588,10.466851942620421,10.601227265991112,59982400
2018-11-27,10.982756614685059,11.0667406220772,10.531640294825916,10.706807592641688,60081600
2018-11-28,12.024164199829102,12.036161785719333,11.037947444723812,11.229911565038888,97532400
2018-11-29,11.91378402709961,12.158537689544632,11.633035779043054,11.882589573902868,64522400
2018-11-30,12.163335800170898,12.199329467151228,11.789006057288944,11.959374128234295,58317600
2018-12-03,12.787221908569336,13.029576429921287,12.53766810366241,12.976786870875006,74671600
2018-12-04,11.381086349487305,12.715238896937063,11.294702246474086,12.609657919762089,105048000
2018-12-06,11.546651840209961,11.570647925784364,10.517244026030385,10.656417660933649,98078000
2018-12-07,10.416461944580078,11.61863787275557,10.318080285449376,11.421874554494169,111493600
2018-12-10,10.742802619934082,10.884376332692076,10.034934056144111,10.356474306372922,88234400
2018-12-11,10.857980728149414,11.277902634762928,10.579632529522742,11.261105831726956,86081600
2018-12-12,11.131528854370117,11.645033171413106,11.126729637391758,11.330692239865375,84725600
2018-12-13,11.133927345275879,11.491460263686962,10.922766404888936,11.34988658660526,82362400
2018-12-14,10.294086456298828,10.877178119249521,10.248494346994033,10.771597163265495,78088800
2018-12-17,9.629409790039062,10.43566002454413,9.379855971671848,10.190905423686726,100296400
2018-12-18,9.790178298950195,10.080524058755834,9.543024576264392,9.857366420779403,78946800
2018-12-19,9.082310676574707,10.219699569225664,8.849554582731262,9.768583203009976,153931200
2018-12-20,8.717577934265137,9.305467784486842,8.333648841372721,8.991126875178757,160409200
2018-12-21,7.875335693359375,8.976730951443457,7.72896276147814,8.794365260885344,184517200
2018-12-24,7.292243003845215,7.988113891076435,7.275446202426815,7.678571267182456,87800400
2018-12-26,8.616423606872559,8.635645491560595,7.362164237646937,7.520748681846092,189117600
2018-12-27,8.73896598815918,8.746174997127325,7.717778016192644,8.313671122784234,170917200
2018-12-28,8.702925682067871,9.157053889492174,8.498687512552145,8.890343439647742,152421200
2018-12-31,8.899954795837402,9.053733561940154,8.662077636864005,8.97684417888878,108483200
2019-01-02,9.027300834655762,9.185885269625476,8.344907010963208,8.356920802768244,135832800
2019-01-03,8.152684211730957,8.748577313152648,8.080600538830378,8.64525704591082,165255200
2019-01-04,9.1954984664917,9.313234932417528,8.450631313317494,8.541937798745296,136482000
2019-01-07,9.488638877868652,9.647223328245031,9.161858576100686,9.243553651542678,106553200
2019-01-08,9.762557983398438,9.87789205280274,9.3468744884849,9.77697416920291,105811200
2019-01-09,9.993226051330566,10.132587707149709,9.755348904713154,9.88029437483007,89049200
2019-01-10,10.089339256286621,10.09894974219783,9.601571119986403,9.76496129619626,87565600
2019-01-11,9.969199180603027,10.002838171784184,9.805809009214181,9.909129291609885,60402400
2019-01-14,9.709696769714355,9.837044640407827,9.577543197935162,9.714502470800078,55691600
2019-01-15,10.247922897338867,10.312797567484095,9.81782229447348,9.837044181325547,72562800
2019-01-16,10.26233959197998,10.538661447349794,10.255131498627403,10.32481278968153,67946400
2019-01-17,10.502617835998535,10.637174700205819,10.106157169016525,10.163823741824183,71020000
2019-01-18,10.79095458984375,10.95915045872374,10.536257936020126,10.745301805165163,83454400
2019-01-22,10.195059776306152,10.591521338086528,9.928349371100474,10.574700928965868,90867200
2019-01-23,10.204672813415527,10.45216045737204,9.85626728151771,10.320006887781487,83046800
2019-01-24,10.384881019592285,10.43293618972453,10.173434787954669,10.288768846140565,64057600
2019-01-25,10.754911422729492,10.853425993944937,10.529048993175312,10.634771657023162,69756800
2019-01-28,10.358450889587402,10.358450889587402,10.094142851409767,10.334422386156517,70179600
2019-01-29,10.065309524536133,10.38247843583438,9.954781158967222,10.37767273516699,61265200
2019-01-30,10.819786071777344,10.937523435302658,10.30558806561671,10.404102628324182,87912000
2019-01-31,11.295539855957031,11.466139012131546,10.975968570305067,11.009607556521734,80287600
2019-02-01,11.151374816894531,11.394056779507792,11.067277333957714,11.134555320307168,70780800
2019-02-04,11.559846878051758,11.57186066971891,11.134552053561004,11.16578864517044,55488400
2019-02-05,11.865005493164062,11.917866375591764,11.60550311606984,11.62232261274145,64458400
2019-02-06,11.771293640136719,11.949099964877748,11.610305891234528,11.889030087163748,72710000
2019-02-07,11.29073429107666,11.540624278510805,11.026426286841886,11.454123510455553,104896800
2019-02-08,11.34840202331543,11.353207723877622,10.956746135136495,10.983177029931724,72361200
2019-02-11,11.32197093963623,11.559848072231144,11.235470164147172,11.478152997224104,60598400
2019-02-12,11.812141418457031,11.86740559924443,11.50698631155767,11.564653800888756,64113200
2019-02-13,11.836170196533203,12.08125544683771,11.80253120628246,11.980338476085482,63804800
2019-02-14,11.879420280456543,12.00196336072555,11.586279861168974,11.701613931861516,76684800
2019-02-15,12.021184921264648,12.138922297484953,11.860198071728021,12.13651898882679,71248000
2019-02-19,12.093271255493164,12.203799638235521,11.908255875723311,11.908255875723311,51786400
2019-02-20,12.083658218383789,12.261464563687797,11.891434770787416,12.122102907903063,85532800
2019-02-21,11.946699142456055,12.08365840830823,11.756878083961388,11.982740523862898,64246800
2019-02-22,12.206199645996094,12.235032932253766,12.006768117539526,12.028393311381192,59818800
2019-02-25,12.340757369995117,12.585842611758304,12.316728865943604,12.496938521658267,62051200
2019-02-26,12.379202842712402,12.494536919671969,12.186979381113124,12.244645961296024,52678400
2019-02-27,12.340757369995117,12.393619162314739,11.963518564026586,12.213409506600076,57922000
2019-02-28,12.263867378234863,12.39361854385716,12.158143798871365,12.232630782823497,46031600
2019-03-01,12.508952140808105,12.564216320415255,12.259061220032939,12.523368325387763,70078400
2019-03-04,12.511354446411133,12.814107152806512,12.098073381563813,12.72760637955069,106544000
2019-03-05,12.542590141296387,12.657924191838289,12.355171507146435,12.537784441282946,50174400
2019-03-06,12.326338768005371,12.585841080629752,12.268672198484573,12.573827288362386,61734400
2019-03-07,11.8770170211792,12.239838701455902,11.732849672487687,12.225422516542942,84653200
2019-03-08,11.809739112854004,11.826558606408204,11.42769462844897,11.470945016615099,87468400
2019-03-11,12.54739761352539,12.569022808343474,11.949101167954227,11.949101167954227,64234000
2019-03-12,12.75163459777832,12.847746776521353,12.554605456289407,12.645911934435919,75803200
2019-03-13,13.027956008911133,13.236998936930592,12.893399146279055,12.94385762604347,72564800
2019-03-14,12.97028923034668,13.100040399639697,12.951067344114579,13.05198430916891,47721600
2019-03-15,13.292264938354492,13.441238006134176,13.085624373947384,13.121666673913746,69422800
2019-03-18,13.41240406036377,13.537349533119606,13.224986309526873,13.304278082344899,74497200
2019-03-19,13.54695987701416,13.763210899571828,13.381166418133605,13.585404564352878,82190400
2019-03-20,13.70319652557373,13.953176131815272,13.361878957639988,13.544555797943316,91761200
2019-03-21,14.337759017944336,14.397850210950107,13.568591564086708,13.575802213833372,75978800
2019-03-22,13.400336265563965,14.265649092626562,13.349859882651065,14.150274110146139,133800800
2019-03-25,13.31620979309082,13.453217650657962,13.022964454548351,13.234485727443849,105184800
2019-03-26,13.498888969421387,13.864243625200771,13.294579228368798,13.626282037354008,87936000
2019-03-27,13.23448657989502,13.647913423692394,12.943644467085583,13.554171295836705,88405200
2019-03-28,13.318612098693848,13.467638001926428,13.083054730062077,13.333034315233329,64218800
2019-03-29,13.61906909942627,13.657527429529896,13.383511712926696,13.611858449069,63490000
2019-04-01,14.155084609985352,14.205561003932342,13.869050794033353,14.013269324430198,61182400
2019-04-02,14.311320304870605,14.354586041900067,14.092588375185636,14.203155962296954,53364400
2019-04-03,14.558895111083984,14.828103416449549,14.424290499941753,14.551684460870277,75692000
2019-04-04,14.537261009216309,14.729552639579193,14.284878187057599,14.561298036085933,71810400
2019-04-05,14.75599479675293,14.782435071229639,14.609372123323134,14.67667489024174,52327200
2019-04-08,14.871371269226074,14.900215708026096,14.508420791723223,14.681483756847246,51730000
2019-04-09,14.707921028137207,14.861755262465211,14.614178907648466,14.719940001056399,52060800
2019-04-10,14.945883750915527,14.955498563242122,14.71753700121324,14.772820796712704,49622000
2019-04-11,14.832910537719727,15.005973474880353,14.7487832304438,15.001166069190461,55885200
2019-04-12,15.01559066772461,15.046837434286314,14.837720296663944,15.022801318943614,47614000
2019-04-15,15.027607917785645,15.075681062806533,14.724747745997329,15.015589860760166,41684800
2019-04-16,15.174229621887207,15.275182394713426,15.044432413751569,15.179037027772111,47143600
2019-04-17,15.32565975189209,15.51795141487387,15.19345929089955,15.469879186817657,57211200
2019-04-18,15.373732566833496,15.409787654020624,15.111734895108043,15.40257700335078,45951600
2019-04-22,15.50352954864502,15.525161500331176,15.14298234983932,15.179037436487468,37878400
2019-04-23,16.092422485351562,16.152513684824626,15.558814174454563,15.626116024450337,52477200
2019-04-24,15.936187744140625,16.19578034697661,15.928975259368032,16.128478493136242,47537600
2019-04-25,16.11405372619629,16.30874859491674,15.87128480518601,16.28951897400081,59845200
2019-04-26,16.17174530029297,16.17655362379216,15.647749903005417,16.058773537957315,55258400
2019-04-29,16.25827407836914,16.337594898358265,16.090019460668994,16.166936119308744,41898800
2019-04-30,15.885709762573242,15.962628263951979,15.54439216497613,15.864077809438978,63797600
2019-05-01,15.703032493591309,16.323174104659174,15.686207031298979,16.18135792204853,62958000
2019-05-02,15.510738372802734,15.94339569395891,15.203071759463972,15.707837411587732,70644400
2019-05-03,16.241451263427734,16.284717005578365,15.813602165403754,15.897729487963847,54444800
2019-05-06,15.950610160827637,16.01310552969217,15.133369377423335,15.217497617522662,80857600
2019-05-07,15.02280044555664,15.62851895263279,14.57572175758984,15.433824045686517,118764800
2019-05-08,14.89059829711914,15.236723250059486,14.707920550933697,14.871368674607465,80618800
2019-05-09,14.655041694641113,14.80406760927926,14.00605657139653,14.412272740700073,110208800
2019-05-10,14.695904731750488,14.909829271694203,13.758482497701953,14.479576947086523,113929200
2019-05-13,13.176797866821289,13.804150122682934,13.044597414176321,13.575803386158581,117460400
2019-05-14,13.590227127075195,13.840206759645403,13.22727573582212,13.36909101613416,70096000
2019-05-15,14.155084609985352,14.275267024289075,13.313807709859297,13.330633174508293,88080000
2019-05-16,14.597354888916016,14.859352570065877,14.135854891066161,14.181523875149535,87013200
2019-05-17,14.143064498901367,14.743976483190313,14.10220200717188,14.15508255520336,91255200
2019-05-20,13.433985710144043,13.708001378015862,13.280152417087496,13.55176484090726,92184400
2019-05-21,13.83780288696289,13.950774648005066,13.635896397504025,13.765693622924518,57243600
2019-05-22,13.657527923583984,13.888277912553004,13.595033478749482,13.599840884801205,64456400
2019-05-23,13.013349533081055,13.191219880430863,12.765774093761788,13.186412474619365,103840400
2019-05-24,12.994121551513672,13.364282650456065,12.950855813715906,13.236889598562064,68612800
2019-05-28,12.85470962524414,13.318613770943948,12.842691568411707,13.10949664791894,58451600
2019-05-29,12.53261947631836,12.739333333723534,12.321098213285289,12.616747699428233,88960800
2019-05-30,12.681646347045898,12.782600039067512,12.46051117286731,12.62636255350125,68214000
2019-05-31,12.071121215820312,12.357155013520462,12.051891590637615,12.227357794294244,70300400
2019-06-03,11.299546241760254,12.066310363968,11.088025926664569,11.974971504270156,120906400
2019-06-04,12.215339660644531,12.229761879441387,11.51587809507937,11.633657256289549,81934800
2019-06-05,12.484546661376953,12.575885536842733,12.107174020510127,12.56867488667295,76158400
2019-06-06,12.772985458374023,12.871534990724049,12.38119057355463,12.54704287411076,50151200
2019-06-07,13.501290321350098,13.681563920622011,12.936433410399012,12.979699147577787,75774000
2019-06-10,13.994037628173828,14.378620905096007,13.787323772983585,13.787323772983585,91636000
2019-06-11,14.046917915344238,14.510822030684226,13.905102653397005,14.436309533048174,68723600
2019-06-12,13.808958053588867,14.013267768451824,13.724829822766099,13.924333048479367,55088000
2019-06-13,14.03490161895752,14.14066272602704,13.888278932824969,13.972407169531998,49279600
2019-06-14,13.852224349975586,13.965195187928629,13.698391017250515,13.813766016794318,38572400
2019-06-17,14.104607582092285,14.222385829341599,13.902701098460165,13.93875618789837,37525200
2019-06-18,14.715132713317871,15.020396106152416,14.49640079144983,14.602160968787278,70914800
2019-06-19,14.888195991516113,14.989149688447581,14.518034881218023,14.789646456157696,68489600
2019-06-20,15.296814918518066,15.510739432528364,14.957900605069629,15.501124620974917,59677600
2019-06-21,15.227108001708984,15.51314266838688,15.130962642667068,15.217494107647983,52323200
2019-06-24,15.222302436828613,15.35690613103883,15.193458002138797,15.308832990141369,34469200
2019-06-25,14.443520545959473,15.210283910736555,14.369007129533536,15.186247798041181,69811600
2019-06-26,14.626195907592773,14.993954629696942,14.566104715011178,14.715131532795095,47057600
2019-06-27,14.784839630126953,14.900215550267426,14.674272033321271,14.784839630126953,37635200
2019-06-28,14.847332000732422,14.948284764336409,14.68869128869842,14.897808382534416,49466400
2019-07-01,15.438632011413574,15.75591347612596,15.2367246245032,15.695822275734692,72410400
2019-07-02,15.626114845275879,15.626114845275879,15.296814436831445,15.421805149252608,40624400
2019-07-03,15.972237586975098,15.972237586975098,15.686204769253173,15.724662177302198,33563600
2019-07-05,15.86888599395752,15.957821645298212,15.457862335959225,15.645346618501794,58422400
2019-07-08,15.534775733947754,15.575639142007711,15.340080840669948,15.57323498063058,52893600
2019-07-09,15.76793098449707,15.820811535491602,15.270375906979888,15.3040268332786,44297600
2019-07-10,16.234237670898438,16.36643720130293,15.960221964867005,16.05636824487612,77054800
2019-07-11,16.19097137451172,16.41691484961378,16.034733904150457,16.313557923113656,63924800
2019-07-12,16.46257972717285,16.46738804868758,16.195774732062908,16.236638129588748,44596400
2019-07-15,16.60199546813965,16.630839902245942,16.443355665149422,16.575555195334985,36697200
2019-07-16,16.366437911987305,16.60440037795647,16.21020226325571,16.549115668553313,55996000
2019-07-17,16.123668670654297,16.448160732497687,16.114053860116424,16.373648243126176,46254000
2019-07-18,16.193376541137695,16.263082550206356,15.727068262324218,15.885708069919458,67784000
2019-07-19,15.801580429077148,16.51305997156534,15.760718855808593,16.51305997156534,70389600
2019-07-22,16.174148559570312,16.279909664594108,15.916958281857173,15.921764771250073,47753200
2019-07-23,16.486621856689453,16.49383434159666,16.114057492022962,16.443357950274287,58024800
2019-07-24,16.837554931640625,16.837554931640625,16.296734132986273,16.306347111185012,54622400
2019-07-25,16.35682487487793,16.66929800504908,16.25827442964017,16.666893843647763,75037600
2019-07-26,16.842357635498047,16.91927428066649,16.638047968691634,16.65727758844311,55739200
2019-07-29,16.686124801635742,16.815922020119647,16.36163267234497,16.815922020119647,56637600
2019-07-30,16.46257972717285,16.652468082583184,16.263078396407742,16.301535799338875,55752000
2019-07-31,15.76793098449707,16.621226783535135,15.31123840099902,16.59238234649141,98170400
2019-08-01,15.546792984008789,16.729387180876383,15.29681340978808,15.854459588022705,149192400
2019-08-02,14.835315704345703,15.246339291036504,14.566106468981896,15.191055497234725,123460000
2019-08-05,13.277750968933105,13.926735147179679,12.902781578701786,13.926735147179679,151242400
2019-08-06,13.82337760925293,13.936349345302459,13.340244821851776,13.633490136574977,106770400
2019-08-07,14.025284767150879,14.092587530115825,13.051807576200986,13.366685773051563,153954400
2019-08-08,14.953094482421875,14.957901888611124,14.107010248412525,14.239211626319436,109528000
2019-08-09,14.510822296142578,14.883387541895184,14.174312136106224,14.724746815197737,110683200
2019-08-12,14.025284767150879,14.381025454042911,13.825782473406242,14.248824089425455,106655600
2019-08-13,14.945883750915527,15.23672494690274,13.94115878576064,13.998846742801238,119629600
2019-08-14,13.607049942016602,14.359391938010528,13.522921721341389,14.21757668530776,152465200
2019-08-15,13.549362182617188,13.777708903474556,13.236888156826561,13.676756137554648,104469600
2019-08-16,14.174311637878418,14.299301435870724,13.888276957444894,13.888276957444894,82202800
2019-08-19,14.837718963623047,14.960305524846937,14.655042119441001,14.775224519195199,60022000
2019-08-20,14.532455444335938,14.914635509236156,14.520437387838484,14.760802185463302,62632000
2019-08-21,14.902617454528809,15.044432721821243,14.751187375269682,14.90982810504436,50740800
2019-08-22,14.758398056030273,15.092504957988972,14.405061531293493,14.98914802785398,76314800
2019-08-23,13.407547950744629,14.85454412441483,13.239293328042567,14.453135357512876,151175200
2019-08-26,13.950773239135742,13.955580645175345,13.57099641427759,13.81857278226296,73292800
2019-08-27,13.866646766662598,14.316129660696445,13.700795363406955,14.241616233015124,77289600
2019-08-28,14.006056785583496,14.078166041064751,13.520519787195278,13.72723365864876,63912400
2019-08-29,14.643020629882812,14.765607170043182,14.359391058763189,14.522838250779039,70761600
2019-08-30,14.539667129516602,14.885792110808557,14.292090762453208,14.883387949338236,68051600
2019-09-03,14.116625785827637,14.465154958637527,13.967599853982776,14.251230415283043,64392800
2019-09-04,14.710326194763184,14.751187771340359,14.402658622000683,14.513227128748547,50232400
2019-09-05,15.522759437561035,15.650152489898643,15.171826127877258,15.195863158359138,63372000
2019-09-06,15.479493141174316,15.614096839341046,15.3737320447074,15.587656565224316,57519200
2019-09-09,15.38094425201416,15.640537764221696,15.135772041256564,15.61650165052582,56156400
2019-09-10,15.253551483154297,15.258358889655813,14.82570239062886,15.128561664872016,68382800
2019-09-11,15.664573669433594,15.693418105787504,15.222303315034377,15.323256091516212,55700400
2019-09-12,15.859268188476562,16.219815340225303,15.789562185744622,15.955412628539444,69965600
2019-09-13,15.691015243530273,15.897729136587994,15.623713386969724,15.7919680283711,53805200
2019-09-16,15.474684715270996,15.570830999251688,15.3352736121098,15.380943509614143,48562000
2019-09-17,15.678997039794922,15.69341834126932,15.37854011657314,15.469878999226507,45398000
2019-09-18,15.66938304901123,15.688610840705815,15.082892307132798,15.590062219067732,71031600
2019-09-19,15.73908805847168,16.029929249138306,15.64774825995895,15.751105198281628,66385200
2019-09-20,15.243934631347656,15.85205726021074,15.080487416751613,15.806389196851823,61756400
2019-09-23,15.258358001708984,15.392962625161097,15.070873743655564,15.210284856410446,44704800
2019-09-24,14.655041694641113,15.561216155632179,14.455538476710974,15.467474033248202,101882800
2019-09-25,15.123753547668457,15.248743360077164,14.236807720497001,14.604565589850216,76152000
2019-09-26,14.972323417663574,15.109331278531181,14.628601684772857,15.078083598199589,68107200
2019-09-27,14.429099082946777,15.05885553799876,14.099799553816784,15.034818507127135,94246000
2019-09-30,14.813682556152344,14.883387649766625,14.489189533110995,14.566106194072146,58551600
2019-10-01,14.455538749694824,15.22710952826165,14.378622087982682,14.979534080683125,79227200
2019-10-02,13.715217590332031,14.164699567675504,13.46523794596983,14.164699567675504,135412000
2019-10-03,14.167098999023438,14.17431056551896,13.198429284016518,13.705599087737966,120260800
2019-10-04,14.763205528259277,14.825700889532305,14.323338422475947,14.352181941645606,84488800
2019-10-07,14.626195907592773,14.98193657456439,14.551683415619648,14.628600068770583,81265200
2019-10-08,13.960387229919434,14.537262166949848,13.941157606892306,14.33535570975948,117702800
2019-10-09,14.383431434631348,14.568512463385314,14.195947161026652,14.325743472104255,76134800
2019-10-10,14.698307991027832,14.871370024750538,14.344971439107429,14.38583301527618,88119600
2019-10-11,15.248741149902344,15.62371053277985,15.1766319000579,15.195861522373145,111254800
2019-10-14,15.265567779541016,15.409787207188693,15.15740435495392,15.203073336070274,45746800
2019-10-15,15.844846725463867,15.948203659879297,15.37613611232287,15.402576386278295,70360800
2019-10-16,15.727066040039062,15.842441929672644,15.573232743085992,15.676589661398607,58596800
2019-10-17,15.835230827331543,16.07078911536408,15.657361406064759,15.998678948825745,60919600
2019-10-18,15.38094425201416,15.871287756610387,15.140579447379531,15.772739140305912,77222000
2019-10-21,15.787160873413086,15.820811800274994,15.486704859404645,15.630923379361102,47088000
2019-10-22,15.421806335449219,16.039543793577657,15.402576711468768,15.95060815804648,62511600
2019-10-23,15.493915557861328,15.505934531993729,15.23912944402865,15.313641948903193,48452800
2019-10-24,15.938590049743652,15.969838648867524,15.616502082858657,15.83283077978633,61242400
2019-10-25,16.301542282104492,16.342403862042744,15.683804758089583,15.6934195711053,64588800
2019-10-28,16.799095153808594,16.866397002105007,16.55151971164487,16.55151971164487,55798000
2019-10-29,16.412105560302734,16.789478161090052,16.400088422575326,16.71736983321283,53514000
2019-10-30,16.642860412597656,16.72458540886917,16.21741546791006,16.498641880525835,59492400
2019-10-31,16.654878616333008,16.806307792919267,16.371248055064903,16.77025270311167,61648000
2019-11-01,17.106761932373047,17.111570255197606,16.799095289763603,16.87601195041596,57526400
2019-11-04,17.412029266357422,17.539422335728386,17.33511259236902,17.452890848261664,49963200
2019-11-05,17.433656692504883,17.541821940658913,17.27982338448988,17.49134372455109,51614800
2019-11-06,17.323091506958008,17.397604010041018,17.0779202115584,17.39039335927014,57664800
2019-11-07,17.498554229736328,17.835063406824066,17.34712326620937,17.597102821929887,62859600
2019-11-08,17.705270767211914,17.712481417276138,17.26540277491661,17.395199977585932,40803600
2019-11-11,17.630756378173828,17.657196650878717,17.366355484962707,17.44327214178481,38046400
2019-11-12,17.774972915649414,17.96005480412477,17.594699349227664,17.67161599754744,64346000
2019-11-13,17.74853515625,17.84227911117916,17.5610509140673,17.60191432195256,55879200
2019-11-14,17.743730545043945,17.779785634010945,17.428853224664024,17.592301371988153,53325600
2019-11-15,18.077836990356445,18.10908375521606,17.897563384349098,18.053800876323056,45293200
2019-11-18,18.171581268310547,18.26292107981525,17.830263640682883,18.053803011928245,48348000
2019-11-19,18.246089935302734,18.380693614985493,18.048989070284986,18.380693614985493,56060000
2019-11-20,17.92640495300293,18.274933135312313,17.503362445124093,18.111485018666237,75190000
2019-11-21,17.7869930267334,17.89515643998252,17.63075555905537,17.863909679981983,45329600
2019-11-22,17.835067749023438,17.957654312715103,17.53942006662568,17.921599225295445,41834000
2019-11-25,18.452804565429688,18.46482353875402,18.051395796591915,18.05620411945679,40039200
2019-11-26,18.56337547302246,18.630677327821733,18.411944465886087,18.486458805560716,41845200
2019-11-27,18.93834114074707,18.945551790696666,18.633076844737506,18.695572200696883,40778400
2019-11-29,18.685955047607422,18.885458229118928,18.652304129501566,18.798926772893154,26898000
2019-12-02,18.085046768188477,18.697977732561483,17.794205584596543,18.685958759205988,75907600
2019-12-03,17.678831100463867,17.698058890015027,17.09234042396471,17.378375111902876,78026000
2019-12-04,17.94083023071289,18.06822329340856,17.86872005032308,17.952849205390546,43829600
2019-12-05,18.034570693969727,18.130716980968593,17.77978459218494,18.1283128194882,44540400
2019-12-06,18.59221649169922,18.657116013177,18.397521594941576,18.43117251947159,46470800
2019-12-09,18.36387062072754,18.779700687225347,18.34464099709446,18.529721081508807,38964400
2019-12-10,18.323009490966797,18.575391430389658,18.19080811757538,18.375888206485477,56024000
2019-12-11,18.599428176879883,18.659519378860566,18.354256879687387,18.431173544869146,45298000
2019-12-12,19.02487564086914,19.22918536864337,18.464825176886276,18.5393376833616,91582000
2019-12-13,19.19553565979004,19.40224956233545,18.859024527704154,18.979206943889245,80498000
2019-12-16,19.7459659576416,19.846918719567643,19.556077571825874,19.570498871004556,49694000
2019-12-17,19.77240753173828,19.89980057311247,19.70991217478269,19.84692002752218,42274400
2019-12-18,19.818077087402344,20.01758031213688,19.791636812614012,19.866151147852896,35704000
2019-12-19,20.221885681152344,20.23390465214208,19.868551040406693,19.868551040406693,41692400
2019-12-20,20.46225357055664,20.55599569038301,20.334860527399663,20.486291516225172,49774000
2019-12-23,20.613685607910156,20.714638383037002,20.568015709422255,20.67617913508132,36213600
2019-12-24,20.64037322998047,20.695677928649967,20.498507606286253,20.66682306397446,19949200
2019-12-26,21.17658233642578,21.186200625106743,20.734152064107377,20.734152064107377,32129200
2019-12-27,21.114065170288086,21.414629823478617,20.955367987344037,21.402608338051632,49875200
2019-12-30,20.693273544311523,21.12608735545833,20.390305711009717,21.094829293625878,56452800
2019-12-31,20.81109619140625,20.86159083026206,20.404732215303508,20.51053155452575,42190000
2020-01-02,21.842634201049805,21.842634201049805,21.2126518445953,21.330472678248825,65536000
2020-01-03,21.248720169067383,21.64065583091805,20.977008538442913,20.989031858816094,72590000
2020-01-06,21.652677536010742,21.659890793896096,20.666824042990047,20.743768517935465,64047600
2020-01-07,21.626230239868164,21.828208822376023,21.438678174824805,21.67431985441731,53849600
2020-01-08,22.12396240234375,22.429335267575325,21.527641352972964,21.631035661894074,79582400
2020-01-09,22.681808471679688,22.809247574498386,22.29468110207903,22.657763669459317,72711600
2020-01-10,22.49666404724121,22.955927747933007,22.393269726397065,22.936691168589636,68802000
2020-01-13,23.282939910888672,23.294961395890137,22.67700056418432,22.77799167830237,58279200
2020-01-14,23.011228561401367,23.359884651423215,22.895812764670765,23.222827246242492,72868800
2020-01-15,23.025657653808594,23.355075342321925,22.79963244571834,23.03046588111855,66501600
2020-01-16,23.667665481567383,23.6820919993171,23.21080679631342,23.350269249564853,60550400
2020-01-17,24.021129608154297,24.078837513091564,23.626788894497412,23.975443189724135,72201200
2020-01-21,24.009103775024414,24.167802790123417,23.795101891876506,23.811933438826305,69441200
2020-01-22,24.1726131439209,24.59580872024806,24.088455401768073,24.340930462727737,68074400
2020-01-23,24.39622688293457,24.427484940466215,23.79750272197762,24.124517148849854,71794400
2020-01-24,23.763843536376953,24.817021392205742,23.446447344586016,24.74248194727409,119687200
2020-01-27,22.294687271118164,22.686622975812924,21.68393958631991,22.18167465146043,99313200
2020-01-28,23.33103370666504,23.484922684506795,22.59765694793509,22.758759184972345,85931200
2020-01-29,23.415191650390625,23.795105870205568,23.126650273152208,23.715756349389537,68938800
2020-01-30,23.6796875,23.708540533912146,22.75875692128046,22.987185334090267,100124800
2020-01-31,22.515899658203125,23.985059862719783,22.301897767090324,23.96822831514353,110192000
2020-02-03,23.54984474182129,23.722970293575532,22.826084468043618,22.86936585598218,86844000
2020-02-04,25.15846061706543,25.307541330931613,24.29042983653184,24.526073308836338,70124400
2020-02-05,25.44940757751465,26.10824657007797,24.980527486548898,26.103436508657285,87306000
2020-02-06,26.069774627685547,26.098629494047213,25.346016282831965,25.610512803727026,56566400
2020-02-07,25.733142852783203,26.163551661517378,25.516737767459684,25.72352639812529,77026000
2020-02-10,26.66128921508789,26.66850430852444,25.463840534796475,25.483077114958096,61624400
2020-02-11,26.68052101135254,27.380236354635077,26.468924171018426,27.09890646509312,96885200
2020-02-12,27.461990356445312,27.495653450038283,26.95463708722139,27.144594163639443,60804000
2020-02-13,27.35619354248047,27.675994795673198,26.781514032954284,26.880100126517938,77641200
2020-02-14,27.54134178161621,27.64954432791584,27.190282470764945,27.464397300258415,56984800
2020-02-18,27.58942985534668,27.755342129284475,27.072458290142784,27.151807798069648,65083600
2020-02-19,28.38772964477539,28.565665239473027,27.98858074114509,28.087164992990115,52813600
2020-02-20,27.579811096191406,28.36849426578928,26.543464787091672,28.204987025500834,113828800
2020-02-21,26.002450942993164,27.310508991918674,25.663414944496644,27.185473060153107,103553600
2020-02-24,23.006420135498047,23.944182189712837,22.513493386570747,23.150690797415475,134837200
2020-02-25,21.14532470703125,23.783080351885282,20.90487298858696,23.547436860629425,150396800
2020-02-26,21.436269760131836,22.537539003788396,20.955366352543912,21.467527821204722,167868000
2020-02-27,18.231048583984375,20.777433147546205,18.173340687228297,19.78917647240618,212558000
2020-02-28,18.51478385925293,18.618178180158676,16.230492344150296,16.44930430668385,247111200
2020-03-02,21.041929244995117,21.097232109894996,18.26711634562287,19.06060587243237,181759200
2020-03-03,19.06060791015625,22.001333387615894,18.485928419797194,21.248720129968127,274063200
2020-03-04,21.37375259399414,21.436270552953054,19.548724975259702,20.087336298018478,157913600
2020-03-05,19.498228073120117,20.861590648341803,19.017324658304958,19.77474790353902,193486000
2020-03-06,18.476308822631836,18.77447026882339,17.072071693475458,17.488053965863113,196759600
2020-03-09,14.722858428955078,16.627236492550832,14.667554644464044,14.794993760149882,203482400
2020-03-10,17.014366149902344,17.055242506656544,14.667556582967238,16.345910586034858,228126400
2020-03-11,14.826252937316895,16.165569854252865,14.186651402309568,15.816913761461588,215464000
2020-03-12,10.762618064880371,13.825973233625074,10.676056220342856,11.902359566338108,309112800
2020-03-13,13.667277336120605,13.780289950730396,10.834756049991046,12.561199666824853,278145200
2020-03-16,8.956827163696289,11.68595399969412,8.894310115942623,9.72867701591763,329145200
2020-03-17,10.41636848449707,10.853990543511681,8.596149029180673,9.468989033589164,381010400
2020-03-18,9.452157020568848,9.978745933601756,7.869984333466942,8.728396862085898,424499600
2020-03-19,9.67096996307373,10.59911389214305,8.656263254697333,9.341550395460606,402404400
2020-03-20,8.538440704345703,10.531785807188998,8.439855529707826,10.337020488923027,391127600
2020-03-23,8.564888954162598,9.1371642340742,7.7593761583220076,8.639429308387559,410036800
2020-03-24,10.474077224731445,10.51735860759298,9.649327754009624,9.913824278385206,414912000
2020-03-25,10.231219291687012,11.503208960087397,9.877755928849687,10.627964949632444,417437200
2020-03-26,11.897550582885742,12.0225855830192,10.500525807928735,10.538998962354865,324620000
2020-03-27,10.661629676818848,11.621032476983606,10.529381409613324,10.971812626678561,278571600
2020-03-30,11.782134056091309,11.873505964785014,10.820327194369568,10.959789629599461,208310800
2020-03-31,11.455120086669922,12.390477154604266,11.267568033798923,11.688358554548348,365952000
2020-04-01,10.034049034118652,10.993451692329321,9.767147508253638,10.483693442987862,267794800
2020-04-02,10.627965927124023,10.661629020276033,9.803216475897795,9.90661078615068,233765600
2020-04-03,10.19996166229248,10.81551840416194,9.824857560977954,10.54621273089116,277242000
2020-04-06,12.335171699523926,12.54917356009031,11.147340663225469,11.327679433444386,259308400
2020-04-07,12.311127662658691,13.535026896012221,12.263037137492939,13.441250876426762,329004800
2020-04-08,13.097405433654785,13.224844551264992,12.330363862641086,12.669400749901676,259090000
2020-04-09,13.145495414733887,13.638422186631612,12.808863548822645,13.4484651030296,276648800
2020-04-13,13.602354049682617,13.676894414860984,12.760773009719399,12.984393188003954,213480800
2020-04-14,15.367269515991211,15.485091263358846,14.280427622505107,14.439125722331587,245024800
2020-04-15,14.857512474060059,15.242234871462669,14.345350037251762,14.645914696863349,215844000
2020-04-16,15.65340805053711,15.886646533994542,14.895985612946955,15.343226000205261,281460000
2020-04-17,16.04534149169922,16.374759120822564,15.396120851837962,16.271364824539145,231782400
2020-04-20,15.525967597961426,16.232896246853148,15.499517761812346,15.675048325847062,193499200
2020-04-21,13.809144020080566,15.179719172992524,13.539838317998944,15.066706557428978,259744800
2020-04-22,15.030635833740234,15.307155664293118,14.501642810987628,14.674767416674648,137092800
2020-04-23,14.932051658630371,15.771227659770423,14.840680664144125,15.203762362946021,212434000
2020-04-24,15.65340805053711,15.725544306998595,14.718050920126219,15.03785217753695,158990800
2020-04-27,15.958783149719238,16.252132740830167,15.783252566778735,16.1535484782481,152370800
2020-04-28,15.095559120178223,16.406022132389808,15.054682766888419,16.403617101460675,193123600
2020-04-29,16.665708541870117,16.920588618888566,15.891453690636892,16.122288961955775,173052000
2020-04-30,16.776317596435547,16.944634920191064,16.338695489873196,16.930208402398197,190272400
2020-05-01,15.271087646484375,16.18480395792144,15.028231823801946,15.706305570311851,173122800
2020-05-04,15.809700965881348,15.85298234989042,14.924838541863382,15.037851146470464,100378000
2020-05-05,16.31464958190918,16.88452084481563,16.160760620824934,16.285796548269083,144357200
2020-05-06,16.636852264404297,17.103327274410002,16.444490187318976,16.721009985191355,155940400
2020-05-07,17.28607177734375,17.49286037666647,16.96867562120901,17.271645263042426,144744800
2020-05-08,17.983381271362305,18.0218525860166,17.437554933354985,17.685221703413795,131101200
2020-05-11,18.430625915527344,18.73119058527012,17.613089646926756,17.66598932232167,134692000
2020-05-12,17.334165573120117,18.78649434618344,17.319739055330153,18.627797146990098,169681600
2020-05-13,16.677730560302734,17.90162886954811,16.052556488402303,17.45438854733836,245559600
2020-05-14,17.230770111083984,17.23798336873486,15.896262410643846,16.360334276026542,201499600
2020-05-15,17.52652359008789,17.57701822499976,16.420446179659194,16.521435449482937,178903200
2020-05-18,18.541231155395508,18.803322633795155,18.08677757882111,18.274329615565982,148237200
2020-05-19,18.399362564086914,19.132740954478525,18.370509535285155,18.606151164836653,130715200
2020-05-20,19.476591110229492,19.599222012361647,19.046182271727485,19.046182271727485,142708000
2020-05-21,18.87786102294922,19.69780025926077,18.738398614825634,19.534293051167758,161346800
2020-05-22,19.048585891723633,19.11350705010129,18.526806090295967,18.776874269195964,104832400
2020-05-26,18.969236373901367,20.034437585404497,18.846605480908615,19.96951642705602,122601200
2020-05-27,19.23613739013672,19.245755678971907,17.644346360682537,18.78168379105482,173645600
2020-05-28,19.113506317138672,20.007986990713835,18.887482952434915,18.899504437487742,151996400
2020-05-29,19.902189254760742,20.034438442518766,18.832179770177262,19.245757046982924,179246400
2020-06-01,20.14745330810547,20.25565586693632,19.628076622914133,19.731470953697517,104940800
2020-06-02,20.54900360107422,20.570645209635735,19.630478111652497,20.255652211580717,125357200
2020-06-03,20.82792854309082,21.037120364368317,20.488890739018835,20.714915941733494,107516800
2020-06-04,20.40472984313965,21.130893114241978,20.044052320813822,20.734149307284166,133204400
2020-06-05,21.614208221435547,21.76809719866749,20.558625158312697,20.65480622770799,140697200
2020-06-08,22.095109939575195,22.140796356590577,21.135708023760305,21.542070211340395,109272400
2020-06-09,22.588035583496094,22.838105597082187,21.818588964500172,21.85465709007048,106589600
2020-06-10,23.403165817260742,23.857619410996843,22.93428387319107,23.073746307909293,151455600
2020-06-11,19.957490921020508,22.65295423370739,19.914209542028622,22.261018626642603,191666000
2020-06-12,20.39030647277832,21.556496941185223,19.339531801988453,21.229482457101913,205938400
2020-06-15,21.1092586517334,21.32326055536763,19.25056587876843,19.495827682945524,199092400
2020-06-16,22.22495460510254,22.63131863646415,21.23429276681024,22.455788057476227,191608800
2020-06-17,22.441360473632812,22.953521999765936,22.217740290630804,22.64333904692437,129429200
2020-06-18,22.614482879638672,22.68902231881009,22.1311744540897,22.347581348701244,106392800
2020-06-19,22.58322525024414,23.379121696125168,22.111940096093086,23.31660373485482,144975200
2020-06-22,23.386335372924805,23.45606659357066,22.484641400868032,22.58082245812097,110066800
2020-06-23,23.997079849243164,24.675153554475845,23.722965064223626,23.89368554720942,117449200
2020-06-24,22.58322525024414,24.158184760374787,22.085490259959517,23.78067563087873,196410800
2020-06-25,23.181949615478516,23.256489056524778,21.818587062384413,22.58082035671599,150851600
2020-06-26,21.5156192779541,23.15549982561426,21.376156849374276,23.088171807523338,187970400
2020-06-29,22.203310012817383,22.224951620650064,20.746173237784163,21.450696821209654,129804800
2020-06-30,23.480112075805664,23.679687454318312,22.152817483373322,22.198503899647605,125694400
2020-07-01,24.319284439086914,24.63908563573628,23.381522455765907,23.53060316802748,126068800
2020-07-02,24.836259841918945,25.456625756341822,24.704010654328396,25.076711576082744,114076000
2020-07-06,26.66128921508789,26.829606539750184,25.798068318474296,25.80047334961981,105992000
2020-07-07,26.13709831237793,27.449966171376502,26.026490753665758,26.581935412319257,123049600
2020-07-08,27.142189025878906,27.1566173762912,26.086606140012712,26.55308305582182,119965600
2020-07-09,27.82026481628418,28.05350329116635,26.416027574005536,27.750535427969947,158798000
2020-07-10,28.40936851501465,28.481502923788813,26.904140370315922,27.75293457161461,121394800
2020-07-13,26.65407371520996,30.284894445647257,26.375150664321957,29.347134172876196,187292400
2020-07-14,27.219133377075195,27.344169296071154,24.860302642316135,25.870199110509354,229875600
2020-07-15,27.353788375854492,27.945299391131012,26.303013691543565,27.618284902839775,183772000
2020-07-16,26.7670841217041,27.017154118729657,25.725927783429672,26.459306228288323,149986000
2020-07-17,26.892120361328125,27.180663535439603,26.20923833481637,26.96906667535873,115501600
2020-07-20,29.181224822998047,29.390418508042167,26.711784298108412,27.122958409143628,125810800
2020-07-21,28.24827003479004,29.736664995355355,27.988581726227356,29.7174284166838,147156800
2020-07-22,28.575281143188477,28.885464077992317,27.80824141407765,28.414178933217023,113894400
2020-07-23,26.3366756439209,28.67146154039315,25.865390509935345,28.447841375514706,168324400
2020-07-24,25.557613372802734,26.007258746700185,24.28802859297584,25.12960960750514,178609200
2020-07-27,26.930593490600586,27.06284267457808,25.84375248905326,26.11065221894231,133812000
2020-07-28,25.918289184570312,26.86085941634285,25.817299909987735,26.709375504468984,119351200
2020-07-29,26.800748825073242,27.077268673419674,26.24530593199118,26.37515008254953,97140400
2020-07-30,27.2359676361084,27.40428495390368,25.814898814293404,26.185194712041607,151100000
2020-07-31,28.70512580871582,28.733980675672438,27.142189621336147,28.690699292488034,179907600
2020-08-03,29.775136947631836,30.08772308313857,29.34953637562893,29.395222789499567,108934000
2020-08-04,30.162263870239258,30.205545252539704,29.416862082342558,29.652505571422996,105504000
2020-08-05,30.402713775634766,30.55419768741323,30.03482296524357,30.332982561942835,81190800
2020-08-06,31.56650161743164,31.72279376837223,30.109364776224197,30.323366661005455,96032000
2020-08-07,30.534963607788086,31.696347697724878,29.741474027326582,31.40780269664606,148354000
2020-08-10,30.12379264831543,30.684045623353658,28.895084152794325,30.602291080650108,127155600
2020-08-11,28.4141788482666,30.16466704777023,28.2266268032485,29.710213451149134,155136800
2020-08-12,30.539775848388672,30.864385328759386,29.118705191997506,29.118705191997506,110623600
2020-08-13,30.753774642944336,31.54245413826505,30.42435513375009,30.797056024922405,117140800
2020-08-14,30.66480827331543,31.063959018385845,30.155051789106373,30.936519897333582,99868800
2020-08-17,31.67711067199707,31.82618956317918,31.17697065793206,31.22746346410572,63332400
2020-08-18,32.6076545715332,32.79760979660591,31.56890148591552,32.08346796749418,74656800
2020-08-19,31.970460891723633,32.99238065653103,31.809355017726432,32.60284639243609,102923600
2020-08-20,33.285736083984375,33.46848177363484,31.54005759007808,31.6795200541261,76387200
2020-08-21,33.98063659667969,34.14654519060645,33.131838705421586,33.341034182984615,82140000
2020-08-24,34.61062240600586,35.48105648956483,33.76904135580175,35.15644885731599,125692000
2020-08-25,35.41853332519531,35.454599609724454,34.16097206159247,34.34371401820923,86278400
2020-08-26,37.68598937988281,37.76293567574667,35.84653556377822,35.89222196832222,109831600
2020-08-27,37.34455871582031,38.441018050362864,36.447674763425105,38.130836923749776,151301200
2020-08-28,37.9216423034668,38.166900415719034,37.306082819475314,37.820649352536975,99072800
2020-08-31,38.79928207397461,39.56391663244086,37.94808476653092,38.121206595484445,90199200
2020-09-01,40.814273834228516,40.86957669920256,39.18160469836971,39.895746557606614,96573600
2020-09-02,41.966041564941406,42.24015639966671,39.595187280070775,42.19446998237876,144684800
2020-09-03,35.521934509277344,40.25161979298598,34.34131925477123,40.09051756752795,221512400
2020-09-04,34.057579040527344,36.13989166750058,29.782348057925134,34.95686972991117,280740400
2020-09-08,29.243738174438477,32.21331648126072,29.109083966873786,30.044440989407658,213412400
2020-09-09,31.756460189819336,32.509071573006715,30.217566991646173,31.02548491171152,145176000
2020-09-10,29.919404983520508,33.27611048182098,29.272589326093037,32.82646697871788,232968400
2020-09-11,29.265378952026367,30.823506922427924,28.087165143801567,30.537368785351614,192898800
2020-09-14,30.773014068603516,31.45349108921172,30.07570366530598,30.53737055946805,134516400
2020-09-15,32.08106994628906,32.56197341483305,31.489560734621243,32.05943017076513,150444800
2020-09-16,30.539775848388672,32.53793104460621,30.4387847239057,32.3479721163767,153070800
2020-09-17,29.13313102722168,29.80639473677735,27.904422601743878,28.18334564062381,223422400
2020-09-18,28.0078182220459,29.683765233448312,26.632434037617152,29.54189959379275,231521200
2020-09-21,28.339641571044922,28.361281346586402,25.992832128986333,26.745447231948887,187657200
2020-09-22,29.888151168823242,30.087724713146777,28.003008626704222,29.14274932834566,157533200
2020-09-23,27.12055015563965,29.852081885583303,26.860861853577855,29.77994563462134,202753600
2020-09-24,27.51729393005371,28.54402191153694,26.250112407122554,26.375148322055516,187518000
2020-09-25,29.445716857910156,29.710213378041274,27.183067169155485,27.668778827250737,162239200
2020-09-28,31.19139862060547,31.258724811294233,30.193523577037006,31.088002469117725,136665600
2020-09-29,30.864383697509766,31.46070295069601,30.66480832464052,31.1336884565612,110902800
2020-09-30,31.475126266479492,32.58601562260355,30.837930724948716,30.919683422918364,169384000
2020-10-01,32.949092864990234,33.19916466264241,32.16762491807964,32.838487148683676,139338000
2020-10-02,30.23199462890625,32.13156352512828,29.895361864404716,30.80667224069319,199776800
2020-10-05,32.13877868652344,32.24457803336196,30.837933963899026,30.890833637318284,105395200
2020-10-06,30.412334442138672,32.48983532778171,30.092533213318774,31.83340315757355,172824400
2020-10-07,32.0113410949707,32.24698277119148,31.109647076317227,31.299602335219188,112544400
2020-10-08,32.482627868652344,32.84811557669562,32.10992690122029,32.80964241395365,98946800
2020-10-09,33.92774200439453,33.99747139468033,32.93227194688584,33.07173072745744,97635600
2020-10-12,37.09208297729492,38.16690251632701,35.312741622348156,35.68303567646329,147058400
2020-10-13,37.096893310546875,38.07072356921428,36.584729941906495,37.799011935108936,141930800
2020-10-14,36.18076705932617,37.79900594915778,35.502691514198084,37.42871195097556,148294800
2020-10-15,35.432960510253906,35.6806254527164,34.129712815557596,34.389401076091396,124538400
2020-10-16,34.889549255371094,36.6135878063955,34.74527674247266,36.08459470743862,114048400
2020-10-19,33.15589141845703,35.94993955895904,32.78800053716555,35.596475195521734,138777600
2020-10-20,33.3698844909668,34.48077009959512,32.84329471472042,33.41797409408029,137355200
2020-10-21,33.28333282470703,34.38700554396064,33.11501732324179,33.44443506675253,121286400
2020-10-22,33.30016326904297,33.903695824221934,32.09309448968261,33.59110782395699,119581600
2020-10-23,33.49492263793945,33.52617886410609,32.43452975739874,33.521372471773866,95544000
2020-10-26,31.96805763244629,33.65843304644558,30.655191371355084,32.64613329046711,158556800
2020-10-27,32.72307586669922,32.98997744037869,31.864665077191066,32.28545561512703,111930000
2020-10-28,28.883060455322266,31.31643245377465,28.80611598046414,31.1192602877934,184720000
2020-10-29,30.352218627929688,31.3693301170539,29.152363334772346,29.320680623974212,138187200
2020-10-30,28.241056442260742,29.99154666984649,27.303296113466317,29.70781354012117,230811200
2020-11-02,28.25067710876465,29.356754851177126,27.317724929156125,28.80371689722157,151136000
2020-11-03,29.671743392944336,30.395503602782863,28.517574372879622,28.849398929261298,134969200
2020-11-04,33.68247604370117,34.298031835478376,32.057023801726864,32.60284654282507,169187600
2020-11-05,36.281761169433594,36.680911919335244,35.48826973152129,35.98600657067615,150132400
2020-11-06,36.404388427734375,36.68572016489435,34.639473708349286,36.03649759483537,135151200
2020-11-09,34.182621002197266,38.08274860560032,34.01911190746516,37.43352595790244,165865600
2020-11-10,32.338356018066406,33.48290498615999,31.34288595554318,32.97555166510332,168666800
2020-11-11,34.51203155517578,34.67073055473667,33.057298063871016,33.19916735263092,126830800
2020-11-12,34.007083892822266,35.32716511354382,33.59591351963162,34.82943197720747,143343600
2020-11-13,34.89916229248047,35.125187495015396,33.82193962042253,34.57214780840905,104747600
2020-11-16,35.7022705078125,35.829709626426094,34.56253169840022,34.805386615776634,106874400
2020-11-17,35.37285232543945,35.91386869007835,35.13721066949508,35.779216315253,91352000
2020-11-18,34.552913665771484,35.76719566413589,34.552913665771484,35.16846952175759,77170800
2020-11-19,35.408912658691406,35.51230878775372,34.13452170491034,34.362950064418186,79670800
2020-11-20,34.689971923828125,35.6517788385438,34.65390196312496,35.35842743603534,64996800
2020-11-23,34.69718551635742,35.524340058020066,33.845984333994394,35.06267317479022,89530400
2020-11-24,36.1158447265625,36.315420078507834,34.401426594770086,35.0626687719738,78007600
2020-11-25,36.79633331298828,37.03197501542232,36.17596731886366,36.48134208780546,64338800
2020-11-27,37.80141830444336,38.24865867156827,37.39745748784558,37.520086550008024,46463600
2020-11-30,37.99618148803711,38.17892347279152,36.20722011990748,37.9240452388702,92311200
2020-12-01,39.489383697509766,40.1434126487145,38.496320620285026,38.9026809322524,84994800
2020-12-02,39.64808654785156,39.78033573627047,38.27510552281535,39.00367765737731,73064800
2020-12-03,39.80918502807617,40.44157420751895,39.518240509908075,39.74426203822795,78730800
2020-12-04,40.29730224609375,40.357415175156724,39.55671051975769,39.81880567891378,63544000
2020-12-07,40.98019027709961,41.12205959903067,40.29971504857745,40.37184763887834,62014000
2020-12-08,41.355289459228516,41.52119805129159,40.061658131159184,40.792629689312484,66962800
2020-12-09,38.585289001464844,41.42021325403644,38.140451838034856,41.31922396877712,122439200
2020-12-10,39.05897903442383,39.49900613413965,37.33253373050592,37.76053751009793,86673200
2020-12-11,38.78485870361328,38.84016156552442,37.48641736373126,38.38811120989864,84909600
2020-12-14,39.612022399902344,40.40791710102325,39.23451139333907,39.24893791122002,73342400
2020-12-15,40.84313201904297,40.87919831183791,39.65529985629862,40.535354090518396,78708800
2020-12-16,41.52841567993164,41.898709692118096,40.63152817654815,41.061938784124,68795200
2020-12-17,42.37961196899414,42.483004438492685,41.74000956878819,42.23533948192452,69637600
2020-12-18,41.917945861816406,42.77876339960766,41.00422865579762,42.69460383588155,84378000
2020-12-21,41.76165008544922,41.987675273685824,39.59758475484621,40.77339710671559,101798400
2020-12-22,42.0910758972168,42.49022664793598,40.92007348201059,42.1511888294696,80165200
2020-12-23,41.4562873840332,42.26179855068824,41.40098083946987,42.08867299597379,59717200
2020-12-24,41.994895935058594,42.18485486887605,41.53082582680026,41.57651224554123,38532800
2020-12-28,43.254859924316406,43.46405174741088,42.32671613491718,43.07933119538658,58526400
2020-12-29,43.382301330566406,44.0988464692868,42.9951738927573,43.84637508423927,60571200
2020-12-30,43.375091552734375,44.00267077447469,43.1057867636053,43.870421576597884,52403600
2020-12-31,43.7141227722168,43.877628178236215,42.879755022847874,43.34623193967108,53354000
2021-01-04,41.802528381347656,44.33688761640247,40.11455646570678,44.26234817845993,98736000
2021-01-05,42.85089874267578,42.93505463562921,41.42501826473198,41.42501826473198,59356400
2021-01-06,41.078765869140625,42.88215354546208,40.44878361495952,40.852740693334745,105365200
2021-01-07,44.04594421386719,44.3994085350281,42.163210479033175,42.16801687174136,61847600
2021-01-08,45.753150939941406,45.89742343308388,44.09884200631583,45.039009069989774,76407600
2021-01-11,43.730960845947266,44.95005304222304,43.476082564888344,44.43788961431988,70162800
2021-01-12,43.54099655151367,44.245518308207586,42.4156806288294,43.7910647182202,73015600
2021-01-13,44.38739013671875,44.76970750092474,43.40153659141808,43.65882169964614,54375200
2021-01-14,43.71171188354492,45.04621952043881,43.512140206038,44.60378928357721,59118000
2021-01-15,42.648921966552734,44.03392627271183,42.0982891219181,43.6203490056229,70846000
2021-01-19,44.49799346923828,44.740852047794235,43.18512916946848,43.62996263760213,60483600
2021-01-20,47.599822998046875,48.035040014080266,45.940703967248666,46.096999783013345,60868000
2021-01-21,48.78284454345703,49.11947547292411,47.60943901388273,48.210568294361046,46084200
2021-01-22,48.34041213989258,48.8213155795489,48.0326342320327,48.28751613701229,40939400
2021-01-25,49.6821403503418,50.528531553666625,46.55146114782668,49.89854913083531,76585200
2021-01-26,49.73503494262695,50.292884717235715,49.13871567966763,49.879307448198794,45484400
2021-01-27,45.72430419921875,48.715524460660205,44.72402407062694,48.6962878809947,94450400
2021-01-28,46.39756774902344,48.57124978856662,45.85414448738595,46.113832797822916,45010800
2021-01-29,43.50733947753906,46.12826203948619,42.680184884843115,45.63774209235387,92139200
2021-02-01,46.70535659790039,47.14297694395333,44.11809301219125,44.988530979224954,52829800
2021-02-02,48.9655876159668,49.51381723847009,47.974927713724355,48.0374438394477,46373200
2021-02-03,48.40293502807617,50.12457033261593,48.40293502807617,49.98029782389943,47586000
2021-02-04,50.114952087402344,50.15823530924093,48.451026457768215,49.071392398103306,36404400
2021-02-05,50.63913345336914,51.115226829333565,49.80716889185364,50.591040174401336,43307600
2021-02-08,51.629791259765625,51.72116408328352,50.66317436208226,51.437429158728854,38497400
2021-02-09,51.60574722290039,52.21168658756322,51.206600154203834,51.206600154203834,32884400
2021-02-10,51.24026107788086,52.51465221088431,49.75426759613063,52.31267365421983,61774000
2021-02-11,52.067413330078125,52.293438531729024,50.9565275685196,52.01451732767242,49430000
2021-02-12,52.952274322509766,53.04364714372056,51.1873597032392,51.73558929250035,38735800
2021-02-16,52.50984573364258,53.79385698765516,51.976042642603296,53.36104317478521,44331800
2021-02-17,51.77886962890625,51.90871560513693,50.018765044127726,51.086371208682806,52993400
2021-02-18,51.081565856933594,51.4374333882622,49.186805059774564,50.042812627322895,55101000
2021-02-19,50.40829849243164,51.78368262594502,49.94663162977711,51.76444604804249,46688600
2021-02-22,46.50336456298828,48.95597522058938,46.40718533559317,48.35003581479362,66367400
2021-02-23,46.08978271484375,46.820757979036884,41.559673309891,44.13731597393673,99637400
2021-02-24,47.20067596435547,47.354564926854444,43.71412583270469,44.839438183040535,61521000
2021-02-25,42.27141571044922,47.16220311558284,41.574103478147485,45.98399108269696,118896000
2021-02-26,42.90620803833008,44.80096887793515,41.47792415012035,43.468864215805944,104659200
2021-03-01,46.64763259887695,46.79671148774118,44.33448828016792,44.89714441136709,66853600
2021-03-02,44.41143035888672,46.97945654435245,44.29120450319455,46.90732029713676,75846600
2021-03-03,40.55939483642578,44.33929621195588,40.51611528744745,43.940149140592375,115771200
2021-03-04,38.55403518676758,41.66548161833357,36.97186213002835,40.381470071555256,216018600
2021-03-05,40.28046798706055,40.62190894531683,36.08217988083581,39.57353943403631,168328200
2021-03-08,36.83720397949219,40.804657489735845,36.67850495852191,40.04963921091017,117865800
2021-03-09,41.174957275390625,41.910739012695736,39.40042226024132,39.66011057970237,86714600
2021-03-10,40.82389450073242,43.04085974891751,40.54496961286046,42.92544394562652,101685600
2021-03-11,43.65642166137695,44.3681604967963,42.386836641658334,42.81003042523029,79467800
2021-03-12,42.56957244873047,42.64170870116471,40.910456987754024,41.920353514826736,83295000
2021-03-15,43.93052673339844,44.00747304180728,42.021339566776525,42.709031604922416,63350800
2021-03-16,44.651885986328125,46.161922572734746,44.050756655147076,44.887527656830464,84385200
2021-03-17,45.21453094482422,46.036878894628224,42.61284575267099,43.33901083194169,98185400
2021-03-18,41.0643424987793,43.52175925404731,40.8527438211431,43.09375550628457,114126800
2021-03-19,41.58853530883789,42.10310189488411,40.10735168337688,40.99702240349385,96643200
2021-03-22,43.80549621582031,44.661507491864604,42.45896867372151,42.45896867372151,70550600
2021-03-23,43.233219146728516,44.834628451260635,42.882158028013485,44.26716225636646,93890400
2021-03-24,41.0499267578125,43.819932195094914,40.9970270745187,43.80550200683063,95241800
2021-03-25,40.828697204589844,41.444252936543826,39.265761238393544,40.30932067987808,119937200
2021-03-26,42.63209533691406,42.785984307728654,40.16986813487812,40.74214446493979,107530200
2021-03-29,42.6080436706543,43.06009407430817,41.223043096632395,42.4349181402763,95294600
2021-03-30,42.00210952758789,42.218518301921826,40.8575605293639,41.81455745789998,74174800
2021-03-31,43.887245178222656,44.53165397114749,42.56476083223338,42.69941319678474,80984400
2021-04-01,46.11863327026367,46.18114938664671,45.40689467828085,45.5126940052379,72543600
2021-04-05,48.88864517211914,49.234892564836926,47.114110315306014,47.22952611287861,65269800
2021-04-06,48.773231506347656,49.6677122991742,48.43179046570994,48.744378470773405,60303400
2021-04-07,49.133907318115234,49.523441629038864,48.1384372684257,48.585677648373306,49493600
2021-04-08,50.66798400878906,50.754546770096866,50.06204467963446,50.45638533248069,56809600
2021-04-09,51.586509704589844,51.67788253104861,49.686942609592954,50.023573545490464,64719200
2021-04-12,51.38452911376953,51.572081151934476,50.48524207667144,51.12003443715322,54816000
2021-04-13,53.1446418762207,53.38028354201348,51.99528291149392,52.12031516819904,57511000
2021-04-14,51.27873229980469,53.34661855188244,50.86034865668812,53.27929236404755,80613800
2021-04-15,53.54378890991211,53.750577542288724,52.53389238837602,52.596412185677295,60399000
2021-04-16,53.76980972290039,53.85637248446645,52.851286107006814,53.81790299966078,58744000
2021-04-19,52.30305862426758,53.55821688329006,51.33644169247971,52.97151410547853,79584000
2021-04-20,51.158504486083984,52.572361714614296,50.201507707841635,51.96161598572646,79141800
2021-04-21,52.4521369934082,52.52908330337328,50.02357320291522,50.49486017894627,55528600
2021-04-22,50.54294967651367,52.72144162380944,49.98510360650732,52.25977477204495,87424200
2021-04-23,52.447322845458984,53.05326214771638,50.84110727460418,50.84110727460418,53843000
2021-04-26,53.48607635498047,53.60630220412617,52.20206516666478,52.567549106386465,49988400
2021-04-27,52.783958435058594,53.70248202507106,52.307861425359256,53.60630281226409,59656400
2021-04-28,52.24053955078125,53.09174069722736,51.92314518714185,52.606027193792094,59475000
2021-04-29,52.76472854614258,53.97179726556443,51.25469196587875,53.793861663417864,74062200
2021-04-30,51.77406311035156,52.80319611877599,51.30758621355133,51.596127527025146,59220200
2021-05-03,50.92767333984375,52.65411487103344,50.70164814350372,52.30305742612391,67111000
2021-05-04,48.244232177734375,49.864878065297056,46.383134574040845,49.749458599872796,105617000
2021-05-05,47.68156814575195,49.460909082833396,47.32089063128938,49.07137854129427,68214600
2021-05-06,48.725135803222656,48.80208211381064,46.54664383347832,47.54692385710991,84831600
2021-05-07,49.91777801513672,51.01423725977637,49.42244439517923,49.99953071851728,79353400
2021-05-10,46.16673278808594,49.36955163638049,46.05131698343636,49.287795258626524,92107400
2021-05-11,45.93589782714844,46.28214891249164,43.281312287854384,43.56504357395365,114403400
2021-05-12,42.439727783203125,44.79615532876211,41.99248744563989,43.7718286726323,118079000
2021-05-13,43.33420944213867,44.56532107929386,42.353165980404846,43.5698511013437,104301000
2021-05-14,46.152305603027344,46.59473590528132,44.44509685391396,44.66631200504095,72131600
2021-05-17,45.37323760986328,45.762771880707966,44.113272979112,45.45018391931477,69271200
2021-05-18,44.42105484008789,46.30138549970974,44.334492068736864,45.78681893362373,65842000
2021-05-19,44.584556579589844,44.71920895302373,41.99729744560475,42.151186396529475,95944800
2021-05-20,47.16219711303711,47.54211124593729,45.12316768882769,45.23858347951831,69613200
2021-05-21,46.38313674926758,48.05668238638336,46.219631335751664,47.86913033252584,64066600
2021-05-24,48.705902099609375,49.21565859582732,47.23433867829961,47.3930377015003,46090800
2021-05-25,48.9415397644043,49.74465126958487,48.3933101554798,49.41282673349828,53364400
2021-05-26,49.43687438964844,49.64846940528835,48.9174978013466,49.225275705006496,39017400
2021-05-27,48.85978698730469,49.60999882125085,48.782844347593404,49.23008467723368,41608400
2021-05-28,49.335880279541016,50.06204547375306,49.19642151594581,49.4272531037603,40928600
2021-06-01,48.854976654052734,50.158228150370846,48.22980440974342,49.94181941006992,51931800
2021-06-02,49.10986328125,49.5186304936535,48.34522486223436,49.028106903567476,41589400
2021-06-03,47.566162109375,48.41254954162861,46.83037674723091,47.84508332257108,60516000
2021-06-04,50.004337310791016,50.20150579755845,48.34521837393424,48.39330798029202,45587600
2021-06-07,50.44676971435547,50.4804328071439,49.44167965424033,49.73984109679642,31096600
2021-06-08,50.50447463989258,51.65864356080215,49.73983997705363,51.25468645643482,46472200
2021-06-09,50.56219482421875,51.51438538981752,50.46120552724659,51.148897694344974,38901800
2021-06-10,52.110694885253906,52.17802107053444,50.4948591005172,50.701647717879396,58603400
2021-06-11,52.52427673339844,52.53389318828234,51.82215811880155,52.13955249600184,34169400
2021-06-14,53.99584197998047,54.039125200927536,52.17802741825581,52.72625709023619,45411600
2021-06-15,52.99555969238281,54.02469280069898,52.63969216018993,53.87080384064242,45054000
2021-06-16,52.428096771240234,53.70249175125099,50.74493455926441,53.19754528905971,78889000
2021-06-17,54.38536834716797,54.86146539513832,51.90390850105868,51.91833501723922,72161800
2021-06-18,53.0869255065918,54.14010511623939,52.74548453625438,53.57744902437358,71447200
2021-06-21,54.05836486816406,54.24591694197547,52.125130719489064,53.20235354556017,53854200
2021-06-22,55.56839370727539,55.808845426183545,53.84675851933251,54.01026392706907,51789400
2021-06-23,55.66457748413086,56.24647025124408,55.270236779599486,55.578014711477515,46998400
2021-06-24,56.68889236450195,57.463147144223335,56.357071508194096,56.62156618096112,46836200
2021-06-25,56.51095962524414,57.10727881459819,56.19356161976426,56.98224290313625,43496600
2021-06-28,58.51152038574219,58.61250966738126,57.10247316648875,57.11689968257975,44393800
2021-06-29,59.17035675048828,59.189593327410314,58.03061433362034,58.45861808038047,37280000
2021-06-30,58.91067886352539,59.2954031318678,58.5980908541225,59.098230935366615,40273400
2021-07-01,58.93952560424805,59.21845048555457,58.02100192346558,58.70869400309945,41917400
2021-07-02,60.940086364746094,61.14687499702081,59.81477037290164,59.9398062984404,46751000
2021-07-06,61.75761413574219,61.92111953164938,59.872473676449744,61.29113724776892,54799800
2021-07-07,62.15196990966797,63.10415676860298,61.12283306193647,62.950264129014926,57637800
2021-07-08,61.074729919433594,61.48830712421918,58.78562877859735,59.48294088852731,76262200
2021-07-09,62.10867691040039,62.42126855206968,60.41589840043674,60.72848637310392,46437800
2021-07-12,62.887733459472656,63.13779791940429,62.06538549799725,62.902159973007066,43563000
2021-07-13,62.85408020019531,64.47472983594858,62.42607641808934,62.70019491011448,59725000
2021-07-14,63.195518493652344,64.47952971016107,62.78194126999007,64.13327866997854,68021400
2021-07-15,61.88747787475586,63.277288814936384,60.81506136380198,63.195536093514676,68596400
2021-07-16,60.3678092956543,62.858892974336605,60.19468376069567,62.35394288587357,63701400
2021-07-19,58.9202880859375,59.15112335240537,57.549714010352915,58.57884708247622,101143200
2021-07-20,60.86313247680664,61.699907025508615,58.453809110341986,59.362716233068504,60772400
2021-07-21,62.25294876098633,62.32027494898028,60.593833362703606,60.742912254832774,40881600
2021-07-22,63.56100845336914,63.575434969907654,62.44050252818385,62.445316259032914,47478800
2021-07-23,65.67216491699219,65.93666324568021,63.618705413545754,64.29678094581777,51949200
2021-07-26,65.94629669189453,66.15789539759669,64.94120283980925,65.41249353451127,42988800
2021-07-27,63.791839599609375,65.80201983297817,61.47388879028461,65.80201983297817,89391000
2021-07-28,64.48914337158203,65.33553064166854,63.12818598516815,64.37372392375086,71970200
2021-07-29,64.80654907226562,65.46057808596218,64.18618682376153,64.19099321678705,44319200
2021-07-30,63.83513259887695,64.12848402448913,62.64730037861166,62.68577353879088,56559400
2021-08-02,63.81589126586914,65.0133435903417,63.48888041690756,64.7007519209468,54560000
2021-08-03,64.92678833007812,65.01816118243948,62.44533148629555,64.17177354110342,63417800
2021-08-04,65.24897003173828,65.76834658622485,64.3448766262278,64.96523878580689,48428400
2021-08-05,66.47527313232422,66.59549897907776,65.30668142412145,65.672165356571,38670200
2021-08-06,65.60965728759766,66.33101249697067,64.99891516035852,65.78278283136737,43153000
2021-08-09,65.9607162475586,66.25887402612224,65.2489738874975,65.84049039000821,34210800
2021-08-10,64.974853515625,66.41756360123165,64.30639813614737,66.25405821931693,53081200
2021-08-11,64.62380981445312,65.90782118225543,63.88321437090889,65.64332280956106,46594000
2021-08-12,65.29707336425781,65.49905194355544,63.59467828846084,64.34969292978735,39745400
2021-08-13,65.95111083984375,66.17713608951131,65.22494913989402,65.48944021511697,36644800
2021-08-16,66.06652069091797,66.09055999388116,63.23880595481497,65.37401852387197,61229200
2021-08-17,64.33045959472656,65.09028796211776,62.9839284036283,64.54205829678546,83197600
2021-08-18,62.45973205566406,64.78730260578689,62.28179281888806,64.00824149439941,65042400
2021-08-19,63.34941482543945,64.248709343604,61.291148470653795,61.43061092334754,81623800
2021-08-20,65.30667877197266,65.53270394173053,63.75816934163287,63.9361012394411,62541200
2021-08-23,68.21615600585938,68.624919527696,65.88377138301097,65.89819789919319,48266200
2021-08-24,68.88941955566406,69.22124411189769,68.32195700407938,68.58164163965108,36343400
2021-08-25,68.96636962890625,69.44245937640936,68.59126550262907,69.0048427877558,38063600
2021-08-26,67.79776000976562,69.01444503786897,67.53807539968186,68.61048793862594,53502400
2021-08-27,69.77909851074219,70.01955025290462,67.87471748409354,68.13921586807318,46160000
2021-08-30,72.09223175048828,72.38558312327942,70.18785102354843,70.21189766158122,45635200
2021-08-31,71.89026641845703,72.27979707700175,71.02463865613267,72.24132391667565,45898000
2021-09-01,72.28459167480469,73.49166395179843,72.16917955066454,72.53466350711471,47784000
2021-09-02,72.18360900878906,73.26082801403095,71.46225385149138,73.07327596665372,47519200
2021-09-03,72.83280944824219,73.0684547267588,71.49109235702144,71.51032526191952,46600600
2021-09-07,73.13098907470703,73.52051968399914,72.21246175032434,72.88091723320929,45185400
2021-09-08,72.38077545166016,73.0251916500641,71.0342516651547,73.00595140282586,63423000
2021-09-09,71.60652923583984,73.14542632818713,71.45745032279493,72.4865835339492,55286800
2021-09-10,69.9955062866211,73.02519982127691,69.78390757134915,72.61642890877383,69217800
2021-09-13,69.83679962158203,71.54881473012749,68.65377390542747,71.31316939785975,77774600
2021-09-14,69.23565673828125,71.10637049927477,68.68262081417888,70.66874668427043,59629200
2021-09-15,70.7697525024414,70.96211094462846,68.17286950489078,69.48574118893201,55892600
2021-09-16,70.90921783447266,71.23623602205893,68.88461825937608,69.99550414252005,52615400
2021-09-17,68.40370178222656,70.65913254862673,67.7881460215454,70.64470603376729,77325200
2021-09-20,64.19580841064453,66.10499581993963,61.55564565456019,65.1239486080374,121913600
2021-09-21,64.27755737304688,65.76354728363651,63.76298715542276,65.10471190032747,71700600
2021-09-22,66.15788269042969,66.95617673860487,64.25350204289579,64.85463127863203,87669400
2021-09-23,67.99494934082031,68.56241931804098,66.44643939793734,66.80231064934709,69369600
2021-09-24,68.18730163574219,68.40852046667639,66.50895317615172,66.71093175848046,54775200
2021-09-27,66.54261779785156,67.03794783703353,65.11433375461644,66.46567881143896,78355400
2021-09-28,60.99298858642578,64.388165944265,60.62750091827522,64.02748833818285,148823000
2021-09-29,60.589027404785156,62.65691013280717,60.25720650405507,61.53640783158462,97530600
2021-09-30,59.9061393737793,62.29622630881277,59.67049772336793,61.449838924355056,117312000
2021-10-01,60.99778747558594,61.56044359129596,58.11236698189119,60.23315280587774,104354000
2021-10-04,57.24674606323242,60.348571790423605,56.010824366486226,60.16101974193309,128618000
2021-10-05,59.449283599853516,60.593832447464905,57.573759480774434,57.69398533880512,81306400
2021-10-06,60.62268829345703,60.747724218933755,57.3525470046215,57.83345045906809,117495400
2021-10-07,62.262569427490234,63.64275996240675,61.90669823755868,62.190436846154746,75407600
2021-10-08,61.30557632446289,62.959881775907405,61.06031452602401,62.8396559077122,78566000
2021-10-11,59.94461441040039,62.36836818345291,59.89171473858559,60.52650713136111,68107600
2021-10-12,59.3338623046875,60.89199201839603,58.96356828773324,60.675583279213335,87201800
2021-10-13,60.72367858886719,61.05069309009148,59.439667224693274,60.48803691958861,70460600
2021-10-14,64.07557678222656,64.17656239502107,62.22890200165315,62.57034667168228,60875000
2021-10-15,65.26342010498047,65.33074630444291,64.16214693190973,64.72961690281205,51429000
2021-10-18,67.2206802368164,67.33609970063064,64.239080465986,64.56128488054632,50438200
2021-10-19,68.69705200195312,68.78361108966611,67.4611267709152,67.82661070459788,53225400
2021-10-20,68.48065185546875,69.35589970158053,67.65349729202421,69.00484221972472,59354800
2021-10-21,69.70693969726562,69.83197926563204,67.86989270067947,68.0189715663445,46050200
2021-10-22,67.9420394897461,69.56749551471623,67.01870573732651,68.99521922956973,70124200
2021-10-25,69.98107147216797,70.56296053217648,67.67273346523145,68.76438634160013,59475800
2021-10-26,70.63508605957031,72.71258470590917,70.043569658527,71.32758805435084,83987800
2021-10-27,71.19294738769531,72.96267599586803,70.8178432633009,70.96211577376138,72534000
2021-10-28,73.53014373779297,73.6984629014813,71.84698145293042,72.28460540811594,65368800
2021-10-29,74.61699676513672,74.73240892110071,71.54882976032611,71.74600197743905,67257200
2021-11-01,75.3527603149414,75.46817244288205,73.66478456376896,74.92475655181873,65022800
2021-11-02,76.35784149169922,76.64157273742089,75.00169771543408,75.0353571377722,60085600
2021-11-03,78.7816162109375,79.02206796496233,76.01642103965196,76.62716321151129,72605200
2021-11-04,81.71991729736328,82.40280663342654,79.21922089959632,79.55585183694886,80439800
2021-11-05,82.02288818359375,83.5136917579182,81.14283402251881,82.93660910714887,85252800
2021-11-08,81.68626403808594,82.66730389213156,81.30153979292906,81.99404196661051,56459800
2021-11-09,80.00308990478516,82.61439184412778,79.14227604764373,82.35470723689068,88118800
2021-11-10,76.49730682373047,80.02232226356477,75.26138157215689,78.25260128621835,96976800
2021-11-11,77.11767578125,78.38245417414024,76.89645697056038,78.26703470708425,57719000
2021-11-12,79.56547546386719,79.86364059694083,76.82432722757343,77.81498717454939,63820400
2021-11-15,79.54142761230469,80.4599549619731,77.94963836853624,80.26759651737432,69729200
2021-11-16,81.18612670898438,81.46985799300117,78.89702151290496,79.00762725552083,51590800
2021-11-17,81.28229522705078,82.56630643245849,80.69077875801749,81.37366804769837,57968000
2021-11-18,83.76856994628906,84.11000727353169,81.1620742268991,82.5614976363363,86841600
2021-11-19,85.18722534179688,86.01918614336628,84.31198499668993,84.84578070965962,64607200
2021-11-22,82.23448181152344,88.17844815878878,82.16715562870667,86.22116778875233,89522400
2021-11-23,81.11397552490234,82.79713742339716,78.28626118726993,81.48907958952663,113012800
2021-11-24,81.86418914794922,82.0228881610178,78.06505497159316,79.4981451438434,99120800
2021-11-26,77.3485107421875,81.09955919763847,76.32899775518968,80.20507846855405,88841200
2021-11-29,82.15272521972656,82.79232759517129,79.50775663185901,79.92614022396066,79466000
2021-11-30,78.62290954589844,83.09530586651093,77.28599851024798,81.59969580803806,151293000
2021-12-01,74.58812713623047,82.53264675164884,74.28515561820033,81.20535588723855,151275600
2021-12-02,75.99236297607422,77.19462156551596,72.9290031003339,73.7802042362998,198216400
2021-12-03,72.17399597167969,77.5601135407294,69.6973386189883,76.94455766643829,240286800
2021-12-06,73.86195373535156,74.67468168063496,69.98587338523419,72.41924349061286,152414000
2021-12-07,80.52247619628906,80.92643333996169,77.78132795278992,77.79575446949221,135289200
2021-12-08,81.64297485351562,81.75358058437106,79.57508870054548,80.73887408477431,102621800
2021-12-09,78.11795806884766,81.99884511827112,77.90635937547555,80.86391267582427,106401000
2021-12-10,80.53689575195312,80.71002127542114,77.80055413786324,79.71936141146675,101537600
2021-12-13,77.07440185546875,80.73888398027353,76.83875651145722,80.53690540169423,89572600
2021-12-14,74.78047943115234,75.77113927075777,72.05375800705275,74.1168303845025,115466800
2021-12-15,79.7289810180664,79.95981996111026,72.14994516689931,74.52080302896516,134530600
2021-12-16,73.64554595947266,80.60902509683466,72.59236634544138,80.31567373099948,148110000
2021-12-17,72.52024841308594,74.91995215348669,70.69281366701782,71.57286794220863,150010400
2021-12-20,70.35136413574219,70.8130346873836,68.5287432458551,69.7406220231599,120933000
2021-12-21,75.05460357666016,75.23734189444005,70.07244363321513,72.21246247856465,109562400
2021-12-22,77.73322296142578,77.90634847377653,74.45346568711865,74.8189496185243,88611400
2021-12-23,79.57991027832031,80.45034445185044,77.89194161054668,77.98812084433912,65654200
2021-12-27,83.38385009765625,83.4511762881015,80.31087730161177,80.35415685161134,62981600
2021-12-28,82.40280151367188,84.14847588676987,81.76800549581543,84.04267655046046,72412600
2021-12-29,82.2729721069336,83.19149955803829,80.76774179560533,82.38357785789226,57747400
2021-12-30,81.5035171508789,83.51369744928863,81.16207980019024,82.12388672968659,56635800
2021-12-31,79.98867797851562,81.94595135741837,79.69052016434487,81.09475746767193,60248600
2022-01-03,82.29701232910156,82.4460912291989,79.40677780758466,80.71002942670195,76505200
2022-01-04,79.09899139404297,82.66248744902786,77.13209819404327,82.63363441829985,106648200
2022-01-05,71.82291412353516,78.73349251709762,71.65459502552258,78.0890838263108,133245200
2022-01-06,71.62576293945312,73.48685699274188,69.4520772324721,70.70723556417963,154226600
2022-01-07,69.28376770019531,72.5875722507812,68.28829397702042,71.60652504492725,142713400
2022-01-10,69.53862762451172,69.70213300304779,63.52733572536661,66.53298167493917,179217400
2022-01-11,72.59719848632812,72.63085791690895,67.8266291184737,68.97598823582841,154326800
2022-01-12,73.4243392944336,74.98727559358343,72.0778154301852,74.04470888860955,138371200
2022-01-13,68.09593200683594,74.58812863442819,67.34571645483494,74.18416415627246,86765900
2022-01-14,69.12506866455078,69.31742712081366,66.36468005534947,66.45123915926634,89225800
2022-01-18,64.14291381835938,67.05718797423351,63.5369706870948,65.87416208681654,77660000
2022-01-19,61.91150665283203,66.08574466249017,61.709528104429566,64.78730694390084,91642200
2022-01-20,59.51660919189453,65.57599164227021,59.15112155981415,63.49848531402509,86098500
2022-01-21,54.50558853149414,59.66087346595661,54.34208313980492,58.30472605117465,171027300
2022-01-24,55.294273376464844,55.54434152481321,46.33023081464113,51.7932936165758,255084600
2022-01-25,51.216217041015625,54.15934745379081,49.77350670183209,52.0818447121266,173749000
2022-01-26,51.12003707885742,56.602333353141425,49.40801833957032,54.813375640428895,207838100
2022-01-27,49.59075927734375,54.092015335728796,49.090619307634114,53.28409748758272,161764100
2022-01-28,54.2170524597168,54.30361522513633,48.186522919494664,50.398681664882325,167016200
2022-01-31,59.46852111816406,59.68973626015973,54.072783937350295,54.871081739421435,113751100
2022-02-01,60.603450775146484,60.93046526585884,57.44872533698174,60.035984560939816,101845800
2022-02-02,62.03654479980469,62.8733194411115,59.96865850554368,62.72904693909249,100815200
2022-02-03,54.57292175292969,58.73754346506989,53.97659887004434,57.054381493929675,105575000
2022-02-04,56.458065032958984,58.102753930108214,53.755386358104,54.6979566676223,96534400
2022-02-07,55.17885971069336,57.968101131932684,54.553687439727355,56.81393214145427,76956100
2022-02-08,57.05438232421875,57.5449058747305,54.08239899659533,54.63062861022472,79296600
2022-02-09,60.59382629394531,60.67077259639175,58.439377522466536,59.208825870924294,75537700
2022-02-10,56.57347869873047,60.50726886722304,55.59243527014531,57.04476567021821,127143300
2022-02-11,51.24506759643555,57.27559696297585,50.55256916202557,56.53500525104964,134255600
2022-02-14,51.38934326171875,52.870526776960645,49.72541775524656,50.8795867758117,95062500
2022-02-15,55.111534118652344,55.24618649634749,53.23600994746479,53.69768048385117,81722300
2022-02-16,55.1019172668457,55.59243716334192,52.61083729043858,54.12087380485117,93090500
2022-02-17,50.21592712402344,53.90926501331561,49.98509556975597,53.514924411524056,78835600
2022-02-18,48.5135383605957,50.77378676047786,47.426699213220466,50.58142464808332,113082700
2022-02-22,47.01312255859375,49.533055623170355,45.40690311885448,47.16701151668235,131438100
2022-02-23,43.41596221923828,48.69628363436282,43.252456809843835,48.321179536103,130460200
2022-02-24,47.667152404785156,47.9460736238968,39.05897971373487,39.20324855072319,194867400
2022-02-25,49.92739486694336,50.02357408709769,46.40718184186459,48.09034387757989,119186100
2022-02-28,50.456390380859375,51.15850899549402,48.01339991196474,48.53277653177741,121700500
2022-03-01,48.128814697265625,50.94690900523314,46.98426222036982,49.93700889761875,124072500
2022-03-02,50.42753601074219,51.023855260832946,47.53249518995873,48.73475381377196,109747900
2022-03-03,48.3211784362793,51.725971944605114,47.48440382335842,51.697118912780944,111944300
2022-03-04,46.2532958984375,47.89798488552861,45.20492618691699,47.292045485915246,115695500
2022-03-07,41.08838653564453,46.686101663573425,41.001823779274424,46.21481473022472,124876300
2022-03-08,40.52092361450195,44.24311509637656,39.21286571156877,40.770991781120614,177968000
2022-03-09,44.858673095703125,45.3972862789439,42.65613442068544,43.66603459788717,109537100
2022-03-10,43.41596221923828,43.87762908394283,41.54043805893713,43.18513062138705,112787400
2022-03-11,40.722904205322266,44.695167721113854,40.482452480838546,44.57013179706172,98907400
2022-03-14,38.33761978149414,41.48272846978901,38.049078474192235,40.2131437824592,123132600
2022-03-15,41.88668441772461,42.21369886876754,38.70310633301433,39.30904196103371,105703600
2022-03-16,46.58992385864258,46.628397014330645,42.021341187244026,43.43519847226277,163087500
2022-03-17,48.14805221557617,48.27308446435252,45.243395089277136,45.77238812279805,96030800
2022-03-18,51.1392707824707,51.37010605134475,47.0612116073803,47.57096808701607,100784800
2022-03-21,50.77378463745117,51.870243862550566,48.830934354607585,50.84111082362381,110547300
2022-03-22,53.77462387084961,54.18820113320491,50.85073000131514,51.043092115969124,93344600
2022-03-23,51.5047607421875,54.120876784889845,51.45667112913829,52.476187803191955,102749700
2022-03-24,54.842227935791016,54.90955412288618,51.37010456273185,52.351148006263955,85575300
2022-03-25,54.75566101074219,55.361600317561184,52.75510112048343,54.861460344996495,99394700
2022-03-28,57.24674606323242,57.33330882938205,54.178583430154866,54.74604596835544,91703700
2022-03-29,60.180259704589844,60.55536382266795,57.843068556100704,59.17036315537902,102006700
2022-03-30,58.37206268310547,60.15140774836091,57.516055081589045,59.32425318136677,83909400
2022-03-31,55.95792007446289,58.50670956921208,55.68861534378815,58.32396392853841,84049400
2022-04-01,55.717472076416016,56.57347960066134,54.24590874457865,56.19837550972256,88081300
2022-04-04,59.19921112060547,59.19921112060547,56.00601265934695,56.15028515502509,68757500
2022-04-05,55.28466033935547,58.82411003560806,54.688341086867894,58.49709554185639,86048800
2022-04-06,51.6490364074707,53.255252329310935,50.39868804675033,52.72625921542953,148429900
2022-04-07,51.98565673828125,52.98593668953483,49.60999644030622,51.196975456831794,114827000
2022-04-08,49.860069274902344,51.543231330732766,49.53305478586664,51.18736380910635,102091200
2022-04-11,46.32061767578125,48.350030713103166,46.11863911816203,47.926837020615004,92957300
2022-04-12,45.72430419921875,49.032918852635014,45.09912820159826,48.244237431361356,123964100
2022-04-13,48.4654541015625,48.89826798499331,45.52232703223801,45.83972143408559,95042300
2022-04-14,45.20492172241211,48.71551817483851,45.04141631985623,48.49429937173053,83921800
2022-04-18,45.32996368408203,46.176351179000115,44.0699952280755,44.695171228392255,87762700
2022-04-19,48.244232177734375,48.49430034814958,44.54127721692004,44.945234338898906,86186300
2022-04-20,46.070552825927734,48.80208461898528,45.62811885533928,48.638575535093366,107814700
2022-04-21,43.36787033081055,48.83093344636234,42.88696691337818,47.744090695644665,134313200
2022-04-22,39.92460250854492,43.82953981442539,39.70338736346579,43.32939978985433,124412400
2022-04-25,41.405792236328125,41.51159159750825,38.77044300785342,39.25134652667025,166439400
2022-04-26,36.75064468383789,40.67481901503883,36.644845326525726,40.60749281838609,166131600
2022-04-27,36.58713150024414,38.683870614766136,35.942719037284675,36.712163742384085,158349300
2022-04-28,40.45359420776367,41.098002984784536,36.81796210959553,38.30876554348281,172349200
2022-04-29,35.13479995727539,40.174669021083275,34.817405632652886,38.84737465783971,160058400
2022-05-02,36.78910827636719,36.817961304856375,33.78827223643886,34.865494771720535,155952800
2022-05-03,36.875675201416016,37.67397298824975,35.875395185309316,36.731402704649895,142782800
2022-05-04,40.530548095703125,40.82870959907021,35.13481001198041,37.01995459961983,219403400
2022-05-05,34.490394592285156,38.962794290615925,33.201573252914145,38.95317783637523,227776300
2022-05-06,33.28813552856445,35.134802911844744,31.835805136399486,33.74980237438453,233397200
2022-05-09,29.35434913635254,32.143587145259396,28.863827361985763,31.31643623381965,210209900
2022-05-10,30.364242553710938,31.816572980202533,29.123512646931538,31.47032192040316,231789800
2022-05-11,27.661569595336914,31.35490679496555,27.38264468421973,29.671746376108185,264765900
2022-05-12,27.440353393554688,28.74840961952754,25.670628429796096,26.38236536431839,295496500
2022-05-13,30.421951293945312,30.777820652419383,28.257885779322077,28.70993619423517,197974000
2022-05-16,29.479379653930664,30.56622242427043,29.027331093803205,29.941046502720535,159194000
2022-05-17,31.701154708862305,31.816574179146137,30.046847492650194,31.191398223282985,153990700
2022-05-18,27.07486343383789,30.479660685787838,26.63243314749468,30.258443708115188,164052600
2022-05-19,26.526634216308594,27.911636665326096,26.007259444490202,26.48816289426701,196007800
2022-05-20,26.295801162719727,27.738511533017437,23.977846647868155,27.555767705786085,229055600
2022-05-23,27.594242095947266,27.72889448281836,25.93031466696316,26.593961980615752,170520300
2022-05-24,25.87260627746582,26.31503842309446,24.4587507383614,26.113058012078888,183244300
2022-05-25,26.91135597229004,27.507677043079983,25.382082891434646,25.43017433597474,180641900
2022-05-26,29.1619815826416,29.604413660033053,26.622812243789166,26.699756713618005,168565800
2022-05-27,32.018558502197266,32.066648122289216,30.075707764659313,30.104560802913916,157517900
2022-05-31,31.787715911865234,32.70143316044271,30.51813115327409,32.02816762628026,184579300
2022-06-01,31.0471248626709,33.11501111896491,30.34500628167393,32.42250899239164,199447100
2022-06-02,33.56706237792969,33.64400502227854,30.24882782921136,30.700876413142105,168430700
2022-06-03,30.9124755859375,32.34556959288528,30.546989742659676,31.87428256082791,162361900
2022-06-06,31.297197341918945,32.826470456520454,30.777820736431156,32.33594688389238,150479300
2022-06-07,32.057029724121094,32.316714390688624,29.864107224529665,30.219976628959262,137443300
2022-06-08,31.402996063232422,32.643724148553936,31.095218155509034,31.81657331467362,112853000
2022-06-09,28.844587326049805,31.79733590827115,28.786879428480624,30.845145508624253,137979700
2022-06-10,25.766809463500977,27.526916135428166,25.651391820562598,27.180665041114228,171676100
2022-06-13,22.19849967956543,24.025932134614855,21.948429704842763,23.343050223815126,213365700
2022-06-14,22.342775344848633,22.958333049583768,21.659893280620505,22.7371160535299,196600500
2022-06-15,23.948991775512695,24.930035267409874,22.448573504347134,23.14107382153868,274911500
2022-06-16,21.025100708007812,22.236977696328143,20.50572406965573,22.11194176435397,212142200
2022-06-17,21.80415916442871,22.39086187081346,20.823115836064282,21.227074745714294,220590500
2022-06-21,23.448850631713867,24.025935119341575,22.871767978587172,22.910239299361812,159204100
2022-06-22,23.36229133605957,24.47798723410717,22.65055258966607,22.804441552534627,194486800
2022-06-23,24.362567901611328,24.59340132987223,23.246872081099795,23.98746380999999,182686400
2022-06-24,26.91135597229004,26.969065705738153,25.055068406566132,25.112778140014246,151817500
2022-06-27,26.276565551757812,27.411498045037444,25.96878762161442,27.267227369595375,169131000
2022-06-28,23.88166618347168,27.13257282486785,23.814339991370453,26.41121762178131,186870800
2022-06-29,23.929752349853516,24.324094825149952,23.17954422077948,23.833573137562606,190091100
2022-06-30,23.08336639404297,23.939373977448362,21.88110772768656,23.141074296367755,256203900
2022-07-01,23.458471298217773,23.564270651448336,22.21774126683724,22.69864474951986,208600400
2022-07-05,24.67034339904785,24.69919826270318,22.12155581352064,22.51589644430594,220554000
2022-07-06,25.141633987426758,25.69948196504866,24.314481228229536,24.785766430487588,206122900
2022-07-07,26.699758529663086,26.930591954850257,25.362847587516196,25.372464041710625,137866300
2022-07-08,26.82479476928711,27.22875375445122,25.68986229504027,25.95916889665006,159729200
2022-07-11,25.112777709960938,26.22847352117052,24.87232599488127,26.16114733446837,129224100
2022-07-12,24.381807327270508,25.94955189860687,23.95861174210867,25.430177082977494,159616500
2022-07-13,24.227914810180664,24.843470600662116,22.785204550364046,22.929475209445517,180575500
2022-07-14,24.47798728942871,24.699202444739573,22.71788066745317,23.535415096602115,175823500
2022-07-15,25.766809463500977,25.824517367719565,24.824237243924276,25.26666940160333,154380200
2022-07-18,25.17048454284668,26.93059094937203,24.833851789079343,26.555486876760355,159950200
2022-07-19,27.373023986816406,27.526914781331154,25.670627137352877,26.113057438766816,149321700
2022-07-20,28.7484073638916,29.09465843143831,27.353788473663787,27.565385329108413,188563100
2022-07-21,29.96990394592285,29.989140524901895,28.10399797848189,28.863826337643832,159690900
2022-07-22,28.40216064453125,30.32577459536842,27.84431267216852,29.70059859374536,149400400
2022-07-25,27.978960037231445,28.536807909415984,27.32493111787698,28.402155544078614,110448800
2022-07-26,26.28618049621582,27.478820740996998,26.016873924361644,27.40187626825308,115877800
2022-07-27,29.565942764282227,30.05646448481452,27.34416942322502,27.50767666340245,170959500
2022-07-28,30.412334442138672,30.604694718003245,28.392539621303857,29.508235458621936,162035900
2022-07-29,32.08587646484375,32.36480132635633,30.460422407014185,30.902854503154604,146073200
2022-08-01,32.03778839111328,33.105390942534996,31.20101376650964,31.52802825142321,142641500
2022-08-02,31.7396240234375,33.038061720431976,30.979795779891763,31.297193781246968,162687500
2022-08-03,34.27880096435547,34.576962455817394,32.03779255756922,32.268624183408576,147106900
2022-08-04,34.76931381225586,34.88472958939905,33.62476148649773,34.32687994003771,126783600
2022-08-05,33.942169189453125,34.60581468451295,32.845709819788006,33.11501459998577,141949300
2022-08-08,33.59592056274414,35.42335542603734,33.12463349370445,34.240329525366896,133893900
2022-08-09,32.44174575805664,33.0573015767956,31.92236916011986,32.9707388104728,109203000
2022-08-10,35.1059455871582,35.2405979420961,33.96139690118454,34.75969457788846,135777200
2022-08-11,34.57695388793945,36.567893595227886,34.307645499189164,35.90424824913229,136680500
2022-08-12,36.529422760009766,36.59674894421527,34.855880939756005,35.202128314669224,105593500
2022-08-15,37.40467071533203,37.58741637919032,36.20241205943166,36.21203218332012,98154200
2022-08-16,37.16421890258789,37.87595763967985,36.096612631451066,37.087276256660296,110377900
2022-08-17,35.87540054321289,36.866064253022664,35.15404528965364,36.07737913364887,131419200
2022-08-18,36.1158447265625,36.51018536911665,35.28869028876557,35.83691987307251,96070400
2022-08-19,33.99987030029297,35.29831173469713,33.730565559380366,35.08671305597899,112128300
2022-08-22,31.3260498046875,32.6725809050022,31.02788835088868,32.59563459344041,112487700
2022-08-23,31.220247268676758,32.07625471776776,30.970179119673315,31.191394239292205,109754900
2022-08-24,31.46070098876953,32.02816717352731,30.873998226850244,31.06636032946341,93502800
2022-08-25,33.11500930786133,33.124625761759106,31.681915522969913,32.008929990522205,111026300
2022-08-26,29.08503532409668,33.41316744791838,29.04656400879866,33.03805974088263,183138300
2022-08-29,28.19055938720703,28.969624287703287,27.853926609344573,28.22903254330608,124220500
2022-08-30,27.24798583984375,28.806113621235998,26.507394183425802,28.652224684123283,163507400
2022-08-31,26.747848510742188,28.277121579070048,26.709377189926293,28.04628815067164,170515300
2022-09-01,26.776704788208008,26.863267557731398,25.02621648807031,26.04573130917777,198660200
2022-09-02,25.661008834838867,27.930873745624055,25.17048708710981,27.546149511286757,227231500
2022-09-06,25.074304580688477,25.988021832728162,24.487601808252403,25.73795182864887,180541700
2022-09-07,26.55548858642578,26.834411628132532,25.11277826411219,25.180104452299993,165784800
2022-09-08,26.98830223083496,27.33455331637919,25.622536302245248,25.997642256418548,205399900
2022-09-09,28.700315475463867,28.873440995497642,27.565383141465485,27.584619718025,149367900
2022-09-12,29.748685836791992,29.844866887634222,29.03694899576104,29.142746500636626,136570600
2022-09-13,24.853090286254883,27.517295822758072,24.583783695530375,27.161426464818582,195648300
2022-09-14,25.41093635559082,25.651388061516357,24.66072637268281,25.13201149615675,154645900
2022-09-15,24.131732940673828,25.535969998699052,23.70853743182338,24.891559364461216,196865300
2022-09-16,23.660446166992188,23.785480235991198,22.765965605419805,23.28534029099362,196071800
2022-09-19,24.227914810180664,24.266386129835276,23.006419683255697,23.025656260333484,151346300
2022-09-20,23.650833129882812,24.22791766879906,23.064130301292828,23.59312522634154,161059300
2022-09-21,22.352388381958008,24.930030734584108,22.34277009443319,23.86242466783952,295557600
2022-09-22,21.525236129760742,22.227356512541206,21.227076524991528,21.977286515653784,215542000
2022-09-23,20.496105194091797,21.025100107052623,19.66895248056398,20.96739037032888,280652000
2022-09-26,20.217180252075195,21.361729072815663,20.034436438498606,20.351832622867963,245303900
2022-09-27,20.236417770385742,21.496384277907534,19.717041171170028,20.98662596769593,271960600
2022-09-28,21.419437408447266,21.72721528420479,19.89016448308883,20.22679722263644,256019500
2022-09-29,19.611242294311523,20.573049203647074,18.870652368343983,20.496104724280276,270097800
2022-09-30,18.582109451293945,20.2845081445929,18.543638128330148,19.390027413045953,256598800
2022-10-03,19.87093162536621,20.207564427902664,18.620583312517887,18.94759782532459,223611300
2022-10-04,21.717599868774414,21.90034369461405,21.053952589831265,21.063570879033467,231661800
2022-10-05,21.717599868774414,22.121558842761406,20.20756331954957,20.842355730886116,229199500
2022-10-06,21.169370651245117,22.179267189260216,21.08280788118655,21.448293705710732,237543600
2022-10-07,18.75523567199707,20.111383335365993,18.42822115967395,20.08252846621942,250972600
2022-10-10,18.168529510498047,18.86103156706814,17.601063362809043,18.77446880999688,206499800
2022-10-11,17.447175979614258,18.40898284657427,17.062453599730457,17.81266361637963,264873500
2022-10-12,17.408706665039062,17.928081479109196,17.2451994054334,17.53374076497223,200741900
2022-10-13,18.572490692138672,18.87065215144644,15.696688286419716,15.889050399876272,414753600
2022-10-14,16.898944854736328,19.216899051021112,16.793145521747952,19.091864976626454,335066300
2022-10-17,18.562868118286133,18.755230187341173,18.081964780149182,18.091583067051996,230025400
2022-10-18,19.0245418548584,20.197945656380067,18.43783903684699,20.072911561878218,346276900
2022-10-19,18.7937068939209,19.46697059410834,18.28394859854245,18.668670975006847,259851100
2022-10-20,18.476308822631836,19.68818568129472,18.235857108639223,18.59172645252873,264851500
2022-10-21,19.78437042236328,19.89978807377848,18.01464533067242,18.255097089494534,313729000
2022-10-24,20.457630157470703,20.649990408130733,19.043773050890422,19.842072585656517,274622000
2022-10-25,21.688745498657227,21.775308268961496,20.64999408950715,20.65961237892997,238399800
2022-10-26,20.25564956665039,21.640651795203645,20.13061549679178,20.371067183405156,279465900
2022-10-27,19.139957427978516,20.31336304978547,19.01492333499146,19.99596683812481,256629400
2022-10-28,20.871212005615234,20.97700952497006,18.95721451886194,18.995687678264577,255388600
2022-10-31,20.14985466003418,20.553813618808885,19.707422545899497,20.371069799851014,209561100
2022-11-01,19.524681091308594,21.0347196010296,19.438118315767223,20.90968366546929,215232400
2022-11-02,17.5048828125,20.178704285605548,17.48564623806741,19.505440690971366,331476300
2022-11-03,16.49498748779297,17.2644340860886,16.38918997933435,16.975890923789855,212231800
2022-11-04,17.264434814453125,17.649157212581375,16.206446843724606,17.437558517735013,382370200
2022-11-07,17.812665939331055,17.928081751097075,17.03360095465478,17.466414835030488,200943400
2022-11-08,18.1973876953125,18.870653298846204,17.399087994580288,18.130061501859366,296056300
2022-11-09,16.92780303955078,17.985791073491683,16.86047684516839,17.82228381520535,215569100
2022-11-10,20.63075828552246,20.71732105138068,18.94759624750318,19.380408242293232,328442400
2022-11-11,21.80415916442871,21.95804809815245,20.313359431042198,20.61151901081934,307134200
2022-11-14,21.22707748413086,22.083085017711706,20.986625764855248,21.32325853874131,214225900
2022-11-15,22.083084106445312,23.035274489845165,21.332875947343673,22.746731337920647,318265700
2022-11-16,21.18860626220703,21.717599313290076,20.98662586312917,21.640654836141614,191679400
2022-11-17,21.025100708007812,21.361731676012468,20.111383363277827,20.149856522193325,213462200
2022-11-18,21.00586700439453,21.71760403126212,20.46725554734636,21.698367449170753,194788500
2022-11-21,20.37107276916504,20.96739208815687,20.16909234308625,20.698087299386863,144111300
2022-11-22,21.22707748413086,21.255932350864303,20.034437176663946,20.51534061521517,146238600
2022-11-23,21.86186981201172,21.996524021871046,21.169369522953417,21.20784084398392,178783500
2022-11-25,21.409820556640625,21.640653978942563,21.304021216814373,21.48676503074127,67376500
2022-11-28,20.46725082397461,21.419439403736682,20.255652138804585,20.967389001419637,131382600
2022-11-29,19.976730346679688,20.601904483349976,19.688187167408,20.505723423592748,137902700
2022-11-30,22.660167694091797,22.746730452850922,19.861310052882494,20.053672146680743,272734900
2022-12-01,22.78520393371582,23.24687076408257,22.131175006779138,22.79482222199441,205503600
2022-12-02,22.515899658203125,22.727496518376146,21.534856167898834,21.59256590344692,181655000
2022-12-05,21.380966186523438,22.313920020433123,21.025098673496842,22.006140282395272,150990000
2022-12-06,20.02482032775879,21.361731396029548,19.717042398473534,21.332878361722283,169900500
2022-12-07,19.78437042236328,20.226802612536662,19.40926626564121,19.774752131870237,173667900
2022-12-08,20.486482620239258,20.678844700086877,19.611238642484015,20.072907267218152,188920100
2022-12-09,20.092144012451172,20.861590574118377,19.9767282206267,20.246032957884427,177003900
2022-12-12,20.823118209838867,20.83273649860566,19.880547924705517,20.11138135160546,112827500
2022-12-13,21.477148056030273,23.30458080358951,20.89044525855821,23.256491192272588,347692800
2022-12-14,20.967388153076172,22.111938794047585,20.27488789613178,21.361728806482123,289455500
2022-12-15,18.8898868560791,20.226799689381785,18.610963810095797,20.063292443632584,214026600
2022-12-16,18.332040786743164,19.05339603203711,17.99540797203907,18.735999797487825,175642100
2022-12-19,17.572214126586914,18.399366889537873,17.293289219259545,18.370513853953142,155266500
2022-12-20,17.495267868041992,17.85113539053565,16.995127844239008,17.31252404501762,172881200
2022-12-21,18.255094528198242,18.51478283157066,17.53373935294224,17.706864888523853,163187300
2022-12-22,16.95764923095703,17.644075388331377,16.029521566706745,17.624738972737767,230450200
2022-12-23,17.005990982055664,17.13167401426112,16.271223675255882,16.63860640664459,165067300
2022-12-27,16.28089141845703,16.899642040566956,16.164874754800266,16.880305622620444,131600300
2022-12-28,15.623466491699219,16.628938002126244,15.56545908733524,16.193877859341065,182434600
2022-12-29,16.72562026977539,16.918980787816604,15.981186516568608,16.11653777278392,153054900
2022-12-30,16.72562026977539,16.72562026977539,15.952181885655657,16.20354982150021,150970600
2023-01-03,16.348567962646484,17.441051666173674,15.923175963855746,17.151010912625367,179925900
2023-01-04,16.599933624267578,16.90930891082928,15.990851259351995,16.75462126754843,217636400
2023-01-05,15.816828727722168,16.290559911539802,15.739484898609541,16.251887074972316,181252000
2023-01-06,17.05432891845703,17.30569680823298,15.565459840888385,16.09719840201528,233447600
2023-01-09,17.412044525146484,18.330502168798194,17.296027871663266,17.479720138002467,186021400
2023-01-10,17.876108169555664,17.876108169555664,17.112338137167487,17.22835295129171,164361500
2023-01-11,18.765562057495117,18.784898473481363,17.905111830350613,18.05979947019632,151275000
2023-01-12,19.05560302734375,19.258631729595056,17.972789428744534,18.871912587238192,280926300
2023-01-13,19.432655334472656,19.500330952244852,18.4658565799618,18.533532197733997,159783000
2023-01-17,19.538999557495117,19.829040254842926,19.1522804717201,19.393980130832244,139757900
2023-01-18,18.81390380859375,20.215762809609714,18.746228187472852,19.89671927859522,186650100
2023-01-19,18.224159240722656,18.668885839999398,17.9631231007876,18.436854330286856,166370700
2023-01-20,19.71302604675293,19.771035299814862,18.330503530489096,18.543200437004938,161325200
2023-01-23,21.0085391998291,21.269575339745934,19.70336034426746,19.867716227471853,194042100
2023-01-24,20.88285255432129,21.14388864920558,20.534804427808904,20.650821084653767,145006500
2023-01-25,20.728164672851562,20.873184109246697,19.316637610017537,19.877380783028325,218083600
2023-01-26,21.9269962310791,21.965667222691977,20.882853641219253,21.48226784138608,203418900
2023-01-27,22.555418014526367,23.029149249019948,21.588619125187005,21.6176237557153,188411100
2023-01-30,21.201894760131836,22.13968878990612,21.124550941635214,21.80130889247512,173908000
2023-01-31,22.149362564086914,22.159030774331473,21.1728954576569,21.211568298635143,158256900
2023-02-01,23.580223083496094,24.121631760811223,21.6176226213017,22.10102204060435,271638800
2023-02-02,26.016555786132812,26.538628027791745,24.89506931592739,25.098096180557604,267885100
2023-02-03,24.672704696655273,26.238917648784366,24.276317354201474,24.372995754587446,267404200
2023-02-06,24.044286727905273,24.60502995255976,23.70590678247083,24.024950309532482,161816200
2023-02-07,25.533153533935547,25.80385783393681,23.725240996564295,24.005611660831512,259894600
2023-02-08,24.160301208496094,25.426807089649245,23.986277133646194,25.185107395473786,181257200
2023-02-09,23.512544631958008,25.223778813042777,23.135493720337443,25.185105979019017,197598400
2023-02-10,23.029146194458008,23.45453816567009,22.44906656899104,22.971138785118,183931700
2023-02-13,24.121627807617188,24.266647240836857,23.058148890636037,23.338519548991115,139869900
2023-02-14,24.643701553344727,24.88540125690129,23.251510744532638,23.725243786243215,255737200
2023-02-15,25.194774627685547,25.233447462384934,24.02494903836288,24.18930489779077,137763700
2023-02-16,23.75424575805664,25.011085279977987,23.715574765701856,24.00561366244091,194496500
2023-02-17,23.24184226989746,23.42553270023414,22.526409589556923,23.232174061349916,194902400
2023-02-21,21.607952117919922,22.671431096300523,21.549944710087452,22.333051169903662,150468800
2023-02-22,21.627286911010742,22.091349826864196,21.250234178360465,21.70463073031965,167338700
2023-02-23,22.1686954498291,22.45873433482969,21.221233125203433,22.42006334404,179770000
2023-02-24,21.047210693359375,21.298578607118245,20.641155116367727,21.027874274449676,172781800
2023-02-27,21.501604080200195,22.04301086642928,21.366252844648493,21.733635560012658,138754400
2023-02-28,21.39525604248047,21.965667466268485,21.26957301331705,21.346916841422765,127315800
2023-03-01,20.873188018798828,21.47260229324171,20.660492928516277,21.3275828296844,154386900
2023-03-02,21.37592315673828,21.559613610483254,20.254436638619406,20.31244405327453,157937300
2023-03-03,22.68109893798828,22.74877640289283,21.636956308894593,21.752972976137166,151676600
2023-03-06,22.77777671813965,23.66723159052993,22.719769312816112,22.971137194580994,151849900
2023-03-07,21.9269962310791,22.990475238756535,21.772308576582997,22.77777833080767,176331500
2023-03-08,22.226707458496094,22.371726931012436,21.588620304206074,21.994675933665416,145492800
2023-03-09,21.05687713623047,22.92279714793581,20.873184860044155,22.34271938149018,196833700
2023-03-10,20.186758041381836,21.424261163636118,19.935391977257748,21.095549425600176,314857600
2023-03-13,20.621816635131836,21.414591290922413,19.461657432887634,19.790369145389416,329540700
2023-03-14,22.023677825927734,22.149360861400297,21.192230249036854,21.385590751018775,217162900
2023-03-15,22.34272003173828,22.449066641869827,21.105216949659468,21.433928677023804,274559400
2023-03-16,24.111961364746094,24.19897339985239,21.96566695748715,22.120354610115616,228357100
2023-03-17,23.75424575805664,24.663037128673256,23.2998509947595,24.10229390936137,201770300
2023-03-20,24.005615234375,24.0926272778989,23.096823804248963,23.618896065392363,164178000
2023-03-21,25.020751953125,25.136768619662508,24.102294206127667,24.46967693612213,135145100
2023-03-22,23.999696731567383,26.216847403157665,23.9705230130776,25.001303621005935,237918100
2023-03-23,24.855440139770508,25.876498087221865,24.194183988226253,24.894338433283803,196497200
2023-03-24,25.10826873779297,25.127717880873703,24.15528298410544,24.73874429312087,169415100
2023-03-27,24.592884063720703,25.536145423611337,24.369222585691347,25.273587506863432,136795600
2023-03-28,24.184457778930664,24.447013803158217,23.620445587804237,24.447013803158217,118020700
2023-03-29,25.506967544555664,25.643109694804266,24.865160644778758,25.049923799191024,119365300
2023-03-30,26.197399139404297,26.343264016891144,25.7598026521712,26.080706124551288,130150000
2023-03-31,27.48101043701172,27.539356011548996,26.16822295390251,26.255742243094616,127022100
2023-04-03,27.28652572631836,27.344873162066065,26.576648617674472,26.917001240445778,125116300
2023-04-04,27.01424217224121,27.64632448587781,26.664165014940533,27.3837666179023,116090400
2023-04-05,26.148775100708008,26.76141015527379,25.682006771839532,26.7127872951172,129137000
2023-04-06,26.67389488220215,26.80031062811844,25.390280856954167,25.73063165548754,120960300
2023-04-10,26.61554718017578,26.625269898127183,25.448624420112157,25.90566820950457,118528800
2023-04-11,26.10015296936035,26.615544136151385,25.964012676339937,26.605819564539587,104260800
2023-04-12,25.409725189208984,26.732237354386406,25.283309458018802,26.586372478467727,174019300
2023-04-13,26.868377685546875,26.975346126890994,25.759802401698867,25.798700691195826,123761500
2023-04-14,26.712787628173828,27.160108673329358,25.964014120151234,26.459954316524612,142666100
2023-04-17,26.741960525512695,26.85865353299662,26.070979905718094,26.59609565723711,114308900
2023-04-18,26.76140594482422,27.403212759734163,26.45022710787057,27.29624433899178,106414900
2023-04-19,26.70306396484375,26.975346430065063,26.10015530904502,26.129329026495625,95925300
2023-04-20,26.080705642700195,26.819756443721534,25.74035303167066,25.934840767908256,136847600
2023-04-21,26.12932586669922,26.343260871148352,25.526415429037367,25.96401186401551,114444000
2023-04-24,25.973737716674805,26.421058776970987,25.419450068624844,26.070981586719412,107645400
2023-04-25,24.50536346435547,25.720907250191104,24.47618974577727,25.555593221126554,138288000
2023-04-26,24.91378402709961,25.662557522721166,24.806815589965474,25.30275763289765,124862300
2023-04-27,26.92672348022461,27.06286377562934,25.662556970136357,25.82787098088742,127815600
2023-04-28,27.471288681030273,27.500462398675154,26.576648409085465,26.87810273899231,130536100
2023-05-01,27.39349365234375,27.743570841118924,27.101763898212802,27.36431993502164,89001300
2023-05-02,26.664167404174805,27.442114651470277,26.2168463459005,27.36431992674073,124656000
2023-05-03,26.13905143737793,27.42266716854871,26.090430430303538,26.74196194087205,170133800
2023-05-04,25.847320556640625,26.33353802524167,25.555590817388975,26.04180828599002,121310800
2023-05-05,27.432388305664062,27.675497036574686,26.284916653774754,26.37243594528437,97627100
2023-05-08,27.656049728393555,27.7532935916443,27.053139260056856,27.325421706204466,75738500
2023-05-09,27.121212005615234,27.442115486738672,27.043417278517815,27.218455878180162,64840700
2023-05-10,27.996402740478516,28.220062330954637,27.101762523801593,27.73384486221223,151551000
2023-05-11,28.22978401184082,28.38537343752241,27.704668309086262,28.1130910151935,97341500
2023-05-12,27.93805503845215,28.492342650691363,27.393491998066374,28.375651497994912,105114100
2023-05-15,28.365930557250977,28.443725287264552,27.646328840932217,28.054751637196667,86467600
2023-05-16,28.472890853881836,28.920209959685312,28.1617101681556,28.18115930878327,79663500
2023-05-17,29.49395179748535,29.639816668230544,28.42427298739984,28.735451872928905,101104600
2023-05-18,31.079017639160156,31.15681420955248,29.562019757184036,29.562019757184036,135933800
2023-05-19,30.86508560180664,31.3513049396349,30.583080426116005,31.14709077749728,98804300
2023-05-22,31.18598747253418,31.467994488584097,30.7970138769243,30.806738448661097,83312400
2023-05-23,29.98017120361328,31.020676364755943,29.882927331919863,30.690048313861862,106315000
2023-05-24,29.49395179748535,29.853753543111125,28.949388747809486,29.435606220141768,117972500
2023-05-25,31.623586654663086,31.963937420947467,30.806741106035435,31.467997202998063,130873500
2023-05-26,34.01577377319336,34.278331652271035,31.886142588956517,31.905591732911706,126392200
2023-05-30,34.492271423339844,35.65919048230481,34.074124067044146,35.309116990342446,135306400
2023-05-31,33.792110443115234,34.60895585112915,33.45175973541964,34.00604729340646,105144500
2023-06-01,35.01737976074219,35.425804355216066,33.46148537594842,33.7823906794311,108379600
2023-06-02,35.805057525634766,36.16485744824095,35.01738381550693,35.552226049908995,108007500
2023-06-05,35.882850646972656,36.660797854400364,35.55222262012277,35.74670663982102,103130900
2023-06-06,35.843955993652344,36.13568576232488,35.26049274676199,35.67864010869256,79754500
2023-06-07,34.01577377319336,36.52465770023901,33.81156332598125,35.9217453662629,114242700
2023-06-08,35.18269348144531,35.37718119507718,33.98659905049452,34.05466919383398,94076900
2023-06-09,35.61056137084961,36.58299617176501,35.20214053504644,35.66890879434051,103851700
2023-06-12,37.42902755737305,37.448472994415106,35.82450820458799,36.125964412375694,77428700
2023-06-13,38.265316009521484,38.53760033374371,37.26370914020644,38.284765154790584,133267100
2023-06-14,39.08216094970703,39.189129392235635,37.3609505706302,38.265315408951,152656500
2023-06-15,40.45328903198242,40.929783749584516,38.42090000912894,38.64456329320692,127937000
2023-06-16,39.675350189208984,41.27014311350117,39.52948715416006,41.24097124840047,112156600
2023-06-20,39.48085403442383,39.94762603401413,38.508419169442504,39.179401600388175,84124900
2023-06-21,37.898582458496094,39.235034558855666,37.55715526279976,39.09846368057713,99633300
2023-06-22,39.1569938659668,39.20576865043746,37.30352600713876,37.43033970250699,105099600
2023-06-23,37.996131896972656,38.73751818454186,37.44009125097651,37.8790716876253,112379100
2023-06-26,36.49384689331055,38.698498939864265,36.42556145744011,37.810784552271436,108450000
2023-06-27,38.29854202270508,38.53266618880925,36.679194681089754,36.923072315196144,97677000
2023-06-28,38.53266906738281,39.156995261930916,37.683975879248834,37.72299347544985,108676300
2023-06-29,38.2692756652832,38.59119590974008,37.72298845708841,38.396093069579294,99133200
2023-06-30,39.99592590332031,40.33735305056964,39.303314421027785,39.41062115909952,91993400
2023-07-03,40.26907730102539,40.47393735989618,39.83985396683829,40.19103838629942,39934000
2023-07-05,40.239803314208984,40.815354589251164,39.71302681408018,39.722784001828934,69503700
2023-07-06,39.29356002807617,39.43013089668981,38.32780675929282,38.99115416793942,85236700
2023-07-07,38.89360046386719,40.24955938923277,38.80580437482237,39.205763509076085,84068400
2023-07-10,38.92287063598633,39.12772694891913,37.97662425537683,38.78629603942054,86006800
2023-07-11,39.478912353515625,39.62523670029965,38.337563097958025,39.039931870608854,81239300
2023-07-12,40.942169189453125,41.400656507909616,40.14225102732945,40.80559834049687,115167700
2023-07-13,42.980995178222656,43.27364759219616,41.78111767603712,41.966463336588966,82386600
2023-07-14,42.94196701049805,44.249151057479196,42.64931464323174,43.13706982910117,92836500
2023-07-17,44.13209915161133,44.454015699741184,43.02977118235255,43.1956061905121,72762600
2023-07-18,45.18564224243164,45.69290810610209,43.224867940551924,43.917479443893974,98316800
2023-07-19,45.18564224243164,45.98556048710664,44.69788703366508,45.58560136476914,100286900
2023-07-20,42.01523208618164,44.58082544691357,41.64453709702479,44.054048944629116,116931400
2023-07-21,41.6445426940918,43.09805500398344,41.46895050306388,42.805402592696026,102377100
2023-07-24,41.81037521362305,42.24935562605848,41.16653851581,41.92743541651358,63214600
2023-07-25,42.64931869506836,43.19560217352387,42.024992593246566,42.024992593246566,69099600
2023-07-26,42.21033477783203,42.77612886569719,41.400659372599954,42.2591095527947,102882300
2023-07-27,41.84939956665039,44.57107087922599,41.41041912227464,44.005276756357155,130551600
2023-07-28,44.112586975097656,44.473524826111856,43.04928035776194,43.21511536021156,102243800
2023-07-31,44.200382232666016,44.59058420111799,43.72238044881157,44.2198928892802,79504600
2023-08-01,43.85894775390625,44.122336014843235,43.127314936173605,43.69311276809978,76528300
2023-08-02,40.99094772338867,42.62980550383912,40.51294598689192,42.62004831586009,129022000
2023-08-03,40.69829177856445,41.42016733211217,40.044697928500725,40.10322988741401,100670100
2023-08-04,40.132503509521484,42.11278873905786,39.96666850191265,41.35189169938919,123503100
2023-08-07,41.12752151489258,41.1665428270349,39.93739754349169,40.70805171255545,74896100
2023-08-08,40.073970794677734,40.27882709465249,39.020417729761206,40.27882709465249,94390000
2023-08-09,38.737518310546875,40.20078395661789,38.4838872359231,40.15200917933759,99715300
2023-08-10,38.91311264038086,40.7275627373786,38.405846741769224,39.664256160174396,130277100
2023-08-11,38.13270950317383,38.69850371611426,37.654707671807635,38.07417752751339,100580600
2023-08-14,39.4008674621582,39.449642241618506,37.65470282002874,37.87907350384496,71276800
2023-08-15,38.19123458862305,39.352090653538916,37.92784632758628,39.08870239250215,81276800
2023-08-16,36.92306900024414,38.454620107227456,36.89380487758747,37.966864882805325,95111000
2023-08-17,35.67441940307617,37.42058412621809,35.537848525740344,37.31327737366071,105116400
2023-08-18,35.508583068847656,35.90854221801685,34.50380474091361,34.65988626933873,123264900
2023-08-21,37.22547912597656,37.44009261868413,35.81098821011474,35.96706973537196,95743600
2023-08-22,37.05964660644531,38.025399945520064,36.84503309941655,38.01564647759937,90393000
2023-08-23,38.80580520629883,39.13747891409955,37.34253950505043,37.41082494007319,87727000
2023-08-24,36.249969482421875,39.908133802047104,36.19143751364809,39.878869678298805,116198600
2023-08-25,37.10841751098633,37.61568337923508,35.459802508858644,36.51335555551612,139144700
2023-08-28,37.93760299682617,38.210744747797456,37.14744186829431,37.996134966867416,91320500
2023-08-29,40.35686492919922,40.503192980332024,37.74249671265007,37.8498034539772,93747800
2023-08-30,41.029972076416016,41.24458185127533,40.073972253781896,40.41539943283796,92979100
2023-08-31,41.40066146850586,41.927437995834985,40.99094887254564,41.01045952777378,81121400
2023-09-01,41.25433349609375,42.2981292703991,40.72755701524526,42.151801229737856,82413500
2023-09-05,41.36164855957031,41.77136120189124,40.63976911955297,40.94217872789275,61889300
2023-09-06,40.26907730102539,41.20557032668096,39.58622284238176,41.10801703167637,74029100
2023-09-07,39.39111328125,39.60572305124331,38.415602824605806,38.76678718440205,84311500
2023-09-08,39.508174896240234,40.230054297138444,39.186254647909664,39.32282924255964,74770800
2023-09-11,40.85437774658203,41.059234043255195,39.839846008852604,40.473929275252736,70856400
2023-09-12,39.54719924926758,40.786098114970464,39.41062836539564,40.32760695801969,77762100
2023-09-13,39.937400817871094,40.47393460062442,39.20576790096469,39.58622014362908,85424700
2023-09-14,40.87389373779297,41.20556747530172,39.80082989466349,40.4836880273318,76189900
2023-09-15,38.776546478271484,40.57148613706019,38.46438338294107,40.434915248012835,89663700
2023-09-18,38.86433792114258,39.235032947876064,38.36682921051587,38.46437877063022,62399100
2023-09-19,38.63021469116211,38.85458538309128,37.6547041815744,38.44486903400026,74370700
2023-09-20,36.955238342285156,39.0599752648052,36.90629175360953,38.932711146740296,98019200
2023-09-21,34.850502014160156,36.00565945165646,34.82113480733098,35.780502152400125,107851700
2023-09-22,34.8798713684082,36.00565781346882,34.77218663575344,35.369344710013316,94090600
2023-09-25,35.33997344970703,35.379132212932845,34.27292142530745,34.566608415115844,81269200
2023-09-26,33.76387405395508,34.733029216590744,33.45060766756772,34.566610066508304,105339700
2023-09-27,33.969451904296875,34.527451235509425,32.921979213467324,34.077136640914276,128435800
2023-09-28,34.79176330566406,35.408496979257194,33.41144873930309,33.665973213969075,134072900
2023-09-29,34.87007522583008,36.22102251667431,34.4882866670748,35.80986675628701,143081300
2023-10-02,35.702186584472656,36.12313395526822,34.733027728961076,34.919026253625425,118231600
2023-10-03,33.81282043457031,35.62387036368496,33.32334707703821,34.958186298690464,133269500
2023-10-04,35.183345794677734,35.42808248874463,33.910715732407006,34.04776768358277,126379600
2023-10-05,34.81134796142578,35.242083189361416,33.77366305647136,35.13439844878113,109003100
2023-10-06,36.56365966796875,36.89650171279225,33.68555756347295,33.92050642691886,147151000
2023-10-09,37.10208511352539,37.288083660644084,35.37913665892384,35.839242848684314,105483000
2023-10-10,37.70903015136719,38.54113341482362,37.053133871450044,37.20976520578486,108054800
2023-10-11,38.51176452636719,38.58029049874979,37.59155594409692,38.12018434042195,95855400
2023-10-12,38.06144714355469,39.206812941959654,37.317445591537066,38.639025821679496,118254600
2023-10-13,36.62239456176758,38.45302377836474,36.191659373858,38.26702525652802,129755500
2023-10-16,37.855865478515625,38.17891966821306,36.97481572680333,37.02376231283427,86576100
2023-10-17,37.49365997314453,38.00271273391861,36.0741864313841,36.73008269917617,105193500
2023-10-18,35.90776443481445,37.37618445128379,35.56513459139236,36.681133206407424,131582600
2023-10-19,34.948394775390625,36.720285752096004,34.69386656515988,36.36786810885991,185025200
2023-10-20,33.37229537963867,34.94840026932938,33.30376940481608,34.772189552818276,138488400
2023-10-23,33.665977478027344,34.66450359166797,32.36398026781548,32.96113463677857,131799500
2023-10-24,34.61555099487305,34.84070825577955,33.67576319255422,34.16523647306004,122537300
2023-10-25,32.08008575439453,33.949873915515674,31.89408721448309,33.900927324421666,164181600
2023-10-26,30.210296630859375,31.952820612115822,29.828506137156364,31.698296105904085,187023700
2023-10-27,30.641033172607422,31.55145396800749,30.298403296654953,30.91513894056218,147351100
2023-10-30,31.62976837158203,32.001765418830175,30.915135880715642,31.277346971548884,132152800
2023-10-31,32.08987045288086,32.197555183429074,30.934714957731924,31.639555883665736,111461800
2023-11-01,33.74429702758789,33.90092836452559,32.275876843402315,32.30524405208262,166317800
2023-11-02,35.535762786865234,35.61408031167586,34.65471303905642,35.00713069754887,117067000
2023-11-03,36.788822174072266,37.18039864958316,35.85882197635722,35.92734795293127,114110500
2023-11-06,37.20975875854492,37.40554882613579,36.53428694646058,37.01397242533898,91799800
2023-11-07,38.25723648071289,38.54112816815803,37.17060511289626,37.542602147309914,102251100
2023-11-08,38.32576370239258,38.59986757554816,37.62092090355228,38.374710289115335,93980100
2023-11-09,37.41534423828125,38.873972736624744,37.25871291494802,38.51176350161389,129182600
2023-11-10,39.91165542602539,39.9703935694885,37.767763603820775,37.93418274205526,124463800
2023-11-13,39.5494499206543,39.87250040404309,38.91313304379405,39.4026064154141,90215200
2023-11-14,42.035972595214844,42.36881464350647,41.3996594408593,41.57587015668343,116776200
2023-11-15,42.15345001220703,42.85828915979267,41.70313165184448,42.70165782317523,109216300
2023-11-16,42.22196960449219,42.30028339376681,41.438813039820594,41.859756659143706,89022500
2023-11-17,42.251338958740234,42.58418098246132,41.67376026270615,41.97723508075296,78758500
2023-11-20,43.75891876220703,44.00365544014512,42.231760547494645,42.24155210586796,82827800
2023-11-21,42.96596908569336,43.23028513679208,42.378602572841906,43.16175916810558,74137600
2023-11-22,43.46523666381836,44.463759050384965,43.122603064864514,43.63165581678431,85723200
2023-11-24,43.24986267089844,43.51417871070595,42.926808488560916,43.3183886366576,31987700
2023-11-27,43.12260055541992,43.798076155382994,42.8484966797162,43.08344179192361,60928200
2023-11-28,43.46523666381836,43.66102302392291,42.750602258772076,42.87786638034839,79174500
2023-11-29,43.30860137939453,44.767229794627006,43.200916650541444,44.287548028044284,88761600
2023-11-30,42.946388244628906,43.52396691420608,41.93807439589007,43.36733560047592,93197300
2023-12-01,43.30860137939453,43.5043877216164,42.01638836754256,42.574391392907216,86355500
2023-12-04,42.07512664794922,42.16323199599021,40.85144333314945,42.00660068107124,90571800
2023-12-05,42.378604888916016,42.779972899323276,41.37028721642135,41.41923754048855,83770200
2023-12-06,41.62481689453125,43.38692032459509,41.51713215288317,43.347761557743866,81500300
2023-12-07,43.367340087890625,43.60228894998963,42.202394804879475,42.5646040551627,81377700
2023-12-08,43.88618087768555,44.0526000185842,42.672285367377306,42.73102351178075,90743900
2023-12-11,45.00217819213867,45.1098629199358,43.66101860788272,43.729544573865425,75770000
2023-12-12,46.088809967041016,46.10838561373647,44.61059843773205,45.01196641392079,71449700
2023-12-13,47.713863372802734,48.03691383902236,46.108387662331424,46.382495275252765,115040700
2023-12-14,47.63554763793945,48.68302033821096,46.548916172293126,48.213126356869246,101348900
2023-12-15,48.20333480834961,48.74175472030425,47.67470271978973,47.90964782511515,78130400
2023-12-18,49.21165084838867,49.534701316138054,48.33059732837165,48.44807362063078,58218000
2023-12-19,49.945858001708984,49.985016763546334,49.29975336893298,49.358487777303935,60174800
2023-12-20,47.72667694091797,50.41093330152071,47.648015600303786,49.63416944146191,88082500
2023-12-21,49.30970001220703,49.42768827049192,48.11997163420926,49.054054410014146,74544700
2023-12-22,49.506343841552734,50.0864580680824,48.808241361546564,49.75215489091651,66114200
2023-12-26,50.41093826293945,50.64691480644836,49.77182793527539,49.79149327236439,43685600
2023-12-27,50.67640686035156,50.79439511388239,50.16511942734607,50.48958806225056,55747800
2023-12-28,50.548583984375,51.13852900187403,50.41093039701049,51.05003687417128,42884100
2023-12-29,49.850486755371094,50.65674678123136,49.16221499528129,50.51909317936927,66986200
2024-01-02,47.32354736328125,48.60176415326632,46.47795669814028,48.52310281196056,88135300
2024-01-03,45.809349060058594,46.7434318334925,45.652030132485024,46.379628765970615,83906100
2024-01-04,45.042423248291016,46.182986499300924,44.96376190301753,45.10141550646675,71867700
2024-01-05,45.209571838378906,46.13382011731028,44.708118902660004,45.09158357422963,85039900
2024-01-08,47.93315887451172,48.08064701751424,45.553709506140784,45.612701762718366,67687100
2024-01-09,48.24779510498047,48.582098300410344,46.812259398455375,46.861420860858175,74215800
2024-01-10,49.20154571533203,49.56534505643283,48.02165180414151,48.34612047302078,73810500
2024-01-11,49.43751907348633,50.11595999802787,47.58902260708979,49.60467254430783,95114200
2024-01-12,49.496517181396484,50.12579292016878,49.004895041633226,49.82098584323502,63970500
2024-01-16,49.467018127441406,50.05696315995222,48.50343924059158,49.04422281218967,72937000
2024-01-17,48.611595153808594,48.75908329399919,47.067901956471665,48.24779582565879,83277300
2024-01-18,50.696075439453125,50.85339437115717,49.27037051107191,49.74232730618405,91070400
2024-01-19,53.62614059448242,53.70479818158271,51.227022300069635,51.44333722845873,92896900
2024-01-22,53.84245300292969,54.983016172799836,53.59664194260613,54.48156326008259,74828300
2024-01-23,54.481563568115234,54.55039036533264,53.37049651895274,54.08826436906222,56086000
2024-01-24,55.37631607055664,56.92984379183934,55.17966646965287,55.99576100063081,89859300
2024-01-25,55.53363800048828,56.566043772519215,54.589724366104534,56.300567359577656,75697600
2024-01-26,54.51105880737305,55.445141576824874,54.25541695769799,54.74703907311694,64191300
2024-01-29,56.11375045776367,56.24157326369445,54.41273831260506,54.67821471687086,57988600
2024-01-30,54.99285125732422,55.966260965357215,54.66837885412711,55.74011523772552,59777200
2024-01-31,51.757972717285156,54.05876423438961,51.69898046734585,53.28200043677196,101725800
2024-02-01,53.58680725097656,53.724460834615925,52.02344887105453,52.397082705774835,81130700
2024-02-02,56.28090286254883,56.713528984898836,53.871953685245806,54.25541834495273,99147300
2024-02-05,55.995758056640625,56.45788028107226,54.63888000759988,56.231734564695294,69973900
2024-02-06,55.67129135131836,56.67420098985355,54.70771238506597,56.41855912157408,70062100
2024-02-07,57.33297348022461,57.677107466887406,56.212071886281905,56.72335934559459,65911700
2024-02-08,57.56895065307617,57.90325385139254,57.047832395704454,57.332974131193545,49461100
2024-02-09,59.260135650634766,59.594438869658546,57.72627316027048,58.040911042789396,55111000
2024-02-12,58.56203079223633,60.11555480755122,58.28671984271804,59.20113732513463,58127500
2024-02-13,55.789283752441406,56.90034712123822,54.51106314990165,55.29766159785823,94466500
2024-02-14,57.559120178222656,57.76560057370335,55.90726951281868,56.831517771717415,78075700
2024-02-15,58.0409049987793,58.2178892581136,56.762688265304114,57.824593821309946,65028600
2024-02-16,56.44805145263672,58.21789032771696,56.153078931919865,58.16872886606067,75706400
2024-02-20,55.14033889770508,56.22190606371055,53.635972656752365,55.63196101875831,81660500
2024-02-21,54.45206832885742,54.49139524878068,52.91820592847439,54.04893833110524,77293200
2024-02-22,59.161808013916016,59.58460336500288,57.50996103272332,57.79509903049637,89639600
2024-02-23,58.62102127075195,60.19421432486843,58.22772582030721,59.810749666603655,70195400
2024-02-26,58.542362213134766,59.35845297166056,58.43420474797107,58.935657653718366,54937700
2024-02-27,58.90616226196289,59.083146525205976,57.88358735228711,58.95532372380172,54699900
2024-02-28,57.952415466308594,58.53252973106299,57.56895080415858,58.04090759994161,61751700
2024-02-29,59.3486213684082,59.830408932923234,57.79509370961996,59.07331418868533,68479900
2024-03-01,62.07221221923828,62.44584234370855,59.71242445557083,59.73208979119231,70320100
2024-03-04,61.33478546142578,62.21970315276766,61.26595865490296,62.03288807088851,60209300
2024-03-05,58.05073928833008,60.07621996844761,57.047829740067456,60.07621996844761,96603500
2024-03-06,59.122474670410156,60.40069137753442,58.35554164551244,59.72225423125851,90838700
2024-03-07,61.75757598876953,62.25902893268914,59.889410313754254,60.518686067213906,71185400
2024-03-08,59.053653717041016,63.05545394746333,58.768511971260224,61.86572925051783,147964600
2024-03-11,58.365379333496094,58.87666679405713,57.578784682932636,58.414540795885216,73385000
2024-03-12,60.84315872192383,61.00047766089513,57.972083397223464,59.2798001249306,85280000
2024-03-13,59.427284240722656,60.43019387848698,58.965161969482736,60.4105285423607,71889900
2024-03-14,58.94549560546875,60.07622428216732,57.80493238548887,59.8500785468276,81240200
2024-03-15,56.79218292236328,57.9327460359114,56.3300607023048,57.70660032167449,70270500
2024-03-18,58.394874572753906,59.781248795407684,58.296551649470864,58.87666589871062,64596900
2024-03-19,58.79800796508789,58.9749922378717,56.71353111436434,57.5591218063805,59405000
2024-03-20,60.88507080078125,61.01335482247493,58.57597723185979,59.276598690402345,78278000
2024-03-21,61.674503326416016,63.10535255645146,61.59555815528799,62.90799339294434,63270900
2024-03-22,61.80278396606445,62.335648784773404,61.082426258340796,61.447538244049994,45684300
2024-03-25,61.17124557495117,61.80279193358924,60.253528596207346,60.66797948244612,43334700
2024-03-26,60.59890365600586,62.177769534917054,60.47061962699645,61.783054947345846,46993000
2024-03-27,61.13176727294922,61.80278615736558,59.9081434942156,61.74357728015959,55694300
2024-03-28,60.74692153930664,61.4080704231996,60.58903495775661,61.07256096686664,43511700
2024-04-01,61.12189865112305,62.15803332235045,60.312729465585065,61.10216235826688,56145300
2024-04-02,59.48382568359375,59.621975973213814,58.220733019281056,59.07924107928652,54836400
2024-04-03,59.87854766845703,60.64824433708876,58.595718632633044,58.61545492725351,55841900
2024-04-04,57.05632019042969,61.783055358040635,56.97737877811597,61.52648729831632,83760200
2024-04-05,59.069374084472656,60.125241301301806,57.29314910616371,57.628658561513085,77338300
2024-04-08,59.108848571777344,59.858808914982056,58.52664107948578,59.41475171504558,44862700
2024-04-09,59.72065353393555,60.135104375686204,57.80627836926822,60.006824123323085,60155900
2024-04-10,58.15166091918945,58.49703666132289,57.29315281423401,57.589189702393135,101040300
2024-04-11,60.88507080078125,61.24031654435578,57.90495833051079,58.82267524664066,73465600
2024-04-12,57.94443130493164,59.552899661785226,57.35235380689883,59.089109950619466,86015900
2024-04-15,55.03339385986328,59.43448556177745,54.70775067187976,59.40488300443822,101828100
2024-04-16,55.04325866699219,56.05965702571598,54.51039382742809,54.954447233012694,81883100
2024-04-17,53.0005989074707,55.80308841687719,52.64535317518761,55.79322215289726,85513200
2024-04-18,52.053279876708984,53.83937481625675,51.81644813187273,53.17822219497718,86390800
2024-04-19,48.826473236083984,51.77698330641829,48.20479315169402,51.58949039603146,124321200
2024-04-22,50.24745178222656,51.08622732342897,48.52056561213781,49.71458691062,71302400
2024-04-23,52.48746871948242,52.911789609687304,50.80992521604507,50.93820547452524,75917500
2024-04-24,53.0005989074707,54.1847500936434,52.13222463334853,53.60254264669341,72158400
2024-04-25,52.15196228027344,52.48747175321569,49.813265998939286,50.227720648721224,86413600
2024-04-26,54.549861907958984,55.132069352967065,53.05980760731137,53.31637187737516,67997300
2024-04-29,55.201148986816406,55.58600106970766,54.15515176489911,55.33930304351009,51177500
2024-04-30,52.04341125488281,55.11233118447182,52.033541226958974,54.5695963423548,62624300
2024-05-01,50.9184684753418,54.07620380067365,50.59282905499864,51.46120711643531,104038400
2024-05-02,52.80324172973633,53.13875118233186,50.52375446926968,52.2210342609474,62414900
2024-05-03,55.95111083984375,56.35569543593194,54.99392133218825,55.58599882979172,75439000
2024-05-06,57.78654479980469,57.82601362160758,56.365561814136534,56.66159868137973,41265400
2024-05-07,57.78654479980469,58.4476936778374,57.51024046130644,57.94443137995526,46660200
2024-05-08,57.67799758911133,58.24046877122825,56.69120551321315,56.74054436414545,39013600
2024-05-09,57.993770599365234,58.22073232450591,56.98724223288502,57.727336287857554,40719600
2024-05-10,58.38848876953125,59.27660319597248,57.766812435335645,58.575981684176206,46334800
2024-05-13,58.77333450317383,59.17791908380831,58.20099332044986,59.12857647099133,33861000
2024-05-14,59.86867141723633,60.09563689962803,58.497031080322365,58.575976250599986,46476400
2024-05-15,62.63169479370117,62.779711347755025,60.25352602116385,60.87520232395355,65240700
2024-05-16,62.246849060058594,63.352051421883054,62.15803761822438,62.5231496505147,43857600
2024-05-17,62.10868835449219,62.5231429601403,61.2008415033885,62.256708663147826,35049800
2024-05-20,63.391517639160156,63.677688230121404,62.11855878655946,62.1876339272311,37269500
2024-05-21,63.717159271240234,63.81583696572016,62.51327182415884,62.602083254915875,31157000
2024-05-22,63.67768859863281,64.14148205809454,62.58234884119683,63.835578937439244,40019700
2024-05-23,62.730369567871094,65.63154056936904,61.97053924673177,65.62167054097172,65438900
2024-05-24,64.48686218261719,65.01973081966679,63.0954854731964,63.4013923791278,41160500
2024-05-28,65.18748474121094,65.22695732926637,63.944132096283504,64.99012932956015,41593200
2024-05-29,63.825706481933594,64.57567050549292,63.35204301215258,63.39151559535312,39641100
2024-05-30,61.7731819152832,63.45073294708683,61.17124191617489,63.40139033226501,42782400
2024-05-31,61.704105377197266,62.05935111573297,58.181258077239704,61.77318051921111,71873200
2024-06-03,62.306053161621094,63.302715299752876,60.15484606279903,62.88826065651905,55717500
2024-06-04,62.76984405517578,63.282972618000876,61.44754253332725,62.16790029133468,44245900
2024-06-05,66.55912780761719,66.58873789629772,63.79611429227443,64.25990780945607,52435700
2024-06-06,66.48018646240234,66.98344501260293,65.96705035456387,66.84529472094478,36515600
2024-06-07,66.23348999023438,67.42750755534381,65.7400939288523,66.23348999023438,44971700
2024-06-10,66.93411254882812,67.16107052460988,65.60194466782717,65.71048487670548,36226800
2024-06-11,68.31562042236328,68.40442809765749,65.77956502551464,66.43084389688418,35693400
2024-06-12,71.00955963134766,72.0555568631943,69.78593951780758,70.07211013434845,62201300
2024-06-13,72.14437103271484,72.9140676661285,71.11810634528787,72.59829449527606,43642500
2024-06-14,73.19036865234375,73.22984123999582,71.7693931400007,71.98648107914765,35777500
2024-06-17,75.84484100341797,76.69348280717789,72.6969718120614,73.29891559213823,46677300
2024-06-18,75.88430786132812,76.20995103487382,75.05539864945051,75.81523272105713,33216600
2024-06-20,74.09821319580078,76.63427605253364,73.23970891005565,76.43691312063024,52727500
2024-06-21,73.4173355102539,74.53240789974835,72.74631656498143,73.9107315721123,38856500
2024-06-24,70.93061828613281,73.64429674662537,70.85168063449301,72.84499750014996,46877300
2024-06-25,73.29891204833984,73.44693236111857,71.41414315341002,71.82859400628978,39304300
2024-06-26,73.75755310058594,73.9952868556042,72.71746319899364,72.90566562456569,36274800
2024-06-27,74.2924575805664,74.98585082835052,73.22264437762554,73.61887232953916,37057700
2024-06-28,73.12358093261719,76.79857984124483,72.75706879638267,74.5797141441792,53901500
2024-07-01,74.3221664428711,74.57971572127725,71.73678855489932,73.46037885182643,43278700
2024-07-02,76.60047912597656,76.65000289704152,73.53962591518358,73.58915724366818,37475100
2024-07-03,78.48255157470703,78.56179111517743,76.22405462936864,76.22405462936864,28075200
2024-07-05,80.85990905761719,81.07783481159453,78.68066663268314,78.81934528386515,39812300
2024-07-08,81.39481353759766,81.69198638660188,80.5132103249498,81.03820914176038,36682800
2024-07-09,81.57311248779297,82.7023571771785,80.85000350538218,82.13773483248573,36016800
2024-07-10,84.12877655029297,84.39622606368333,81.8900951180673,82.53396457446105,38777400
2024-07-11,78.6014175415039,84.2575489949483,77.95754807306422,84.16840167462347,74664500
2024-07-12,79.8792495727539,82.15755462210937,78.55189462841989,78.75991260219972,50509900
2024-07-15,80.47358703613281,82.83113916709918,79.47312072656727,80.70142056209913,54950200
2024-07-16,80.53302764892578,81.57311752846238,78.98773938052624,81.16698935381083,41818800
2024-07-17,73.45046997070312,76.83820385659261,73.39103087201502,76.60047013409654,71420000
2024-07-18,72.35094451904297,75.2037719955654,70.87500323448907,75.09480912649573,65839200
2024-07-19,70.3896255493164,73.27217656480327,69.77547939619774,72.11321602673769,59124800
2024-07-22,73.46038055419922,73.92594024096613,71.43962494220723,72.95518976184646,56404300
2024-07-23,72.66793060302734,74.42122929653624,72.45000484913388,73.03444278524996,43563500
2024-07-24,64.83255004882812,69.71604136172773,64.43632964359944,69.56746248847688,79787600
2024-07-25,62.673118591308594,66.7047186010417,61.543873824048774,64.9415121243525,94064000
2024-07-26,64.46604919433594,65.71415714726963,63.17831012965423,64.38680208568039,68703500
2024-07-29,64.84246063232422,66.5561434330373,63.91132601341721,65.64481681228104,57820400
2024-07-30,62.1976432800293,65.96178974124471,60.76132174962498,65.65471668365656,71531800
2024-07-31,67.63584899902344,68.34905776752382,65.75377198379618,66.34811766249265,86704200
2024-08-01,62.762264251708984,69.55754782062088,61.117924793415895,67.93302013636861,105346600
2024-08-02,58.18585205078125,60.147172396936625,56.46226544304552,59.08726701460078,104922000
2024-08-05,53.11415100097656,55.659905469132404,48.3396229011015,48.864625481651245,143962200
2024-08-06,54.44150924682617,57.205189435537235,52.63867933660904,53.61934138956476,96454700
2024-08-07,52.688209533691406,57.95802088689798,52.50000333490181,57.02689011261449,91375800
2024-08-08,57.51226806640625,57.79952935829269,53.500472412374286,54.92688998846022,76439600
2024-08-09,58.2948112487793,58.96839647336968,56.46226554519966,56.89811325223064,62796200
2024-08-12,58.691036224365234,59.83018864990843,57.561791575021594,58.67122445067559,54486300
2024-08-13,62.96038055419922,63.108963196965234,60.325474968159476,60.38490651378202,54481400
2024-08-14,63.069339752197266,64.03019004759449,61.28632158507506,63.38632437045268,62355300
2024-08-15,67.81414794921875,67.98254235667017,65.36744870213239,65.50612733855341,53212400
2024-08-16,67.9924545288086,68.60660821367988,66.55613674840464,66.98208046135647,44837600
2024-08-19,70.62735748291016,70.67688124751922,67.24952385943888,68.03207189148137,45799900
2024-08-20,70.19151306152344,71.38018933503204,69.42877294746289,70.23113661162965,48929500
2024-08-21,71.15235900878906,71.97453061892013,69.75565729345179,70.50848958450065,51500400
2024-08-22,67.73490905761719,72.46982149389044,67.2792495459932,72.17264863276098,63748200
2024-08-23,69.8646240234375,71.04340007043533,67.85377610144315,69.53773540508055,64376600
2024-08-26,67.81414794921875,70.00329791834369,66.89292126018256,69.60707000396124,42490700
2024-08-27,68.38868713378906,68.84434665077431,66.21934487131116,67.09104791025675,35766300
2024-08-28,66.07074737548828,68.46792277376305,64.54528242761154,68.1509419647029,59312900
2024-08-29,65.72406005859375,68.7750054991392,65.16934545391992,66.81368127095435,60016800
2024-08-30,67.96273803710938,68.22028732899867,65.5556622070322,67.47736278338743,46473400
2024-09-03,61.76179504394531,66.68490978770315,60.711797392572116,66.6254782398653,73786300
2024-09-04,61.236793518066406,62.77217015510291,60.07783304181428,60.464153200564986,48399200
2024-09-05,61.434906005859375,63.1188690227929,60.14717091480769,60.563206836145035,55085800
2024-09-06,56.45235824584961,61.38537649365773,56.18490497125219,61.028772127527844,84952300
2024-09-09,58.552364349365234,58.9287805355213,56.79906185179476,58.017457734097654,55417500
2024-09-10,60.12736129760742,60.345283263821415,57.65094611878265,59.21603854687087,45791200
2024-09-11,63.960853576660156,64.33726597870866,57.22500476794638,60.602835060150056,81737600
2024-09-12,65.85283660888672,66.25896477358764,63.28726652071661,64.02028330701401,55173500
2024-09-13,66.71461486816406,67.22971339159405,65.42688367442591,65.52593875741832,43983300
2024-09-16,65.82311248779297,66.08066178269354,64.4165104787703,65.79339671480817,41165500
2024-09-17,65.86273956298828,67.61604583713383,64.85236544032627,67.0613236678541,51557200
2024-09-18,65.00094604492188,68.1113227953748,64.7731125312305,66.38773245028119,83198100
2024-09-19,69.91415405273438,71.12264585035335,68.75519358088768,69.63679676621577,57400700
2024-09-20,69.46839141845703,70.01320574580959,67.66556158624341,69.48820697077106,48379800
2024-09-23,69.9834976196289,70.4787806777191,69.37925168416528,69.95378184533065,34918500
2024-09-24,70.97406005859375,71.40990398808634,68.72547085921019,70.60754789392516,40629800
2024-09-25,71.22249603271484,72.03737571045357,70.61630422078952,70.69580652636334,32362400
2024-09-26,72.7330093383789,74.60126802437149,71.13306145586253,74.45220309721486,53501600
2024-09-27,71.48087310791016,73.20007441346515,70.94424393013733,73.16032326158304,41465300
2024-09-30,72.0373764038086,72.16656954704881,69.74180227600928,71.0138088504047,42931400
2024-10-01,68.9865493774414,71.97775747992387,67.27728760459428,71.82869254266252,67380100
2024-10-02,69.24492645263672,70.09955731877054,67.44623030919014,68.57911167466845,39559700
2024-10-03,69.0859146118164,70.36786077698751,67.96297304779367,68.3008540343556,48874700
2024-10-04,71.5206298828125,71.7094459736581,69.34430153214387,71.55044135362863,55350200
2024-10-07,69.16542053222656,71.13306087475405,68.62879134790089,70.60637137395952,41201700
2024-10-08,72.16656494140625,72.52431771534297,69.87098337835285,70.21880405094898,38957000
2024-10-09,73.90564727783203,74.16401841682293,71.61006542589683,72.0671923430627,39348100
2024-10-10,73.64727020263672,74.48202174434991,72.26594973592714,72.86220192025911,43030300
2024-10-11,73.8360824584961,74.33296051654315,72.44482237961283,72.71313319498495,35367600
2024-10-14,75.72420501708984,76.34033647343657,74.7403886889411,74.96895590747903,33845600
2024-10-15,72.70320129394531,76.17140802582233,71.68956580693919,75.87327815746583,53153800
2024-10-16,72.66344451904297,73.03112940225131,71.22249370911717,72.78269039175619,35392100
2024-10-17,72.88207244873047,75.12796347207016,72.79263803441654,75.10809168503076,48848900
2024-10-18,74.1739501953125,74.68076789844217,73.66713249218283,73.99507380489949,32075800
2024-10-21,74.5813980102539,74.94908291331488,72.72307138198023,73.59757401670808,37497900
2024-10-22,74.80001831054688,75.47577276181283,73.00132219572077,73.34913531436708,38154000
2024-10-23,71.34175109863281,74.0050177413103,69.84117726958223,73.70688787956925,59086100
2024-10-24,73.04106903076172,73.33919887583494,71.78893429591386,72.96156672784127,39306400
2024-10-25,74.27333068847656,76.51922165474161,73.92551756094288,74.2335795336502,57413000
2024-10-28,74.3428955078125,75.71428385363949,74.19383815001197,75.71428385363949,34581100
2024-10-29,76.39996337890625,76.97634371495401,73.60751126859047,74.4621420891421,39272600
2024-10-30,74.70063781738281,76.49934135987345,74.47207817974883,76.0720259702135,40236600
2024-10-31,69.016357421875,72.87213590362748,68.99648563604703,72.85225653604223,69452600
2024-11-01,70.48712158203125,71.90819313059448,69.53311662087626,69.64243040013169,48339400
2024-11-04,69.83123779296875,71.31193984045115,69.07598861602935,70.19893027930631,41107200
2024-11-05,72.48456573486328,72.78268798855963,70.47717435056055,70.50698581775451,39676300
2024-11-06,78.36760711669922,78.72535992135872,75.71428013360575,76.18134671645329,59397100
2024-11-07,82.0345687866211,82.4121933738025,79.5998618015025,79.65949232287865,49772600
2024-11-08,82.23331451416016,82.59106730468982,81.398563057429,81.70662501192402,35030000
2024-11-11,82.0842514038086,82.90907077698643,80.67311957758739,82.8096966844757,35403000
2024-11-12,81.6370620727539,82.4519417409535,80.1464279786017,82.02462633069291,34143000
2024-11-13,81.27931213378906,82.57119051163491,80.17624225889519,81.34887475735187,37494500
2024-11-14,79.56011199951172,81.51781275566783,79.12286446528294,81.0805576396816,38825700
2024-11-15,73.80625915527344,76.96640372570629,72.83238246337835,76.7875273318419,60300800
2024-11-18,75.2968978881836,76.26084253781531,73.84601486256796,74.46214638649685,38982600
2024-11-19,76.80741119384766,77.06578990716348,73.95532840858387,74.08452155612052,40044100
2024-11-20,76.71796417236328,76.80740615954603,73.64726161130024,76.66828091882351,50630300
2024-11-21,77.47322082519531,78.38747457248238,74.09444873548551,78.05954083779173,54932800
2024-11-22,77.76141357421875,78.11916637100494,76.3999650096848,77.15522175642866,39967400
2024-11-25,78.1191635131836,80.36505430378973,77.05584484545643,79.65948841976116,45757900
2024-11-26,79.33154296875,79.74891866738766,78.39740990648392,78.79491382117735,34873600
2024-11-27,77.4135971069336,78.81478918216995,75.85340042590073,78.79491739732384,39231800
2024-11-29,79.39116668701172,79.66941715552028,77.3639035256194,77.64215399412797,20432900
2024-12-02,81.96500396728516,82.43206295138216,79.78867574841466,79.9774918278256,36819100
2024-12-03,82.69044494628906,82.80969840883954,81.02093437936959,81.2892527746688,42405400
2024-12-04,85.71145629882812,85.8307097500676,83.98232295551756,84.34007572747929,34996300
2024-12-05,85.00589752197266,86.09902771328285,84.80714175334342,85.71146344165248,27010200
2024-12-06,87.1921615600586,87.32135471052327,85.1847774941678,85.24440043637756,31370300
2024-12-09,85.15496063232422,87.11266131636043,84.54876881904121,86.70521768569995,34788800
2024-12-10,84.23076629638672,86.57603121922563,83.52520039917562,85.71146071217461,35770800
2024-12-11,88.73248291015625,89.0604242421547,86.13877888754554,86.33752707446483,37448900
2024-12-12,86.97352600097656,88.21572106120493,86.73502667230467,87.57971779690857,33174200
2024-12-13,88.841796875,90.20323787996107,87.30147188697373,88.86166866103093,39831800
2024-12-16,92.70750427246094,93.20438230527608,90.10386065107701,90.15355148706138,34983800
2024-12-17,91.4653091430664,92.32987964914969,90.60073863698314,91.75349931176083,34584100
2024-12-18,81.57743072509766,91.99199749313668,80.78243043200942,91.07774374429457,67424600
2024-12-19,80.4246826171875,84.0022031115873,80.24580621337964,83.74382439902985,56658800
2024-12-20,82.51156616210938,85.32389768993042,78.00985232991036,78.5663533089041,72620500
2024-12-23,84.80978393554688,84.98925474942475,81.58928960651016,83.2045193244592,41822900
2024-12-24,88.17984771728516,88.21973096629445,85.38808114225009,85.6971668133822,24069800
2024-12-26,87.99040222167969,88.81796250450385,86.33528165603136,87.36225817944965,29531000
2024-12-27,84.41096496582031,86.33528031064205,82.0379611849159,86.1159338598343,51069500
2024-12-30,81.02096557617188,82.81566608464675,79.17640910623172,80.96113690102318,51422000
